{
"type": "FeatureCollection",
"name": "flood",
"crs": { "type": "name", "properties": { "name": "urn:ogc:def:crs:OGC:1.3:CRS84" } },
"features": [
{ "type": "Feature", "properties": { "fid": "F_5659" }, "geometry": { "type": "Polygon", "coordinates": [ [ [ 13.290613651436315, 52.650382622407719 ], [ 13.290672335376199, 52.650450411132034 ], [ 13.291930090961165, 52.649226456554423 ], [ 13.291383314580861, 52.649563584305199 ], [ 13.290679188982914, 52.65036906350506 ], [ 13.290628455820237, 52.650306606637464 ], [ 13.290767957846576, 52.650216689707996 ], [ 13.290459303331799, 52.650041880019998 ], [ 13.290554900035918, 52.649910553572738 ], [ 13.290658169632248, 52.64999932133054 ], [ 13.290821209699345, 52.64990963803556 ], [ 13.290732029297558, 52.649701365415119 ], [ 13.290636518293848, 52.649770493117487 ], [ 13.290020723423288, 52.649388583644829 ], [ 13.289779779457742, 52.649403298478916 ], [ 13.289635132526174, 52.649213312078025 ], [ 13.289473851582631, 52.649368150255803 ], [ 13.289518789059297, 52.649616474629831 ], [ 13.289757299878255, 52.649678149398831 ], [ 13.28984519807379, 52.650118555706342 ], [ 13.290036869659033, 52.650076894054827 ], [ 13.290361459946014, 52.650639266306484 ], [ 13.2904776583536, 52.650482073600706 ], [ 13.290613651436315, 52.650382622407719 ] ], [ [ 13.289989359866501, 52.649877825339054 ], [ 13.290072780337461, 52.649847017540608 ], [ 13.290038474722879, 52.650039090084277 ], [ 13.289989359866501, 52.649877825339054 ] ] ] } },
{ "type": "Feature", "properties": { "fid": "F_5721" }, "geometry": { "type": "Polygon", "coordinates": [ [ [ 13.291908622673503, 52.650449872834564 ], [ 13.291714963355659, 52.650194384456711 ], [ 13.291095033035678, 52.650321290939644 ], [ 13.290960367300764, 52.650277167885598 ], [ 13.290980438887022, 52.65037592013455 ], [ 13.290823440451991, 52.650526045967702 ], [ 13.29085004041216, 52.650656923459785 ], [ 13.291201809914295, 52.650830298265298 ], [ 13.291787016292282, 52.650719220218718 ], [ 13.292113079069347, 52.650550649817475 ], [ 13.291908622673503, 52.650449872834564 ] ] ] } },
{ "type": "Feature", "properties": { "fid": "F_5886" }, "geometry": { "type": "Polygon", "coordinates": [ [ [ 13.302323204331701, 52.65149531339636 ], [ 13.302371775067568, 52.651390523167969 ], [ 13.302167748469417, 52.651454223117518 ], [ 13.302323204331701, 52.65149531339636 ] ] ] } },
{ "type": "Feature", "properties": { "fid": "F_6040" }, "geometry": { "type": "Polygon", "coordinates": [ [ [ 13.279993369612354, 52.651338813374544 ], [ 13.28002994977788, 52.651104243104676 ], [ 13.279756072419422, 52.651117229156803 ], [ 13.279631271314626, 52.651524438524859 ], [ 13.279755867578189, 52.651583988080525 ], [ 13.279993369612354, 52.651338813374544 ] ] ] } },
{ "type": "Feature", "properties": { "fid": "F_6087" }, "geometry": { "type": "Polygon", "coordinates": [ [ [ 13.28715872655961, 52.651782947261957 ], [ 13.287138004342221, 52.651699937324182 ], [ 13.287084442733736, 52.651762326710859 ], [ 13.28715872655961, 52.651782947261957 ] ] ] } },
{ "type": "Feature", "properties": { "fid": "F_6221" }, "geometry": { "type": "Polygon", "coordinates": [ [ [ 13.286974394084714, 52.651960102517258 ], [ 13.287033496566591, 52.651960957062478 ], [ 13.28701012296132, 52.651802503076077 ], [ 13.286974394084714, 52.651960102517258 ] ] ] } },
{ "type": "Feature", "properties": { "fid": "F_6263" }, "geometry": { "type": "Polygon", "coordinates": [ [ [ 13.286974394084714, 52.651960102517258 ], [ 13.286849491074866, 52.651875304070607 ], [ 13.286894594462717, 52.652011875170984 ], [ 13.286974394084714, 52.651960102517258 ] ] ] } },
{ "type": "Feature", "properties": { "fid": "F_6478" }, "geometry": { "type": "Polygon", "coordinates": [ [ [ 13.274965332066335, 52.65207356797319 ], [ 13.275051512923492, 52.65199683444407 ], [ 13.275233597338651, 52.652062160306954 ], [ 13.275436621033448, 52.651696342940063 ], [ 13.27538048354508, 52.651192765433699 ], [ 13.275036039463162, 52.651010862801265 ], [ 13.274606625975418, 52.651365707626276 ], [ 13.274515580566673, 52.651534826622289 ], [ 13.274383647309168, 52.651437059206899 ], [ 13.274248765380632, 52.651554558291735 ], [ 13.274420868321926, 52.651770233396128 ], [ 13.274965332066335, 52.65207356797319 ] ] ] } },
{ "type": "Feature", "properties": { "fid": "F_6561" }, "geometry": { "type": "Polygon", "coordinates": [ [ [ 13.287246991500361, 52.652125881999858 ], [ 13.287323389531851, 52.652109004397524 ], [ 13.28715872655961, 52.651782947261957 ], [ 13.287136134643747, 52.65208020172193 ], [ 13.287033496566591, 52.651960957062478 ], [ 13.287002013174522, 52.652223787669485 ], [ 13.286937858778154, 52.652138322871892 ], [ 13.286797427145666, 52.652276372473182 ], [ 13.286867912123947, 52.652341717203363 ], [ 13.287116392227182, 52.652306745231485 ], [ 13.287092825337083, 52.652234846781774 ], [ 13.287253653198359, 52.652338461340776 ], [ 13.287389723309113, 52.652249937594611 ], [ 13.287246991500361, 52.652125881999858 ] ], [ [ 13.287115566691874, 52.652225972729767 ], [ 13.287066174491498, 52.652129588569736 ], [ 13.287146081469425, 52.652106441102184 ], [ 13.287211961646697, 52.652192087133635 ], [ 13.287115566691874, 52.652225972729767 ] ] ] } },
{ "type": "Feature", "properties": { "fid": "F_6576" }, "geometry": { "type": "Polygon", "coordinates": [ [ [ 13.289086647578113, 52.652386229326858 ], [ 13.289164250587728, 52.652367348474101 ], [ 13.289113516512769, 52.652304889318302 ], [ 13.289086647578113, 52.652386229326858 ] ] ] } },
{ "type": "Feature", "properties": { "fid": "F_6673" }, "geometry": { "type": "Polygon", "coordinates": [ [ [ 13.274965332066335, 52.65207356797319 ], [ 13.274878316382019, 52.652113900953225 ], [ 13.275069583856011, 52.652306867827804 ], [ 13.274965332066335, 52.65207356797319 ] ] ] } },
{ "type": "Feature", "properties": { "fid": "F_6817" }, "geometry": { "type": "Polygon", "coordinates": [ [ [ 13.293206419854503, 52.65264675509583 ], [ 13.2930130648143, 52.652683217287837 ], [ 13.293058315909146, 52.652790936021589 ], [ 13.293206419854503, 52.65264675509583 ] ] ] } },
{ "type": "Feature", "properties": { "fid": "F_6856" }, "geometry": { "type": "Polygon", "coordinates": [ [ [ 13.265689806438665, 52.650355725460962 ], [ 13.265547990949473, 52.650426489232046 ], [ 13.26516615857628, 52.650733988829856 ], [ 13.265172161024037, 52.650798963286789 ], [ 13.264856153540217, 52.650866650201678 ], [ 13.264598775908887, 52.651274675745285 ], [ 13.264014726648867, 52.651534656444106 ], [ 13.263861280574192, 52.651731547214119 ], [ 13.263932852848823, 52.651744904937068 ], [ 13.263723331474964, 52.651793130238886 ], [ 13.263579720955924, 52.651961432842171 ], [ 13.263755621014475, 52.652113224096439 ], [ 13.263801482840178, 52.652398326402775 ], [ 13.264011529293871, 52.652417068452394 ], [ 13.264226280003893, 52.652312322408406 ], [ 13.264291833195902, 52.652043199111112 ], [ 13.264374800464148, 52.65199701898279 ], [ 13.264186366710057, 52.651760771514788 ], [ 13.264547093899544, 52.651723400800478 ], [ 13.264548331633856, 52.651516396566571 ], [ 13.265025418429612, 52.651439040979803 ], [ 13.264886443292273, 52.651264789609336 ], [ 13.265243394984376, 52.651174925441133 ], [ 13.265039523499849, 52.651049928192599 ], [ 13.265045194262276, 52.650972359190135 ], [ 13.26551629437558, 52.650985121339794 ], [ 13.26528682566312, 52.651112886906191 ], [ 13.26612847153112, 52.651225286654721 ], [ 13.266343497666712, 52.651104542013407 ], [ 13.26640700689998, 52.65087760454157 ], [ 13.266587723972041, 52.650744505639075 ], [ 13.266931250021337, 52.65070452401649 ], [ 13.266944854759524, 52.650547063100483 ], [ 13.267097955927929, 52.650458830770674 ], [ 13.26696906648246, 52.650239281349087 ], [ 13.267236463397401, 52.650358389789382 ], [ 13.267324002808, 52.650289954925718 ], [ 13.267206428391235, 52.65003727572973 ], [ 13.267235545992346, 52.64991828982825 ], [ 13.266914467724904, 52.649962534813568 ], [ 13.266762590695958, 52.649528249925623 ], [ 13.267091705806193, 52.649569080741173 ], [ 13.267205511730673, 52.649745053331557 ], [ 13.267294080965948, 52.649753073907334 ], [ 13.267371599721434, 52.649697013735292 ], [ 13.267278121872865, 52.649680965908111 ], [ 13.267238631745421, 52.649458000423451 ], [ 13.267097634364461, 52.649319123181854 ], [ 13.266884952458804, 52.649230086197527 ], [ 13.266822711485746, 52.649364147826503 ], [ 13.266583198353768, 52.649509680768318 ], [ 13.266554169010535, 52.649433306805626 ], [ 13.266435972137979, 52.649431577316761 ], [ 13.26645282672389, 52.649604408810596 ], [ 13.266271542763604, 52.6495879890225 ], [ 13.266267163041293, 52.649449072401481 ], [ 13.265978277379697, 52.64965797902974 ], [ 13.266067159847369, 52.649785821903784 ], [ 13.266355048941932, 52.649638609661181 ], [ 13.266448994210171, 52.649766912662514 ], [ 13.266126258748203, 52.649786686850916 ], [ 13.265656991467443, 52.650202853852861 ], [ 13.265689806438665, 52.650355725460962 ] ], [ [ 13.265689806438665, 52.650355725460962 ], [ 13.265841606336174, 52.650335399693823 ], [ 13.26600654331485, 52.650433728978584 ], [ 13.265689806438665, 52.650355725460962 ] ], [ [ 13.266283753023824, 52.650381064559291 ], [ 13.26632657711332, 52.650132067869613 ], [ 13.266247697130416, 52.650095494286944 ], [ 13.266004858104177, 52.650197161967291 ], [ 13.266040972289472, 52.649987226833098 ], [ 13.266473742925367, 52.649971592825189 ], [ 13.266505913708425, 52.650235682750058 ], [ 13.266283753023824, 52.650381064559291 ] ], [ [ 13.266008934715495, 52.650701247611096 ], [ 13.266208904508686, 52.65068700103474 ], [ 13.26617385123563, 52.650770901473948 ], [ 13.266008934715495, 52.650701247611096 ] ], [ [ 13.265851051355426, 52.651047094982601 ], [ 13.26564129673819, 52.65097113031166 ], [ 13.265903447346444, 52.650934279718463 ], [ 13.265851051355426, 52.651047094982601 ] ], [ [ 13.265235970076059, 52.650834825752192 ], [ 13.265375811927276, 52.65081866295106 ], [ 13.265298645822064, 52.650899592862316 ], [ 13.265235970076059, 52.650834825752192 ] ] ] } },
{ "type": "Feature", "properties": { "fid": "F_6928" }, "geometry": { "type": "Polygon", "coordinates": [ [ [ 13.284105105604709, 52.652745754811029 ], [ 13.283964271202274, 52.652795745936459 ], [ 13.284102290499456, 52.652817642206273 ], [ 13.284105105604709, 52.652745754811029 ] ] ] } },
{ "type": "Feature", "properties": { "fid": "F_6933" }, "geometry": { "type": "Polygon", "coordinates": [ [ [ 13.263924087307858, 52.652533477991611 ], [ 13.26395100285219, 52.652452145739169 ], [ 13.263873390112545, 52.652471009994755 ], [ 13.263924087307858, 52.652533477991611 ] ] ] } },
{ "type": "Feature", "properties": { "fid": "F_6961" }, "geometry": { "type": "Polygon", "coordinates": [ [ [ 13.284105105604709, 52.652745754811029 ], [ 13.284161394048894, 52.652818498193497 ], [ 13.284873265125002, 52.652745761231479 ], [ 13.285111424127813, 52.65288388139701 ], [ 13.285368724137646, 52.652848373978337 ], [ 13.285324636548674, 52.652585521814153 ], [ 13.28525735686839, 52.65275892358197 ], [ 13.285169843659364, 52.65239313595265 ], [ 13.284939312788023, 52.652303961748359 ], [ 13.284632352842104, 52.65229115947902 ], [ 13.284306982351962, 52.652552719291251 ], [ 13.28432464372986, 52.652639636002029 ], [ 13.284105105604709, 52.652745754811029 ] ] ] } },
{ "type": "Feature", "properties": { "fid": "F_6972" }, "geometry": { "type": "Polygon", "coordinates": [ [ [ 13.283923572166646, 52.652851017761719 ], [ 13.283860098074808, 52.65279847021943 ], [ 13.283783852690902, 52.652882113168559 ], [ 13.283923572166646, 52.652851017761719 ] ] ] } },
{ "type": "Feature", "properties": { "fid": "F_7062" }, "geometry": { "type": "Polygon", "coordinates": [ [ [ 13.283507031036086, 52.652916911771158 ], [ 13.283578611497923, 52.652930257689569 ], [ 13.283359292041148, 52.652943024562589 ], [ 13.28362489005017, 52.65300784461477 ], [ 13.28383064989541, 52.652929923670712 ], [ 13.283584393100458, 52.652868494155221 ], [ 13.283507031036086, 52.652916911771158 ] ] ] } },
{ "type": "Feature", "properties": { "fid": "F_7110" }, "geometry": { "type": "Polygon", "coordinates": [ [ [ 13.283329720059323, 52.652914342738747 ], [ 13.283166074502367, 52.6529252456262 ], [ 13.283159728059188, 52.653010921224471 ], [ 13.283344527665374, 52.653060396886865 ], [ 13.283329720059323, 52.652914342738747 ] ] ] } },
{ "type": "Feature", "properties": { "fid": "F_7118" }, "geometry": { "type": "Polygon", "coordinates": [ [ [ 13.298094642679565, 52.653079085263954 ], [ 13.298520964243989, 52.653217333048829 ], [ 13.298577166215866, 52.653170254188808 ], [ 13.298447872916821, 52.653120122857715 ], [ 13.298500927820948, 52.653089346063204 ], [ 13.298842931194111, 52.653251107525342 ], [ 13.299371316340102, 52.653222079986556 ], [ 13.299049384956062, 52.652973876121649 ], [ 13.298424183031718, 52.652980983469405 ], [ 13.297403988005527, 52.652590285183663 ], [ 13.29747652742658, 52.652579018757436 ], [ 13.297420872917382, 52.65249276876466 ], [ 13.297751692772852, 52.652206702582802 ], [ 13.297548199693546, 52.652256372507381 ], [ 13.297456214242272, 52.65237126644061 ], [ 13.29734676916987, 52.652335853333298 ], [ 13.298061863114008, 52.651888588820448 ], [ 13.297995654388224, 52.651677823061981 ], [ 13.297470493376935, 52.651212299199848 ], [ 13.297097240396999, 52.651067590665967 ], [ 13.297202464885853, 52.651013946448423 ], [ 13.297473286394736, 52.651140411284047 ], [ 13.297285673684694, 52.650975876940819 ], [ 13.297362065980913, 52.650958992812583 ], [ 13.297291881949628, 52.650909709621288 ], [ 13.297344934942451, 52.65087893331777 ], [ 13.297438459121045, 52.650942108647513 ], [ 13.297360669391443, 52.650994936769628 ], [ 13.29752223082501, 52.651025548031711 ], [ 13.298384367449748, 52.651672993779869 ], [ 13.298500444875215, 52.651578850506233 ], [ 13.298759145734403, 52.651635089218964 ], [ 13.299030154271883, 52.651452663507854 ], [ 13.299444137996003, 52.651478888324469 ], [ 13.299542571678257, 52.651297302087819 ], [ 13.299839444990711, 52.651265634912768 ], [ 13.299680108709556, 52.65147345864785 ], [ 13.300160172665837, 52.651358530409837 ], [ 13.300149763868383, 52.651246889116671 ], [ 13.300410098163681, 52.65112996658943 ], [ 13.30050851062539, 52.651347162400057 ], [ 13.300765756309987, 52.651380177264613 ], [ 13.30129777003178, 52.651015593078377 ], [ 13.301415126214465, 52.650841740968197 ], [ 13.301205319634935, 52.650726451134787 ], [ 13.301481727448595, 52.650588383367655 ], [ 13.301366223802498, 52.650455199941298 ], [ 13.301557418257236, 52.650359689221872 ], [ 13.301644255590963, 52.650140672633242 ], [ 13.301941882416081, 52.65024733331088 ], [ 13.302025449324187, 52.650351893529361 ], [ 13.301856928177655, 52.650420000230845 ], [ 13.301809514229756, 52.650323194155817 ], [ 13.301674635873699, 52.650376015646025 ], [ 13.301870489365619, 52.650506330209751 ], [ 13.301635177047654, 52.650821205933219 ], [ 13.30174254638659, 52.650842045197756 ], [ 13.301254838249884, 52.6513923010599 ], [ 13.301510557138977, 52.651429807665927 ], [ 13.301966490714541, 52.651271344256756 ], [ 13.302413629565063, 52.65132302309059 ], [ 13.302387358373366, 52.651193962414638 ], [ 13.302573379458511, 52.651161963771678 ], [ 13.302491371848218, 52.651356272808279 ], [ 13.302626615912036, 52.651387289125395 ], [ 13.303143886488499, 52.650793409826747 ], [ 13.303437117608539, 52.650630450438115 ], [ 13.303611890947154, 52.650637165965541 ], [ 13.303631693323819, 52.650446795748827 ], [ 13.30341040811023, 52.650585357153368 ], [ 13.303264302044056, 52.650484804431926 ], [ 13.303094683498973, 52.650591004654792 ], [ 13.302965352266888, 52.650525932553343 ], [ 13.302847712602617, 52.650246493855789 ], [ 13.302988522295909, 52.649942131983231 ], [ 13.303177410600028, 52.649799418554281 ], [ 13.302822394923528, 52.649745373978419 ], [ 13.302908548000527, 52.649330966343001 ], [ 13.302751683024713, 52.649401017627362 ], [ 13.302284564219063, 52.649968010415748 ], [ 13.302128658693322, 52.64988202827994 ], [ 13.302034661612431, 52.649407671738722 ], [ 13.301819738641514, 52.649315065891422 ], [ 13.301725109091073, 52.649101525803374 ], [ 13.301966845944335, 52.648912685711515 ], [ 13.302007594047128, 52.648580111427762 ], [ 13.301768206172348, 52.64876645710055 ], [ 13.301617698669856, 52.648779751205488 ], [ 13.302047827359207, 52.648248161369764 ], [ 13.301687721172483, 52.648376476420829 ], [ 13.301340811346932, 52.648839667905428 ], [ 13.30081865414763, 52.648880418889455 ], [ 13.300915330778974, 52.64861391856833 ], [ 13.300614695833493, 52.648624270741699 ], [ 13.300011602392466, 52.648785059052969 ], [ 13.300026308390578, 52.64894299957021 ], [ 13.299477077347575, 52.648952923163058 ], [ 13.299352660767793, 52.64924466312204 ], [ 13.29912134250063, 52.649415823554648 ], [ 13.298990917495695, 52.649423731142711 ], [ 13.299207653864046, 52.649115372786191 ], [ 13.298572867883797, 52.649557791712965 ], [ 13.298353527376504, 52.649610326578987 ], [ 13.298501235794568, 52.649710892555717 ], [ 13.297977987364719, 52.64964932404132 ], [ 13.298160236293269, 52.649808846321555 ], [ 13.298014667938022, 52.649869482051045 ], [ 13.298032076104139, 52.649798154735947 ], [ 13.297933439772311, 52.649747743729556 ], [ 13.297991076741416, 52.649511539842621 ], [ 13.297292568334306, 52.649568514498576 ], [ 13.297045006791052, 52.649747691488209 ], [ 13.297167068496607, 52.650033047426895 ], [ 13.296692912804456, 52.650068079295636 ], [ 13.297079651407561, 52.650114765697609 ], [ 13.297055015559122, 52.650215682803442 ], [ 13.297294887819314, 52.650405062282566 ], [ 13.297788228517097, 52.650108827423324 ], [ 13.297777859860698, 52.650046093701938 ], [ 13.298102535598227, 52.650025119770611 ], [ 13.297568020733054, 52.65053551073138 ], [ 13.29744518401529, 52.650580580109384 ], [ 13.297276867041665, 52.650474237200584 ], [ 13.297006942821909, 52.650700033195527 ], [ 13.297143727416051, 52.650824307526712 ], [ 13.297013044822659, 52.650810120268083 ], [ 13.297085330155772, 52.650907460320994 ], [ 13.297031261103983, 52.651002617031523 ], [ 13.297010251083387, 52.650882008170726 ], [ 13.29678235028606, 52.650790875436279 ], [ 13.296130283693845, 52.650886001714632 ], [ 13.295891302317889, 52.650800347580741 ], [ 13.295215996098657, 52.650789525865811 ], [ 13.295070974325679, 52.650887129771405 ], [ 13.294591462069015, 52.650816255125505 ], [ 13.294433171612527, 52.651084496458786 ], [ 13.294897163584549, 52.651194800115093 ], [ 13.295328047500739, 52.651197278384338 ], [ 13.295435292911664, 52.651125102186718 ], [ 13.295481765732196, 52.651354164058759 ], [ 13.295364924569634, 52.651458811103851 ], [ 13.295606234436182, 52.651450516736389 ], [ 13.295536086214016, 52.651599265685796 ], [ 13.295458990396963, 52.651631590173089 ], [ 13.295329072596772, 52.651535369667393 ], [ 13.295286873333996, 52.65162035156861 ], [ 13.295116174412092, 52.65158971168556 ], [ 13.295030395259872, 52.651654082991442 ], [ 13.294650460470555, 52.651546534641298 ], [ 13.294457944574525, 52.651631654008092 ], [ 13.294457722721988, 52.651733819282413 ], [ 13.293838253835936, 52.651711675717571 ], [ 13.293893603100967, 52.651952052697034 ], [ 13.29396518529904, 52.651965392355251 ], [ 13.293799712763285, 52.651967346361083 ], [ 13.293897571275032, 52.652137881970241 ], [ 13.293767158075351, 52.652182329210405 ], [ 13.293686720698737, 52.651999717976949 ], [ 13.293563604523182, 52.652040283288656 ], [ 13.29343662029371, 52.651908154820759 ], [ 13.29298250865364, 52.652511016035433 ], [ 13.293050746924353, 52.652567614065156 ], [ 13.293247458510889, 52.652405256335229 ], [ 13.293306236211222, 52.652538666683633 ], [ 13.29359570273874, 52.652698299343655 ], [ 13.29344090227638, 52.652537374832157 ], [ 13.29349445587186, 52.652474982511514 ], [ 13.293515190489726, 52.652557991431166 ], [ 13.293618105247859, 52.652545653018734 ], [ 13.293575778569274, 52.652472131373621 ], [ 13.293720976076171, 52.652380642330314 ], [ 13.293519576422815, 52.652423522013549 ], [ 13.293444787630994, 52.6522960256967 ], [ 13.293685074227216, 52.652223696298556 ], [ 13.294021940660258, 52.652452972017841 ], [ 13.29432868692356, 52.652376820155339 ], [ 13.294378703211606, 52.652253563185049 ], [ 13.294544677898136, 52.652331795480087 ], [ 13.29463424984157, 52.652241295216974 ], [ 13.294782050500341, 52.652342465822485 ], [ 13.29470565392185, 52.652359348241703 ], [ 13.29476669729959, 52.65243868580869 ], [ 13.294591567592624, 52.652555226190316 ], [ 13.294693064268376, 52.652682843322822 ], [ 13.294829749240924, 52.65270279265679 ], [ 13.294691665403173, 52.652718787219527 ], [ 13.294745744690857, 52.652808632227995 ], [ 13.294417112252226, 52.653033470930282 ], [ 13.294822122625266, 52.653003002516002 ], [ 13.295215925670551, 52.652710668067535 ], [ 13.295170392828437, 52.652871622717107 ], [ 13.295233616917058, 52.652958034838335 ], [ 13.295319676218487, 52.65278594984084 ], [ 13.295586623449042, 52.652751965574573 ], [ 13.295532051934986, 52.652944889928243 ], [ 13.295186501062593, 52.653017940260298 ], [ 13.295349759596791, 52.653044048785453 ], [ 13.29535991831551, 52.653113172278736 ], [ 13.295832958537519, 52.653155889313297 ], [ 13.296290744853792, 52.652660820208652 ], [ 13.29662929628871, 52.652659998532044 ], [ 13.296688255538823, 52.652559803292796 ], [ 13.296926117627887, 52.652641525829686 ], [ 13.296874314616392, 52.65285807549062 ], [ 13.297008066874815, 52.652874396142622 ], [ 13.296670387570305, 52.652863836295182 ], [ 13.296881811503912, 52.653223513068035 ], [ 13.297258375881118, 52.652865807912882 ], [ 13.297305161538478, 52.653100017580648 ], [ 13.297679498660607, 52.653145207664714 ], [ 13.297772242016634, 52.653288428922927 ], [ 13.298316742798932, 52.653222110724009 ], [ 13.298094642679565, 52.653079085263954 ] ], [ [ 13.30174254638659, 52.650842045197756 ], [ 13.302064986641028, 52.650508152016798 ], [ 13.302189909706348, 52.650616516192258 ], [ 13.302039208480014, 52.650825416702638 ], [ 13.30174254638659, 52.650842045197756 ] ], [ [ 13.302369017413699, 52.650144334408417 ], [ 13.302608950236884, 52.649847469231673 ], [ 13.302545204448988, 52.650155497587605 ], [ 13.302369017413699, 52.650144334408417 ] ], [ [ 13.302208394845849, 52.651028541952698 ], [ 13.302343834951285, 52.651163678998799 ], [ 13.302063505347725, 52.651050856590331 ], [ 13.302208394845849, 52.651028541952698 ] ], [ [ 13.300618961592905, 52.650137068557335 ], [ 13.301002099886565, 52.650112148781396 ], [ 13.301246644804868, 52.650214907182175 ], [ 13.300837964079825, 52.650491666098318 ], [ 13.300641165397433, 52.650479203238824 ], [ 13.300748085820187, 52.650314261130639 ], [ 13.300618961592905, 52.650137068557335 ] ], [ [ 13.301041190420268, 52.650963535161431 ], [ 13.300804487133581, 52.651123435007726 ], [ 13.300775893849247, 52.650982875242811 ], [ 13.301041190420268, 52.650963535161431 ] ], [ [ 13.300730853452821, 52.651007358940404 ], [ 13.300689911041628, 52.651165132211645 ], [ 13.300521331989232, 52.651115915800304 ], [ 13.300730853452821, 52.651007358940404 ] ], [ [ 13.299548432018483, 52.650968072566656 ], [ 13.299770473696253, 52.65073296366436 ], [ 13.300387396646688, 52.650714720164409 ], [ 13.300494731447071, 52.65094191248668 ], [ 13.299548432018483, 52.650968072566656 ] ], [ [ 13.298803472605602, 52.651399185037185 ], [ 13.298495183227041, 52.651487899610089 ], [ 13.298449262238581, 52.651383737078376 ], [ 13.298803472605602, 52.651399185037185 ] ], [ [ 13.297684830905126, 52.65289128842447 ], [ 13.297787527609957, 52.652860417422801 ], [ 13.298064687748813, 52.652995382268998 ], [ 13.297684830905126, 52.65289128842447 ] ], [ [ 13.297264576024551, 52.651407370337282 ], [ 13.29740440874483, 52.651391169647731 ], [ 13.297327300292693, 52.651472120897772 ], [ 13.297264576024551, 52.651407370337282 ] ], [ [ 13.296793603506368, 52.652189595922295 ], [ 13.296822761255699, 52.652070146716724 ], [ 13.297201961209536, 52.652035612555892 ], [ 13.297272637473364, 52.652155845313786 ], [ 13.296793603506368, 52.652189595922295 ] ], [ [ 13.295741266276885, 52.652603889350644 ], [ 13.295997539607651, 52.652593720238023 ], [ 13.295967515422058, 52.652676699966015 ], [ 13.295741266276885, 52.652603889350644 ] ], [ [ 13.295733612638028, 52.65253041068528 ], [ 13.295689336612813, 52.65239108046412 ], [ 13.295828616338218, 52.652375506389234 ], [ 13.295901859734085, 52.652472756656209 ], [ 13.295733612638028, 52.65253041068528 ] ], [ [ 13.294920899261708, 52.652286004523454 ], [ 13.295123572273802, 52.652257470759785 ], [ 13.295021970669326, 52.652342581136132 ], [ 13.294920899261708, 52.652286004523454 ] ], [ [ 13.294564070453502, 52.650900995006339 ], [ 13.294703902479656, 52.650884797497703 ], [ 13.294626789990826, 52.650965746962299 ], [ 13.294564070453502, 52.650900995006339 ] ], [ [ 13.294675926607795, 52.651603675608044 ], [ 13.294632131632307, 52.651689143022054 ], [ 13.294530468122367, 52.651626709867159 ], [ 13.294675926607795, 52.651603675608044 ] ], [ [ 13.293941206331461, 52.651792919484663 ], [ 13.294018805362976, 52.651774035410824 ], [ 13.293991945920906, 52.651855374972641 ], [ 13.293941206331461, 52.651792919484663 ] ] ] } },
{ "type": "Feature", "properties": { "fid": "F_7157" }, "geometry": { "type": "Polygon", "coordinates": [ [ [ 13.285191531959729, 52.653141968706677 ], [ 13.285157714688173, 52.653048707767326 ], [ 13.284955506564003, 52.653065097448504 ], [ 13.285018940574757, 52.653169271929123 ], [ 13.285191531959729, 52.653141968706677 ] ] ] } },
{ "type": "Feature", "properties": { "fid": "F_7230" }, "geometry": { "type": "Polygon", "coordinates": [ [ [ 13.274592617423801, 52.653032639539333 ], [ 13.274556369731297, 52.652901601189939 ], [ 13.274262536991264, 52.652897038917644 ], [ 13.274299382149554, 52.653075571602429 ], [ 13.274437564211153, 52.653145665648132 ], [ 13.274592617423801, 52.653032639539333 ] ] ] } },
{ "type": "Feature", "properties": { "fid": "F_7250" }, "geometry": { "type": "Polygon", "coordinates": [ [ [ 13.287789306974707, 52.653242811304054 ], [ 13.287875092403944, 52.653123972355459 ], [ 13.287708630001037, 52.653137879887872 ], [ 13.287747371872067, 52.653274060691388 ], [ 13.287455617972672, 52.653316379366146 ], [ 13.28792499738619, 52.653379865727288 ], [ 13.287789306974707, 52.653242811304054 ] ] ] } },
{ "type": "Feature", "properties": { "fid": "F_7479" }, "geometry": { "type": "Polygon", "coordinates": [ [ [ 13.27868858000658, 52.653638213859345 ], [ 13.278650805238305, 52.653533986163552 ], [ 13.278834014721022, 52.6535617776427 ], [ 13.278790543264385, 52.653438591235997 ], [ 13.278548223246597, 52.653260500676474 ], [ 13.278591672311876, 52.653154591821824 ], [ 13.278456921818618, 52.653193197765596 ], [ 13.278419353630106, 52.653414776992896 ], [ 13.27868858000658, 52.653638213859345 ] ] ] } },
{ "type": "Feature", "properties": { "fid": "F_7542" }, "geometry": { "type": "Polygon", "coordinates": [ [ [ 13.276866237049418, 52.653359974757826 ], [ 13.276182845060275, 52.653431934461935 ], [ 13.276124328042533, 52.653525120620067 ], [ 13.276241346391995, 52.65358280642959 ], [ 13.27621455408687, 52.653677349242649 ], [ 13.276866237049418, 52.653359974757826 ] ] ] } },
{ "type": "Feature", "properties": { "fid": "F_7551" }, "geometry": { "type": "Polygon", "coordinates": [ [ [ 13.288270566971278, 52.653597219543272 ], [ 13.288358312922522, 52.653792233066419 ], [ 13.288520505441554, 52.65377276537015 ], [ 13.288553878829649, 52.653867583417664 ], [ 13.289090724881442, 52.653875495172706 ], [ 13.289177295459613, 52.653712431013084 ], [ 13.288973864431256, 52.653801879448615 ], [ 13.288834092789985, 52.653691968647138 ], [ 13.288270566971278, 52.653597219543272 ] ] ] } },
{ "type": "Feature", "properties": { "fid": "F_7607" }, "geometry": { "type": "Polygon", "coordinates": [ [ [ 13.278333953139859, 52.653633061062166 ], [ 13.27850561780658, 52.653779411939553 ], [ 13.278490316350432, 52.653641900296073 ], [ 13.278333953139859, 52.653633061062166 ] ] ] } },
{ "type": "Feature", "properties": { "fid": "F_7609" }, "geometry": { "type": "Polygon", "coordinates": [ [ [ 13.275854844405268, 52.653573530380157 ], [ 13.275523819788438, 52.653423223560488 ], [ 13.275237548865288, 52.653420865153429 ], [ 13.27514614303996, 52.653489425112696 ], [ 13.274625946529238, 52.653183513980061 ], [ 13.274537470557242, 52.653274453786459 ], [ 13.274276194444184, 52.653314620090995 ], [ 13.274268304028316, 52.653696026959977 ], [ 13.274697542392365, 52.653709021749705 ], [ 13.27475801964262, 52.653553278268127 ], [ 13.274814806048655, 52.653643787197126 ], [ 13.275066536660056, 52.653648840868023 ], [ 13.275041881780693, 52.653527313168539 ], [ 13.275247304510234, 52.65353030384464 ], [ 13.275219452969139, 52.653628571435327 ], [ 13.27529567219038, 52.653691686962851 ], [ 13.27580620451287, 52.653745196884309 ], [ 13.275854844405268, 52.653573530380157 ] ] ] } },
{ "type": "Feature", "properties": { "fid": "F_7847" }, "geometry": { "type": "Polygon", "coordinates": [ [ [ 13.278909467520023, 52.654037027996218 ], [ 13.278682931834524, 52.653781988218874 ], [ 13.27850561780658, 52.653779411939553 ], [ 13.278711403391563, 52.654011356393561 ], [ 13.278909467520023, 52.654037027996218 ] ] ] } },
{ "type": "Feature", "properties": { "fid": "F_7952" }, "geometry": { "type": "Polygon", "coordinates": [ [ [ 13.279082547421471, 52.654147434465237 ], [ 13.27896857255295, 52.654037886586956 ], [ 13.278848950563937, 52.654072112966894 ], [ 13.27887605353488, 52.65415583008086 ], [ 13.279082547421471, 52.654147434465237 ] ] ] } },
{ "type": "Feature", "properties": { "fid": "F_7953" }, "geometry": { "type": "Polygon", "coordinates": [ [ [ 13.278673941311915, 52.654157846453074 ], [ 13.278556249550604, 52.653995932247398 ], [ 13.278413587782195, 52.654015387515336 ], [ 13.278482303551431, 52.654189042346189 ], [ 13.278673941311915, 52.654157846453074 ] ] ] } },
{ "type": "Feature", "properties": { "fid": "F_8125" }, "geometry": { "type": "Polygon", "coordinates": [ [ [ 13.271839010340258, 52.654208893292314 ], [ 13.271429315191241, 52.654196313788567 ], [ 13.271400705191162, 52.65426606968029 ], [ 13.271839010340258, 52.654208893292314 ] ] ] } },
{ "type": "Feature", "properties": { "fid": "F_8249" }, "geometry": { "type": "Polygon", "coordinates": [ [ [ 13.284056897619521, 52.6546035273619 ], [ 13.28409805320581, 52.654435964376376 ], [ 13.283966817745563, 52.654456733798163 ], [ 13.283933667133663, 52.654592400841778 ], [ 13.284056897619521, 52.6546035273619 ] ] ] } },
{ "type": "Feature", "properties": { "fid": "F_8477" }, "geometry": { "type": "Polygon", "coordinates": [ [ [ 13.272451448003393, 52.654338643114876 ], [ 13.272523027256527, 52.654351995700985 ], [ 13.271439701955888, 52.654271607199128 ], [ 13.27134425459313, 52.654505351772777 ], [ 13.272111553660785, 52.654677347162441 ], [ 13.272648242308495, 52.654649173265156 ], [ 13.272952392769282, 52.654522675899379 ], [ 13.272944033893886, 52.654363313890109 ], [ 13.272524877830447, 52.65428743475448 ], [ 13.272451448003393, 52.654338643114876 ] ] ] } },
{ "type": "Feature", "properties": { "fid": "F_8695" }, "geometry": { "type": "Polygon", "coordinates": [ [ [ 13.289393724751072, 52.655123931377709 ], [ 13.289476459948498, 52.655028472517841 ], [ 13.289318489499729, 52.655027315607441 ], [ 13.289393724751072, 52.655123931377709 ] ] ] } },
{ "type": "Feature", "properties": { "fid": "F_8959" }, "geometry": { "type": "Polygon", "coordinates": [ [ [ 13.29117253823131, 52.655005744518881 ], [ 13.291124451846704, 52.655028880641815 ], [ 13.290837364967647, 52.655412827433992 ], [ 13.291069052156056, 52.655373057758418 ], [ 13.291329661212043, 52.655129265206874 ], [ 13.29171189781848, 52.65507173577884 ], [ 13.292341598723763, 52.654682188145813 ], [ 13.292402048577078, 52.654500008104172 ], [ 13.292519816548204, 52.654509011149742 ], [ 13.292031443558054, 52.654320763269176 ], [ 13.291818254296969, 52.654311772397676 ], [ 13.291704191508726, 52.654391362991355 ], [ 13.291635096742585, 52.654338282080722 ], [ 13.29117253823131, 52.655005744518881 ] ], [ [ 13.29117253823131, 52.655005744518881 ], [ 13.291231644949734, 52.655006597004579 ], [ 13.291227439476401, 52.655114428457019 ], [ 13.291095787446364, 52.655124838478216 ], [ 13.291168332612681, 52.655113575968016 ], [ 13.29117253823131, 52.655005744518881 ] ], [ [ 13.292110926907464, 52.654670082361612 ], [ 13.292251870400829, 52.654625702535455 ], [ 13.292220373425831, 52.654705500305802 ], [ 13.292110926907464, 52.654670082361612 ] ], [ [ 13.291604504953879, 52.654544441561171 ], [ 13.291577639226999, 52.654625780487073 ], [ 13.291526899984017, 52.654563323995148 ], [ 13.291604504953879, 52.654544441561171 ] ] ] } },
{ "type": "Feature", "properties": { "fid": "F_9013" }, "geometry": { "type": "Polygon", "coordinates": [ [ [ 13.285243593904811, 52.655387615293762 ], [ 13.285219294679083, 52.655323745898649 ], [ 13.284983426225139, 52.655373558529739 ], [ 13.285243593904811, 52.655387615293762 ] ] ] } },
{ "type": "Feature", "properties": { "fid": "F_9141" }, "geometry": { "type": "Polygon", "coordinates": [ [ [ 13.2832131046091, 52.655512198074703 ], [ 13.283290246208711, 52.655431256345231 ], [ 13.283150395723215, 52.655447440211852 ], [ 13.2832131046091, 52.655512198074703 ] ] ] } },
{ "type": "Feature", "properties": { "fid": "F_9142" }, "geometry": { "type": "Polygon", "coordinates": [ [ [ 13.285243593904811, 52.655387615293762 ], [ 13.285260987165122, 52.655543803857121 ], [ 13.285431291939746, 52.655515765271502 ], [ 13.285243593904811, 52.655387615293762 ] ] ] } },
{ "type": "Feature", "properties": { "fid": "F_9348" }, "geometry": { "type": "Polygon", "coordinates": [ [ [ 13.293680534089916, 52.655905027461024 ], [ 13.293889220749005, 52.655722539485986 ], [ 13.293824808013616, 52.655649841929957 ], [ 13.293523516272481, 52.655739944542496 ], [ 13.293666017020968, 52.655802860702195 ], [ 13.293680534089916, 52.655905027461024 ] ] ] } },
{ "type": "Feature", "properties": { "fid": "F_9354" }, "geometry": { "type": "Polygon", "coordinates": [ [ [ 13.282957968330503, 52.655759916228249 ], [ 13.282984850758869, 52.655678579413319 ], [ 13.282907240183263, 52.655697456149184 ], [ 13.282957968330503, 52.655759916228249 ] ] ] } },
{ "type": "Feature", "properties": { "fid": "F_9385" }, "geometry": { "type": "Polygon", "coordinates": [ [ [ 13.283926345544026, 52.655800112133441 ], [ 13.28400395678055, 52.655781234741191 ], [ 13.283953226270413, 52.65571877343897 ], [ 13.283926345544026, 52.655800112133441 ] ] ] } },
{ "type": "Feature", "properties": { "fid": "F_9425" }, "geometry": { "type": "Polygon", "coordinates": [ [ [ 13.283541594759706, 52.655838826501686 ], [ 13.283573108350968, 52.655759031193973 ], [ 13.283432152630567, 52.655803400582037 ], [ 13.283541594759706, 52.655838826501686 ] ] ] } },
{ "type": "Feature", "properties": { "fid": "F_9504" }, "geometry": { "type": "Polygon", "coordinates": [ [ [ 13.276035061622045, 52.655815534067827 ], [ 13.276065065879855, 52.655685987096213 ], [ 13.27572003888525, 52.655772895996122 ], [ 13.276035061622045, 52.655815534067827 ] ] ] } },
{ "type": "Feature", "properties": { "fid": "F_9505" }, "geometry": { "type": "Polygon", "coordinates": [ [ [ 13.307180845984648, 52.655487298803365 ], [ 13.307255854716653, 52.655506352467306 ], [ 13.307179457219476, 52.655523242915521 ], [ 13.30724827203, 52.655608462846857 ], [ 13.307000744602364, 52.655556653322655 ], [ 13.30695600905084, 52.655707753471511 ], [ 13.306331272965837, 52.655597290679196 ], [ 13.305841134783522, 52.655664615220651 ], [ 13.305780314175012, 52.655821544972987 ], [ 13.306416828865455, 52.656071120093422 ], [ 13.306609233200836, 52.656107163307809 ], [ 13.306802988609233, 52.655976718821279 ], [ 13.30692475968061, 52.656066859755853 ], [ 13.306652384912809, 52.656210773619897 ], [ 13.307594025107468, 52.65627364271937 ], [ 13.307676251057075, 52.656075260552825 ], [ 13.307613667285461, 52.655435830332635 ], [ 13.307247271913425, 52.655363708624272 ], [ 13.307180845984648, 52.655487298803365 ] ] ] } },
{ "type": "Feature", "properties": { "fid": "F_9604" }, "geometry": { "type": "Polygon", "coordinates": [ [ [ 13.293767613861185, 52.656151198597932 ], [ 13.293791751271893, 52.65608644922041 ], [ 13.293599914983787, 52.656098367093236 ], [ 13.293767613861185, 52.656151198597932 ] ] ] } },
{ "type": "Feature", "properties": { "fid": "F_9677" }, "geometry": { "type": "Polygon", "coordinates": [ [ [ 13.244643702870402, 52.65505907327654 ], [ 13.244067937600937, 52.655047135099814 ], [ 13.244108218219941, 52.655418630087425 ], [ 13.244216952496204, 52.655345556518157 ], [ 13.244283396835213, 52.655492646017336 ], [ 13.244643702870402, 52.65505907327654 ] ] ] } },
{ "type": "Feature", "properties": { "fid": "F_9688" }, "geometry": { "type": "Polygon", "coordinates": [ [ [ 13.294736084731257, 52.656136008624664 ], [ 13.294538314076778, 52.65614829917908 ], [ 13.294577398745687, 52.656235084091804 ], [ 13.294736084731257, 52.656136008624664 ] ] ] } },
{ "type": "Feature", "properties": { "fid": "F_9707" }, "geometry": { "type": "Polygon", "coordinates": [ [ [ 13.284919918251505, 52.656102211520427 ], [ 13.284997529612914, 52.656083333479124 ], [ 13.284946797336554, 52.656020872590489 ], [ 13.284919918251505, 52.656102211520427 ] ] ] } },
{ "type": "Feature", "properties": { "fid": "F_9720" }, "geometry": { "type": "Polygon", "coordinates": [ [ [ 13.294084493512804, 52.656162592612091 ], [ 13.29417046392911, 52.656082102493535 ], [ 13.294221209513983, 52.656144559542668 ], [ 13.293941831139589, 52.656182066570274 ], [ 13.29413038771259, 52.656249545416408 ], [ 13.294494552940579, 52.656191272105687 ], [ 13.294270686719925, 52.656043015660224 ], [ 13.29403178154387, 52.656082757910809 ], [ 13.294084493512804, 52.656162592612091 ] ] ] } },
{ "type": "Feature", "properties": { "fid": "F_9746" }, "geometry": { "type": "Polygon", "coordinates": [ [ [ 13.291524070827187, 52.655891440162257 ], [ 13.292899526463508, 52.656019527051988 ], [ 13.293252776004662, 52.656258506414048 ], [ 13.29309741625547, 52.656044944015662 ], [ 13.294496940254852, 52.655976732420967 ], [ 13.294592371629021, 52.656047418157229 ], [ 13.294830774751475, 52.655926047201298 ], [ 13.291524070827187, 52.655891440162257 ] ] ] } },
{ "type": "Feature", "properties": { "fid": "F_9803" }, "geometry": { "type": "Polygon", "coordinates": [ [ [ 13.284919918251505, 52.656102211520427 ], [ 13.284833507001244, 52.656140805023298 ], [ 13.284971040711449, 52.656187188531135 ], [ 13.284919918251505, 52.656102211520427 ] ] ] } },
{ "type": "Feature", "properties": { "fid": "F_10030" }, "geometry": { "type": "Polygon", "coordinates": [ [ [ 13.282885708477512, 52.656315346813031 ], [ 13.282908839181651, 52.656109046682886 ], [ 13.282775123617881, 52.656118926429556 ], [ 13.282797801464707, 52.656368123126093 ], [ 13.282885708477512, 52.656315346813031 ] ] ] } },
{ "type": "Feature", "properties": { "fid": "F_10072" }, "geometry": { "type": "Polygon", "coordinates": [ [ [ 13.241879992669396, 52.655723103138463 ], [ 13.241806456273814, 52.655668065469968 ], [ 13.241882877326054, 52.655651217386627 ], [ 13.241914818012598, 52.655524147566865 ], [ 13.242106471848013, 52.655493010893935 ], [ 13.241972390384742, 52.655455268944628 ], [ 13.242047975840659, 52.655418931913694 ], [ 13.241215495458464, 52.655123357985396 ], [ 13.241224405787554, 52.655193453678656 ], [ 13.241025894925986, 52.655225697708175 ], [ 13.241268060789718, 52.655378857149771 ], [ 13.241412994137649, 52.655353754888168 ], [ 13.241469438951301, 52.655552272231169 ], [ 13.241276840244144, 52.65562055226043 ], [ 13.241534439219699, 52.65567823449566 ], [ 13.241384746664819, 52.655801396468519 ], [ 13.241879992669396, 52.655723103138463 ] ] ] } },
{ "type": "Feature", "properties": { "fid": "F_10164" }, "geometry": { "type": "Polygon", "coordinates": [ [ [ 13.242287967758697, 52.655873013594331 ], [ 13.242362709961114, 52.655765209986939 ], [ 13.241879992669396, 52.655723103138463 ], [ 13.2419357700756, 52.655795735355824 ], [ 13.241616970676215, 52.655887271994942 ], [ 13.242287967758697, 52.655873013594331 ] ] ] } },
{ "type": "Feature", "properties": { "fid": "F_10413" }, "geometry": { "type": "Polygon", "coordinates": [ [ [ 13.283359169463326, 52.65669099740137 ], [ 13.284565592321922, 52.656733459051495 ], [ 13.284641913637614, 52.65647505441332 ], [ 13.284528229971011, 52.656343898093752 ], [ 13.284677857257174, 52.656242563511292 ], [ 13.284586204002402, 52.656224324609795 ], [ 13.284670352528384, 52.656094611812996 ], [ 13.284545987626274, 52.655890373421578 ], [ 13.284710054592955, 52.655808473960043 ], [ 13.283926345544026, 52.655800112133441 ], [ 13.283769964991333, 52.655851967599943 ], [ 13.283938105256977, 52.655900535811497 ], [ 13.283083657667508, 52.655955974739442 ], [ 13.282937792644727, 52.656180797374461 ], [ 13.282997558759517, 52.656612529369418 ], [ 13.283283270802494, 52.656742052614007 ], [ 13.283359169463326, 52.65669099740137 ] ], [ [ 13.283359169463326, 52.65669099740137 ], [ 13.283284879211225, 52.656670374429083 ], [ 13.283338452350964, 52.656607986906316 ], [ 13.283359169463326, 52.65669099740137 ] ], [ [ 13.283226364617656, 52.656390524631746 ], [ 13.283371844601502, 52.656367504453527 ], [ 13.28332802269639, 52.656452967395722 ], [ 13.283226364617656, 52.656390524631746 ] ] ] } },
{ "type": "Feature", "properties": { "fid": "F_10665" }, "geometry": { "type": "Polygon", "coordinates": [ [ [ 13.305758087626897, 52.657104415346424 ], [ 13.306348714943207, 52.657208015139751 ], [ 13.307673435643824, 52.657198397811243 ], [ 13.307559377295052, 52.657092030542373 ], [ 13.306952841983687, 52.657117626125341 ], [ 13.306652414819022, 52.656918305631272 ], [ 13.306137925742657, 52.657004056741911 ], [ 13.305547689265127, 52.656988294818689 ], [ 13.305434687649882, 52.657070828718439 ], [ 13.305773770923103, 52.657278489341373 ], [ 13.305758087626897, 52.657104415346424 ] ], [ [ 13.306349918407724, 52.65709380169465 ], [ 13.30629488587577, 52.657015870540192 ], [ 13.306720198052174, 52.657024197395216 ], [ 13.306655331310017, 52.657130829627903 ], [ 13.306277373644752, 52.657105073502365 ], [ 13.306349918407724, 52.65709380169465 ] ] ] } },
{ "type": "Feature", "properties": { "fid": "F_10690" }, "geometry": { "type": "Polygon", "coordinates": [ [ [ 13.271409336179504, 52.656769004124634 ], [ 13.271358693074548, 52.656718269645388 ], [ 13.27127217955009, 52.656772656384902 ], [ 13.271409336179504, 52.656769004124634 ] ] ] } },
{ "type": "Feature", "properties": { "fid": "F_10841" }, "geometry": { "type": "Polygon", "coordinates": [ [ [ 13.242385993475271, 52.656377967680491 ], [ 13.242314421507961, 52.656364595309924 ], [ 13.242532662853682, 52.656312534250283 ], [ 13.242185801458636, 52.656303349556012 ], [ 13.242285791418245, 52.656199679121393 ], [ 13.242499626145804, 52.656222151617655 ], [ 13.242732356350665, 52.656040689743023 ], [ 13.242390831833609, 52.655934157585165 ], [ 13.242521509591915, 52.655948406694229 ], [ 13.242524393219803, 52.655876520920415 ], [ 13.242287967758697, 52.655873013594331 ], [ 13.242333140837413, 52.656000594808589 ], [ 13.242014628528983, 52.656034537742265 ], [ 13.241504218790688, 52.655964586491393 ], [ 13.241454708274965, 52.65600450570512 ], [ 13.241587302132277, 52.656022839157139 ], [ 13.241510315527112, 52.656113047741627 ], [ 13.241354373525196, 52.656063828509673 ], [ 13.241315405674351, 52.655973497423624 ], [ 13.241073035010828, 52.655936058887718 ], [ 13.240961307779099, 52.656005064869817 ], [ 13.240921126205777, 52.655913697656764 ], [ 13.240722427133541, 52.655898402723523 ], [ 13.240908084048057, 52.656054762711328 ], [ 13.241011965160629, 52.656049876725703 ], [ 13.241035190619343, 52.656142135259657 ], [ 13.241436879959434, 52.656274586698316 ], [ 13.24120529613818, 52.656324481980178 ], [ 13.241689883336015, 52.656393540362501 ], [ 13.241954269527097, 52.656516455487335 ], [ 13.242385993475271, 52.656377967680491 ] ] ] } },
{ "type": "Feature", "properties": { "fid": "F_11049" }, "geometry": { "type": "Polygon", "coordinates": [ [ [ 13.288860034644935, 52.65746221104169 ], [ 13.288891539816452, 52.657382414268625 ], [ 13.28875058407781, 52.65742678997394 ], [ 13.288860034644935, 52.65746221104169 ] ] ] } },
{ "type": "Feature", "properties": { "fid": "F_11074" }, "geometry": { "type": "Polygon", "coordinates": [ [ [ 13.275611259079954, 52.655743846946798 ], [ 13.274678314736423, 52.655807285636811 ], [ 13.274679832604363, 52.656089611426644 ], [ 13.274346533177393, 52.65637568551972 ], [ 13.274219481379449, 52.6568299353413 ], [ 13.273851711947795, 52.657157702993949 ], [ 13.274067860784719, 52.657288340737395 ], [ 13.27461465636261, 52.657035110060207 ], [ 13.274452818083914, 52.656952360734756 ], [ 13.27460812017488, 52.656742436082155 ], [ 13.274987089636836, 52.656557914595389 ], [ 13.275403091035685, 52.656509497679608 ], [ 13.275454112651106, 52.656300970686516 ], [ 13.275278025502327, 52.656185913745013 ], [ 13.275231760206491, 52.655905043857089 ], [ 13.275611259079954, 52.655743846946798 ] ] ] } },
{ "type": "Feature", "properties": { "fid": "F_11131" }, "geometry": { "type": "Polygon", "coordinates": [ [ [ 13.266406120620749, 52.65721739943401 ], [ 13.266920026370988, 52.657010134382858 ], [ 13.267877398102337, 52.657132132907016 ], [ 13.268595375281182, 52.656981630400409 ], [ 13.268601551163043, 52.65685707596176 ], [ 13.268276401215804, 52.656743396011471 ], [ 13.265887811261097, 52.656670141444671 ], [ 13.265351116024632, 52.656998958300321 ], [ 13.265987359486406, 52.657250835488576 ], [ 13.266406120620749, 52.65721739943401 ] ] ] } },
{ "type": "Feature", "properties": { "fid": "F_11161" }, "geometry": { "type": "Polygon", "coordinates": [ [ [ 13.277952029717593, 52.65733181263537 ], [ 13.277748131986963, 52.657349833834836 ], [ 13.277858989697375, 52.657463148137488 ], [ 13.277952029717593, 52.65733181263537 ] ] ] } },
{ "type": "Feature", "properties": { "fid": "F_11283" }, "geometry": { "type": "Polygon", "coordinates": [ [ [ 13.277764810497301, 52.657580839990445 ], [ 13.277910294523078, 52.657557824896216 ], [ 13.277808642647297, 52.657495377551662 ], [ 13.277764810497301, 52.657580839990445 ] ] ] } },
{ "type": "Feature", "properties": { "fid": "F_11368" }, "geometry": { "type": "Polygon", "coordinates": [ [ [ 13.257621417339397, 52.656962645247113 ], [ 13.257185555715319, 52.656982258372103 ], [ 13.257130537646717, 52.656720321753028 ], [ 13.25698550663283, 52.656684894877202 ], [ 13.257015241110825, 52.657007410962514 ], [ 13.256699523827214, 52.65703765839028 ], [ 13.256561431270299, 52.657297667436445 ], [ 13.256327010119668, 52.657357190698988 ], [ 13.257287218696648, 52.657319197139927 ], [ 13.257621417339397, 52.656962645247113 ] ] ] } },
{ "type": "Feature", "properties": { "fid": "F_11380" }, "geometry": { "type": "Polygon", "coordinates": [ [ [ 13.277764810497301, 52.657580839990445 ], [ 13.277705700723402, 52.657579980759344 ], [ 13.277700048522169, 52.657723754948478 ], [ 13.27775915848982, 52.65772461418404 ], [ 13.277764810497301, 52.657580839990445 ] ] ] } },
{ "type": "Feature", "properties": { "fid": "F_11430" }, "geometry": { "type": "Polygon", "coordinates": [ [ [ 13.277519892227975, 52.657793064151456 ], [ 13.277446949453694, 52.657707344082787 ], [ 13.277388669767561, 52.657773893759931 ], [ 13.277519892227975, 52.657793064151456 ] ] ] } },
{ "type": "Feature", "properties": { "fid": "F_11459" }, "geometry": { "type": "Polygon", "coordinates": [ [ [ 13.242586376798233, 52.657280046906145 ], [ 13.242476154807546, 52.657149199360141 ], [ 13.242204877416055, 52.657107982492121 ], [ 13.241974449079455, 52.657188748903025 ], [ 13.242020026537476, 52.657256964103361 ], [ 13.242586376798233, 52.657280046906145 ] ] ] } },
{ "type": "Feature", "properties": { "fid": "F_11465" }, "geometry": { "type": "Polygon", "coordinates": [ [ [ 13.242911363129926, 52.657332210592394 ], [ 13.242943909530165, 52.65721342114913 ], [ 13.242802917835229, 52.657230838962228 ], [ 13.242911363129926, 52.657332210592394 ] ] ] } },
{ "type": "Feature", "properties": { "fid": "F_11652" }, "geometry": { "type": "Polygon", "coordinates": [ [ [ 13.288031697021552, 52.658197166122378 ], [ 13.287851554752155, 52.658266491151288 ], [ 13.288028887803046, 52.658269053598644 ], [ 13.288031697021552, 52.658197166122378 ] ] ] } },
{ "type": "Feature", "properties": { "fid": "F_11690" }, "geometry": { "type": "Polygon", "coordinates": [ [ [ 13.305271125762442, 52.658570527521775 ], [ 13.306484742384809, 52.657837713568107 ], [ 13.307537993358057, 52.657756653572662 ], [ 13.307533802324006, 52.657849067940283 ], [ 13.30765566175381, 52.657849297825784 ], [ 13.307659467742004, 52.657663116315987 ], [ 13.306515803546743, 52.65774327035993 ], [ 13.305923525355182, 52.658086875912751 ], [ 13.305798772271128, 52.658075575962656 ], [ 13.305679538926499, 52.657921625090154 ], [ 13.305877881892652, 52.657648511380962 ], [ 13.305899773631161, 52.657487060709705 ], [ 13.305789357692834, 52.657300364347584 ], [ 13.305834846736628, 52.657398119553541 ], [ 13.305646234682659, 52.657608447513134 ], [ 13.305228730808057, 52.657766491561048 ], [ 13.305227920548768, 52.657925192526655 ], [ 13.305576199656262, 52.65799946760611 ], [ 13.305645916682971, 52.658092341806785 ], [ 13.30555738225217, 52.658191082315341 ], [ 13.305123753662796, 52.658248836654408 ], [ 13.305271125762442, 52.658570527521775 ] ] ] } },
{ "type": "Feature", "properties": { "fid": "F_11722" }, "geometry": { "type": "Polygon", "coordinates": [ [ [ 13.304742845498868, 52.657845675938574 ], [ 13.304779141835043, 52.658065156885733 ], [ 13.304093570147721, 52.658088729028336 ], [ 13.303249905193336, 52.657968511928765 ], [ 13.303149080032664, 52.658041490066971 ], [ 13.303036940435982, 52.657952097829821 ], [ 13.302415238719821, 52.657900626818851 ], [ 13.302798106739365, 52.658031985694649 ], [ 13.302786260250603, 52.658145870532316 ], [ 13.302608841978385, 52.658246480602287 ], [ 13.302390013029907, 52.658158141213214 ], [ 13.302254918435793, 52.658251260109701 ], [ 13.302578171418894, 52.658402680571889 ], [ 13.303769669388112, 52.658339580509455 ], [ 13.304136294915523, 52.658483397632651 ], [ 13.304576560768012, 52.658532529599064 ], [ 13.304672545537469, 52.658416036815247 ], [ 13.304759192226205, 52.658597148456622 ], [ 13.304914424896596, 52.658417496169605 ], [ 13.304899698565448, 52.657861002141338 ], [ 13.304742845498868, 52.657845675938574 ] ], [ [ 13.304768552802019, 52.658222032676854 ], [ 13.304741709039515, 52.65830337472385 ], [ 13.304690946761525, 52.658240923715297 ], [ 13.304768552802019, 52.658222032676854 ] ] ] } },
{ "type": "Feature", "properties": { "fid": "F_11781" }, "geometry": { "type": "Polygon", "coordinates": [ [ [ 13.276087107942548, 52.658131866632367 ], [ 13.27589210311521, 52.658141724355865 ], [ 13.276078154220341, 52.658250076089338 ], [ 13.276218210096252, 52.658224543703376 ], [ 13.276087107942548, 52.658131866632367 ] ] ] } },
{ "type": "Feature", "properties": { "fid": "F_11784" }, "geometry": { "type": "Polygon", "coordinates": [ [ [ 13.285867096847232, 52.657590444957052 ], [ 13.28577420277308, 52.657606854710757 ], [ 13.285847125240581, 52.658398662181796 ], [ 13.285867096847232, 52.657590444957052 ] ] ] } },
{ "type": "Feature", "properties": { "fid": "F_11885" }, "geometry": { "type": "Polygon", "coordinates": [ [ [ 13.255596344766111, 52.658092025035124 ], [ 13.255627910800184, 52.658012237643128 ], [ 13.255486920250846, 52.658056573460698 ], [ 13.255596344766111, 52.658092025035124 ] ] ] } },
{ "type": "Feature", "properties": { "fid": "F_11969" }, "geometry": { "type": "Polygon", "coordinates": [ [ [ 13.264032279967987, 52.65753659371677 ], [ 13.264104835714663, 52.657525347876501 ], [ 13.264045995491699, 52.657391585877598 ], [ 13.262616197513291, 52.6572001665239 ], [ 13.26257512283472, 52.657323104863572 ], [ 13.262706788489835, 52.657312725021498 ], [ 13.262602851712048, 52.657369572461114 ], [ 13.262376579259888, 52.65715169732632 ], [ 13.262493665388426, 52.657022535633814 ], [ 13.261789027777573, 52.656728561270938 ], [ 13.26093788836697, 52.656572460844991 ], [ 13.259507068638138, 52.656569519143758 ], [ 13.258859161699315, 52.656428136597668 ], [ 13.257955545201009, 52.656447570379001 ], [ 13.257776973665072, 52.656554065365228 ], [ 13.25778595177381, 52.656708433597039 ], [ 13.258548542990319, 52.657590722227894 ], [ 13.259100766765927, 52.657687255999782 ], [ 13.259436620136787, 52.657604966182355 ], [ 13.259523896583923, 52.657415803770796 ], [ 13.259288201997663, 52.657167633718288 ], [ 13.259317059361766, 52.656958452835241 ], [ 13.260090255140586, 52.65682562069518 ], [ 13.26051834712943, 52.656847446651938 ], [ 13.261180199774163, 52.657109894539616 ], [ 13.261298755706225, 52.657370145013772 ], [ 13.262099697249651, 52.657774007963951 ], [ 13.261754960332667, 52.657864164514194 ], [ 13.261692351935661, 52.657999850089475 ], [ 13.261916415432069, 52.658231547780559 ], [ 13.262102231724297, 52.658286727094016 ], [ 13.262696513249965, 52.6579486548193 ], [ 13.262347294669102, 52.657806297911222 ], [ 13.262177704309529, 52.657541297282926 ], [ 13.262184102646199, 52.657442243275504 ], [ 13.262302148232928, 52.65737406579543 ], [ 13.263086149054473, 52.65770720166821 ], [ 13.263876080055589, 52.657522961918694 ], [ 13.264141274711946, 52.657712445809167 ], [ 13.264489646566899, 52.65747387809153 ], [ 13.264032279967987, 52.65753659371677 ] ] ] } },
{ "type": "Feature", "properties": { "fid": "F_11970" }, "geometry": { "type": "Polygon", "coordinates": [ [ [ 13.242202884168652, 52.657993643238854 ], [ 13.242182244652184, 52.657910626239541 ], [ 13.242128611705009, 52.657972994613921 ], [ 13.242202884168652, 52.657993643238854 ] ] ] } },
{ "type": "Feature", "properties": { "fid": "F_12015" }, "geometry": { "type": "Polygon", "coordinates": [ [ [ 13.284519421951716, 52.657275728968223 ], [ 13.284371982865164, 52.657191709153992 ], [ 13.284406237323314, 52.657137732256984 ], [ 13.283981046452794, 52.657153611641313 ], [ 13.284151482668614, 52.658673331692903 ], [ 13.284605647470068, 52.658628561959659 ], [ 13.284519421951716, 52.657275728968223 ] ] ] } },
{ "type": "Feature", "properties": { "fid": "F_12032" }, "geometry": { "type": "Polygon", "coordinates": [ [ [ 13.257519421650073, 52.658040070936103 ], [ 13.257992723838422, 52.658122787365294 ], [ 13.257904202935581, 52.658201017398319 ], [ 13.257812111729553, 52.658116303496058 ], [ 13.257701155538888, 52.65825322423337 ], [ 13.258206440824772, 52.658212907251503 ], [ 13.258026617375853, 52.65808349328919 ], [ 13.258195756743783, 52.658013470986035 ], [ 13.257976042033222, 52.657882135874395 ], [ 13.257610951352548, 52.657846581185744 ], [ 13.257384995907437, 52.657607910355793 ], [ 13.25692779886732, 52.65753575349725 ], [ 13.256894311945315, 52.657440768122804 ], [ 13.256352793837504, 52.657463952529362 ], [ 13.256600954771582, 52.657506587380894 ], [ 13.256428147475695, 52.657575446019955 ], [ 13.25680675666184, 52.657738168353482 ], [ 13.256782022668096, 52.657798387554479 ], [ 13.257240182041301, 52.657951724935721 ], [ 13.257167622953945, 52.657962968182147 ], [ 13.257317484285155, 52.65804693375982 ], [ 13.257277840767495, 52.658208682293818 ], [ 13.257399835488448, 52.658306058638942 ], [ 13.257551914912488, 52.658236753262685 ], [ 13.257519421650073, 52.658040070936103 ] ], [ [ 13.257519421650073, 52.658040070936103 ], [ 13.257445141666777, 52.658019431850846 ], [ 13.257498753026486, 52.657957056357397 ], [ 13.257519421650073, 52.658040070936103 ] ], [ [ 13.257095717450122, 52.657838055251055 ], [ 13.257173342566821, 52.657819195558709 ], [ 13.257146410947435, 52.657900526064246 ], [ 13.257095717450122, 52.657838055251055 ] ] ] } },
{ "type": "Feature", "properties": { "fid": "F_12088" }, "geometry": { "type": "Polygon", "coordinates": [ [ [ 13.256299171414463, 52.657818642350001 ], [ 13.255655963348682, 52.657893693759966 ], [ 13.255610204551251, 52.657714234601947 ], [ 13.255551099313211, 52.657889499280955 ], [ 13.255453444451119, 52.657937740479696 ], [ 13.255663514395348, 52.657956497523983 ], [ 13.255737722736024, 52.658135197825757 ], [ 13.255975369113338, 52.658037652807231 ], [ 13.256157036429382, 52.658091955078014 ], [ 13.256154174933657, 52.658163841348042 ], [ 13.256235262528261, 52.658121185328135 ], [ 13.256268440017731, 52.658286726082125 ], [ 13.256595367323952, 52.6581688058344 ], [ 13.256196113098282, 52.65790831798904 ], [ 13.256369721041724, 52.657863986668858 ], [ 13.256968815669067, 52.658320931739667 ], [ 13.257033673414005, 52.658356603805679 ], [ 13.257086402302612, 52.658275422338171 ], [ 13.256267828748651, 52.657681332084152 ], [ 13.256198633794298, 52.657714012012462 ], [ 13.256299171414463, 52.657818642350001 ] ] ] } },
{ "type": "Feature", "properties": { "fid": "F_12120" }, "geometry": { "type": "Polygon", "coordinates": [ [ [ 13.285908762073598, 52.658815509962928 ], [ 13.285952972301359, 52.658418860368059 ], [ 13.285859863435396, 52.658434441743239 ], [ 13.285908762073598, 52.658815509962928 ] ] ] } },
{ "type": "Feature", "properties": { "fid": "F_12151" }, "geometry": { "type": "Polygon", "coordinates": [ [ [ 13.270951376509336, 52.656955857195562 ], [ 13.27092653845895, 52.657013708133114 ], [ 13.270998121578019, 52.657027061667996 ], [ 13.270945041904797, 52.657057825907373 ], [ 13.270662451409818, 52.657051980614277 ], [ 13.270421791577654, 52.657222125658571 ], [ 13.270545377165794, 52.657278771477451 ], [ 13.270203041384988, 52.65736278864906 ], [ 13.269935738863321, 52.657533560057807 ], [ 13.269757731332462, 52.657703617105099 ], [ 13.269713185168639, 52.658015438939294 ], [ 13.270087239568642, 52.658261605332918 ], [ 13.270057428426778, 52.658366726872764 ], [ 13.27014347719401, 52.658437979809435 ], [ 13.270302212004813, 52.658499424368998 ], [ 13.271167326163756, 52.658650340071041 ], [ 13.271715734247614, 52.658528076907118 ], [ 13.271953419381136, 52.65767971404491 ], [ 13.272272049998056, 52.657605793610635 ], [ 13.272466015771382, 52.657420461160939 ], [ 13.272099952959032, 52.65720664309255 ], [ 13.271803375701218, 52.656725915255223 ], [ 13.271618714286546, 52.656678634633458 ], [ 13.270951376509336, 52.656955857195562 ] ], [ [ 13.270764340580666, 52.65812622875842 ], [ 13.270720976779229, 52.65830257163686 ], [ 13.270456955196758, 52.658278680660601 ], [ 13.270583308090005, 52.658154860794518 ], [ 13.270764340580666, 52.65812622875842 ] ] ] } },
{ "type": "Feature", "properties": { "fid": "F_12230" }, "geometry": { "type": "Polygon", "coordinates": [ [ [ 13.257264394728054, 52.658503854446558 ], [ 13.257220659347215, 52.658388731693186 ], [ 13.257033673414005, 52.658356603805679 ], [ 13.257169472115173, 52.658523741689855 ], [ 13.257264394728054, 52.658503854446558 ] ] ] } },
{ "type": "Feature", "properties": { "fid": "F_12469" }, "geometry": { "type": "Polygon", "coordinates": [ [ [ 13.25678293025736, 52.658712556757621 ], [ 13.256698260432112, 52.658665986974015 ], [ 13.256997901862448, 52.658454662443383 ], [ 13.25683150533993, 52.658469405749869 ], [ 13.256769741213075, 52.658329522125349 ], [ 13.256367115713459, 52.658422867850398 ], [ 13.256518037894871, 52.658585102448974 ], [ 13.256687301362611, 52.658588680742113 ], [ 13.256395204752518, 52.658674188735446 ], [ 13.25617574747527, 52.658465271164779 ], [ 13.256050371176984, 52.658480442052529 ], [ 13.256005111102423, 52.658318778249757 ], [ 13.255885084482097, 52.658237691124022 ], [ 13.255800424871218, 52.65836574330649 ], [ 13.255471196159231, 52.65837055396895 ], [ 13.255877209092894, 52.658680998939971 ], [ 13.256389703058803, 52.658698885284061 ], [ 13.256410658821343, 52.658782236837723 ], [ 13.25678293025736, 52.658712556757621 ] ] ] } },
{ "type": "Feature", "properties": { "fid": "F_12514" }, "geometry": { "type": "Polygon", "coordinates": [ [ [ 13.242981832236751, 52.658626388028694 ], [ 13.243008790555836, 52.658545060984402 ], [ 13.242931158265147, 52.658563911330027 ], [ 13.242981832236751, 52.658626388028694 ] ] ] } },
{ "type": "Feature", "properties": { "fid": "F_12608" }, "geometry": { "type": "Polygon", "coordinates": [ [ [ 13.257603331640562, 52.658904445376592 ], [ 13.25766678349008, 52.658957006752118 ], [ 13.257743089187146, 52.658873381214107 ], [ 13.257603331640562, 52.658904445376592 ] ] ] } },
{ "type": "Feature", "properties": { "fid": "F_12648" }, "geometry": { "type": "Polygon", "coordinates": [ [ [ 13.287398433864571, 52.659266935331523 ], [ 13.287293410675643, 52.659281712347216 ], [ 13.287375339905131, 52.659425138273242 ], [ 13.287398433864571, 52.659266935331523 ] ] ] } },
{ "type": "Feature", "properties": { "fid": "F_12767" }, "geometry": { "type": "Polygon", "coordinates": [ [ [ 13.241993824528377, 52.658781755196578 ], [ 13.242225939020409, 52.65889309183369 ], [ 13.242552664517035, 52.658789553077547 ], [ 13.2421291026356, 52.658551661826905 ], [ 13.242015228830324, 52.658639848336499 ], [ 13.242087747607986, 52.658766501258789 ], [ 13.241993824528377, 52.658781755196578 ] ] ] } },
{ "type": "Feature", "properties": { "fid": "F_12847" }, "geometry": { "type": "Polygon", "coordinates": [ [ [ 13.257888880751395, 52.659160393581622 ], [ 13.257939511847779, 52.659211132056555 ], [ 13.25802604568238, 52.659156755244595 ], [ 13.257888880751395, 52.659160393581622 ] ] ] } },
{ "type": "Feature", "properties": { "fid": "F_12882" }, "geometry": { "type": "Polygon", "coordinates": [ [ [ 13.242577717808679, 52.658970238779567 ], [ 13.242383875128551, 52.658919492974263 ], [ 13.242512926750926, 52.659020590006996 ], [ 13.242577717808679, 52.658970238779567 ] ] ] } },
{ "type": "Feature", "properties": { "fid": "F_12983" }, "geometry": { "type": "Polygon", "coordinates": [ [ [ 13.28313888944742, 52.659708205872811 ], [ 13.283008631676159, 52.659599006776908 ], [ 13.282856869505309, 52.659611820628619 ], [ 13.282801726399484, 52.659693539122628 ], [ 13.28313888944742, 52.659708205872811 ] ] ] } },
{ "type": "Feature", "properties": { "fid": "F_13073" }, "geometry": { "type": "Polygon", "coordinates": [ [ [ 13.281231022445176, 52.659681125606681 ], [ 13.281251735071892, 52.659764136381206 ], [ 13.281305315034968, 52.659701748220222 ], [ 13.281231022445176, 52.659681125606681 ] ] ] } },
{ "type": "Feature", "properties": { "fid": "F_13156" }, "geometry": { "type": "Polygon", "coordinates": [ [ [ 13.287137162317652, 52.65921774691774 ], [ 13.286732249765764, 52.658880365043693 ], [ 13.286490596379073, 52.658282780618379 ], [ 13.286425078473195, 52.658317971619454 ], [ 13.28659391887639, 52.65945256111987 ], [ 13.286568078058515, 52.659700089351148 ], [ 13.286711536776942, 52.659527418155861 ], [ 13.286708658277785, 52.65970582861685 ], [ 13.286822739254935, 52.659634443807292 ], [ 13.286875795269847, 52.659746999832798 ], [ 13.286700611127353, 52.65974696091746 ], [ 13.286848438608541, 52.659834302831584 ], [ 13.286935328161212, 52.659779927817887 ], [ 13.286988454656704, 52.659891062401158 ], [ 13.287109919287616, 52.659927414392385 ], [ 13.287137162317652, 52.65921774691774 ] ], [ [ 13.286741169614649, 52.659437253348244 ], [ 13.286792299369843, 52.659522229589697 ], [ 13.286654753293019, 52.659475848116614 ], [ 13.286741169614649, 52.659437253348244 ] ] ] } },
{ "type": "Feature", "properties": { "fid": "F_13157" }, "geometry": { "type": "Polygon", "coordinates": [ [ [ 13.244160669659738, 52.658718144322044 ], [ 13.244253771454551, 52.658656728708614 ], [ 13.244300568009605, 52.658779995637417 ], [ 13.244623125553494, 52.658659583332522 ], [ 13.244623031839296, 52.658787688664262 ], [ 13.245143722400494, 52.658634035831717 ], [ 13.245219201861506, 52.658775973290844 ], [ 13.245034661793957, 52.658880149331274 ], [ 13.245036432619374, 52.658950523042513 ], [ 13.2447347361597, 52.658984915091956 ], [ 13.245623460213993, 52.659045299108207 ], [ 13.24560932140152, 52.659179482615279 ], [ 13.246085396121673, 52.659110123486336 ], [ 13.246310026037394, 52.659258623626485 ], [ 13.246247125564869, 52.659140316030026 ], [ 13.246566627834573, 52.659083968307442 ], [ 13.246698169738604, 52.658892484804589 ], [ 13.247976887486345, 52.658965469245828 ], [ 13.248332235066826, 52.658886117743855 ], [ 13.247939687499191, 52.658766290532171 ], [ 13.248029997932935, 52.65867766326685 ], [ 13.248534369467446, 52.65868155657224 ], [ 13.249545247647559, 52.658484766880306 ], [ 13.249571058882973, 52.658239561332714 ], [ 13.249318206714973, 52.658152096767431 ], [ 13.248554226433923, 52.658338362522308 ], [ 13.248600420006525, 52.658538429642689 ], [ 13.24791694588969, 52.65866914396269 ], [ 13.247432249076329, 52.658305562500964 ], [ 13.247423064822618, 52.658378849422064 ], [ 13.246848398384248, 52.658377003008091 ], [ 13.246770731471418, 52.65833105649731 ], [ 13.246892856069323, 52.658265534902561 ], [ 13.246307670916634, 52.658109101173963 ], [ 13.24607636789904, 52.657966860789074 ], [ 13.246088410973304, 52.657852561630889 ], [ 13.245876296508104, 52.657832300318383 ], [ 13.245025280019586, 52.658048090740493 ], [ 13.244958968450558, 52.657942272392177 ], [ 13.244782423418382, 52.65792011098457 ], [ 13.244906347841233, 52.657981249720905 ], [ 13.244746023409959, 52.657995382242476 ], [ 13.244670927512074, 52.657897615764142 ], [ 13.24472183815832, 52.657813339602782 ], [ 13.244779915190794, 52.657887569026506 ], [ 13.244907551527508, 52.657763040011588 ], [ 13.244668246764494, 52.657654236738274 ], [ 13.244505853987359, 52.657452570862539 ], [ 13.244822913764171, 52.657401074116784 ], [ 13.244940808907558, 52.65716682271718 ], [ 13.244724356916846, 52.657059990642658 ], [ 13.244869557007622, 52.656991194939899 ], [ 13.244588472804608, 52.656993932562386 ], [ 13.244551148409203, 52.656826026883465 ], [ 13.244436298845709, 52.656965127181905 ], [ 13.244486661527255, 52.656638664839754 ], [ 13.245603810066854, 52.655399835110089 ], [ 13.246022402042787, 52.654757464434027 ], [ 13.245877733026834, 52.654558661142246 ], [ 13.245005045156478, 52.65524863678403 ], [ 13.244375415966831, 52.655436428700902 ], [ 13.244240809896771, 52.655977426053369 ], [ 13.244163289234958, 52.657070132233017 ], [ 13.243728858488412, 52.65911121548821 ], [ 13.243861460845594, 52.659293441265696 ], [ 13.244133203336684, 52.659304019405909 ], [ 13.244131261931805, 52.659227039788213 ], [ 13.244441258511486, 52.659084000376765 ], [ 13.244206362157623, 52.658945038541837 ], [ 13.24461775529787, 52.658954347931171 ], [ 13.244160669659738, 52.658718144322044 ] ], [ [ 13.244746023409959, 52.657995382242476 ], [ 13.244743143205627, 52.658067268075989 ], [ 13.244937286567874, 52.65808554426124 ], [ 13.244783085699252, 52.658116238903006 ], [ 13.244662111088315, 52.658030103325402 ], [ 13.244746023409959, 52.657995382242476 ] ], [ [ 13.244724356916846, 52.657059990642658 ], [ 13.244656789629616, 52.657110617987065 ], [ 13.244587249737457, 52.657024839883569 ], [ 13.244724356916846, 52.657059990642658 ] ], [ [ 13.245411437967359, 52.658091336625716 ], [ 13.245309830951218, 52.658028861781609 ], [ 13.245455335224197, 52.658005888388537 ], [ 13.245411437967359, 52.658091336625716 ] ], [ [ 13.244170822412901, 52.65906578694122 ], [ 13.244139234778723, 52.65914557107979 ], [ 13.244029817171558, 52.65911010898725 ], [ 13.244170822412901, 52.65906578694122 ] ], [ [ 13.244102360036193, 52.658939722825487 ], [ 13.244029167322841, 52.659003839749893 ], [ 13.243979863043865, 52.658907438492967 ], [ 13.244102360036193, 52.658939722825487 ] ], [ [ 13.244090058747545, 52.658129519496811 ], [ 13.244055544525951, 52.658321576652348 ], [ 13.244006590799746, 52.658160294456579 ], [ 13.244090058747545, 52.658129519496811 ] ], [ [ 13.243932796939584, 52.658526850393663 ], [ 13.244016542211178, 52.65848807247631 ], [ 13.243982930651931, 52.658791285557832 ], [ 13.243932796939584, 52.658526850393663 ] ] ] } },
{ "type": "Feature", "properties": { "fid": "F_13293" }, "geometry": { "type": "Polygon", "coordinates": [ [ [ 13.281194618389122, 52.659943180247161 ], [ 13.281225381381537, 52.659824900010527 ], [ 13.281024696624979, 52.65988371405038 ], [ 13.281194618389122, 52.659943180247161 ] ] ] } },
{ "type": "Feature", "properties": { "fid": "F_13322" }, "geometry": { "type": "Polygon", "coordinates": [ [ [ 13.242452286558805, 52.659148199489451 ], [ 13.242377301687492, 52.659129105015339 ], [ 13.242455170633686, 52.659076313757346 ], [ 13.242275755324805, 52.659064064059095 ], [ 13.242166828591298, 52.658892214862746 ], [ 13.242010047401612, 52.658939567838139 ], [ 13.241913439144682, 52.659099077930641 ], [ 13.241717315561921, 52.659214578115488 ], [ 13.241911634731517, 52.6593559638087 ], [ 13.242130839083622, 52.65931116971695 ], [ 13.242255459160953, 52.659338850343495 ], [ 13.24219625806656, 52.659408231747342 ], [ 13.242521781498247, 52.659385526205 ], [ 13.242452286558805, 52.659148199489451 ] ], [ [ 13.242253546948357, 52.65923718135128 ], [ 13.242331180720194, 52.659218331464579 ], [ 13.242304220703126, 52.659299658331335 ], [ 13.242253546948357, 52.65923718135128 ] ], [ [ 13.242010467283837, 52.659145314921581 ], [ 13.242220170144529, 52.65903686328371 ], [ 13.242166451917019, 52.659190949802813 ], [ 13.242010467283837, 52.659145314921581 ] ] ] } },
{ "type": "Feature", "properties": { "fid": "F_13325" }, "geometry": { "type": "Polygon", "coordinates": [ [ [ 13.242485452681995, 52.658321513510572 ], [ 13.242509701964948, 52.658378278102823 ], [ 13.243148403198191, 52.6584155667069 ], [ 13.242878166184788, 52.658199496034229 ], [ 13.242586368742, 52.65809911128563 ], [ 13.242782454404152, 52.658058170102429 ], [ 13.243237329791135, 52.658249372938997 ], [ 13.243253866824769, 52.658564692272051 ], [ 13.243070231111478, 52.658496467457674 ], [ 13.24312268615294, 52.658654642695282 ], [ 13.243194263071477, 52.658668012975134 ], [ 13.243063576017059, 52.658653766174332 ], [ 13.243057809939245, 52.658797537694753 ], [ 13.243129387069528, 52.65881090801534 ], [ 13.242896050741912, 52.658845888120702 ], [ 13.242954302415848, 52.658957841899998 ], [ 13.242878459156419, 52.659082169480847 ], [ 13.242453728597772, 52.659112256623523 ], [ 13.242653084308138, 52.659188230411196 ], [ 13.242543683955406, 52.659417950899105 ], [ 13.243167970475376, 52.659084865759873 ], [ 13.24329941206036, 52.658818521665665 ], [ 13.243622323964418, 52.657201950205092 ], [ 13.243574193191339, 52.65683144288959 ], [ 13.24334127774479, 52.656879584098974 ], [ 13.243134627323901, 52.65680539921992 ], [ 13.242353599132638, 52.656814748028218 ], [ 13.2422171697759, 52.656955281047956 ], [ 13.242383235936067, 52.657033361559911 ], [ 13.243103520726544, 52.657088859520272 ], [ 13.24298625443274, 52.657147335561383 ], [ 13.243254964515133, 52.657211887472279 ], [ 13.243335588777038, 52.657128843787632 ], [ 13.24321823022199, 52.657064272130341 ], [ 13.24343181714986, 52.657011315037941 ], [ 13.243456221331494, 52.657276999447731 ], [ 13.242748445749386, 52.657438388486717 ], [ 13.242831383532431, 52.657341191524253 ], [ 13.242681986656875, 52.657252893286518 ], [ 13.242033378745425, 52.657607144887557 ], [ 13.241781916527765, 52.657516874475114 ], [ 13.241898411482111, 52.657651450262108 ], [ 13.242370304326757, 52.657795811274895 ], [ 13.24228626968068, 52.657870251668662 ], [ 13.242373157981662, 52.657908662842445 ], [ 13.242364339308104, 52.658037726459085 ], [ 13.242202884168652, 52.657993643238854 ], [ 13.242162222880056, 52.65808465347029 ], [ 13.242292863501619, 52.658192499539297 ], [ 13.242206357172243, 52.658269116402742 ], [ 13.242485452681995, 52.658321513510572 ] ], [ [ 13.242485452681995, 52.658321513510572 ], [ 13.242507710279419, 52.658261995796622 ], [ 13.242685051686149, 52.658264311281926 ], [ 13.242485452681995, 52.658321513510572 ] ], [ [ 13.243395157551571, 52.657759576250612 ], [ 13.243363330428631, 52.657908386560578 ], [ 13.243293242725009, 52.65777258787616 ], [ 13.243395157551571, 52.657759576250612 ] ], [ [ 13.243368559651307, 52.657503164833507 ], [ 13.243296842823307, 52.657644975153907 ], [ 13.243103146396425, 52.657608755331012 ], [ 13.243027797964846, 52.657495407714457 ], [ 13.243230802686465, 52.657433461026613 ], [ 13.243368559651307, 52.657503164833507 ] ] ] } },
{ "type": "Feature", "properties": { "fid": "F_13377" }, "geometry": { "type": "Polygon", "coordinates": [ [ [ 13.285650418128693, 52.660104792891183 ], [ 13.285871448927345, 52.660091605675113 ], [ 13.285906521806627, 52.659841085913428 ], [ 13.285650418128693, 52.660104792891183 ] ] ] } },
{ "type": "Feature", "properties": { "fid": "F_13421" }, "geometry": { "type": "Polygon", "coordinates": [ [ [ 13.258593917723696, 52.6597094117678 ], [ 13.258406592854904, 52.659527646421871 ], [ 13.258267059320863, 52.659547247574309 ], [ 13.258495730627022, 52.659759422364537 ], [ 13.258593917723696, 52.6597094117678 ] ] ] } },
{ "type": "Feature", "properties": { "fid": "F_13422" }, "geometry": { "type": "Polygon", "coordinates": [ [ [ 13.244380848878691, 52.659404886381111 ], [ 13.244453412493586, 52.659393652649399 ], [ 13.244225868596486, 52.659230425056094 ], [ 13.244318339833239, 52.659551505400565 ], [ 13.244536006676656, 52.659464661410397 ], [ 13.244380848878691, 52.659404886381111 ] ] ] } },
{ "type": "Feature", "properties": { "fid": "F_13449" }, "geometry": { "type": "Polygon", "coordinates": [ [ [ 13.250182903795329, 52.659586300586056 ], [ 13.250098992616584, 52.659621025521623 ], [ 13.250180032344554, 52.659658186609065 ], [ 13.250182903795329, 52.659586300586056 ] ] ] } },
{ "type": "Feature", "properties": { "fid": "F_13564" }, "geometry": { "type": "Polygon", "coordinates": [ [ [ 13.282067869719564, 52.660241046783668 ], [ 13.282099389336535, 52.660161251974394 ], [ 13.28195841789643, 52.660205619445044 ], [ 13.282067869719564, 52.660241046783668 ] ] ] } },
{ "type": "Feature", "properties": { "fid": "F_13724" }, "geometry": { "type": "Polygon", "coordinates": [ [ [ 13.282327386599192, 52.660380341784368 ], [ 13.282445613991625, 52.660382055670098 ], [ 13.282388466401716, 52.660331055594376 ], [ 13.282327386599192, 52.660380341784368 ] ] ] } },
{ "type": "Feature", "properties": { "fid": "F_13804" }, "geometry": { "type": "Polygon", "coordinates": [ [ [ 13.282327386599192, 52.660380341784368 ], [ 13.282219742910234, 52.660391933542101 ], [ 13.282324567800741, 52.660452229019555 ], [ 13.282327386599192, 52.660380341784368 ] ] ] } },
{ "type": "Feature", "properties": { "fid": "F_13854" }, "geometry": { "type": "Polygon", "coordinates": [ [ [ 13.247599778191638, 52.659989492289263 ], [ 13.247626728859554, 52.659908164145541 ], [ 13.247549096056153, 52.65992701750919 ], [ 13.247599778191638, 52.659989492289263 ] ] ] } },
{ "type": "Feature", "properties": { "fid": "F_13907" }, "geometry": { "type": "Polygon", "coordinates": [ [ [ 13.276694852803264, 52.66042860598494 ], [ 13.276510905296172, 52.660384767842267 ], [ 13.27657036995962, 52.6604526791225 ], [ 13.276694852803264, 52.66042860598494 ] ] ] } },
{ "type": "Feature", "properties": { "fid": "F_14411" }, "geometry": { "type": "Polygon", "coordinates": [ [ [ 13.246809743693143, 52.660517268194035 ], [ 13.246836696171266, 52.660435940252391 ], [ 13.246759062099235, 52.660454793085798 ], [ 13.246809743693143, 52.660517268194035 ] ] ] } },
{ "type": "Feature", "properties": { "fid": "F_14488" }, "geometry": { "type": "Polygon", "coordinates": [ [ [ 13.253858920068469, 52.657878287246596 ], [ 13.253694957459619, 52.657742162812944 ], [ 13.25340472553458, 52.657739219280245 ], [ 13.253238841540677, 52.657854835103066 ], [ 13.252956168749261, 52.657755013352379 ], [ 13.251009673402395, 52.658261034908321 ], [ 13.250781430288859, 52.658474276073456 ], [ 13.250557490603674, 52.658272394900784 ], [ 13.249825845086892, 52.658448153851104 ], [ 13.250141365497685, 52.658487179880545 ], [ 13.249966821609803, 52.658517124228851 ], [ 13.249893162477445, 52.658764432236239 ], [ 13.250119240622215, 52.658810460859065 ], [ 13.25058834522741, 52.658644907513576 ], [ 13.250053592120445, 52.659052759003536 ], [ 13.250240806249545, 52.659495208136001 ], [ 13.250182903795329, 52.659586300586056 ], [ 13.250263944434243, 52.659623461629685 ], [ 13.2500337684, 52.659772804190766 ], [ 13.250018880347607, 52.659880529073561 ], [ 13.250422007399022, 52.6602221203539 ], [ 13.250354702168266, 52.660339959389667 ], [ 13.249951860622909, 52.660508808641133 ], [ 13.250551228617695, 52.660649644774672 ], [ 13.250667137095672, 52.660439627958333 ], [ 13.251177135863042, 52.660531676072893 ], [ 13.25119747133088, 52.660384397093956 ], [ 13.251002404572517, 52.660244965067839 ], [ 13.250492172902559, 52.660117283274133 ], [ 13.250375644547743, 52.659578837739637 ], [ 13.250634145399751, 52.659305618994466 ], [ 13.250659631091146, 52.659121222104673 ], [ 13.250485507081239, 52.6589145952154 ], [ 13.250783974479422, 52.65878087050568 ], [ 13.251235740324814, 52.658803959108049 ], [ 13.252487601540585, 52.658269936587736 ], [ 13.253235304781766, 52.658174947062136 ], [ 13.253825969203447, 52.658004694308929 ], [ 13.253858920068469, 52.657878287246596 ] ] ] } },
{ "type": "Feature", "properties": { "fid": "F_14674" }, "geometry": { "type": "Polygon", "coordinates": [ [ [ 13.248839343939517, 52.660645377045697 ], [ 13.248767762969296, 52.660632008505857 ], [ 13.248964957576685, 52.660627741198596 ], [ 13.248728984510587, 52.660523436774078 ], [ 13.248895081231037, 52.660457264659321 ], [ 13.248720145776829, 52.660343590953076 ], [ 13.248876975465295, 52.660321674673838 ], [ 13.248825531371534, 52.660259399374482 ], [ 13.248584051080213, 52.660161090876954 ], [ 13.248293029159241, 52.660191611407122 ], [ 13.248002402522816, 52.660066373502936 ], [ 13.247820952527984, 52.660105870970014 ], [ 13.247748250167163, 52.660212688464497 ], [ 13.247724454217586, 52.660076891746634 ], [ 13.247646309306631, 52.660066305940333 ], [ 13.24741733960755, 52.660200664516104 ], [ 13.24736676285754, 52.660168377440201 ], [ 13.24743932701864, 52.660157141885385 ], [ 13.247423128418816, 52.659996397869911 ], [ 13.247080549050128, 52.660155222520203 ], [ 13.247139450805372, 52.660260598512799 ], [ 13.247271128562176, 52.660250235937497 ], [ 13.246974641059014, 52.660275122667343 ], [ 13.246861433966954, 52.660383201761057 ], [ 13.246930979294005, 52.66041750821708 ], [ 13.246892050490644, 52.660554538633903 ], [ 13.247034583812155, 52.66043098289407 ], [ 13.247085161514702, 52.660463270124261 ], [ 13.247012595791029, 52.660474507088416 ], [ 13.246944852518011, 52.66068929014817 ], [ 13.247066450352541, 52.660606779958869 ], [ 13.247180809500254, 52.660705160247183 ], [ 13.247306642172653, 52.660607364449575 ], [ 13.247300903206973, 52.660781834122893 ], [ 13.247884054661322, 52.660579940333939 ], [ 13.248186360764379, 52.660720558710963 ], [ 13.248839343939517, 52.660645377045697 ] ], [ [ 13.247961274809205, 52.660416610781319 ], [ 13.247939550244617, 52.660494030004863 ], [ 13.247829669261881, 52.660426288132967 ], [ 13.247961274809205, 52.660416610781319 ] ], [ [ 13.247724824164473, 52.660413114092584 ], [ 13.247647608407156, 52.660494031952894 ], [ 13.247584945578472, 52.660429255712707 ], [ 13.247724824164473, 52.660413114092584 ] ] ] } },
{ "type": "Feature", "properties": { "fid": "F_14701" }, "geometry": { "type": "Polygon", "coordinates": [ [ [ 13.246944852518011, 52.66068929014817 ], [ 13.246722579368949, 52.660682225143475 ], [ 13.246763197765967, 52.660794494962857 ], [ 13.246944852518011, 52.66068929014817 ] ] ] } },
{ "type": "Feature", "properties": { "fid": "F_14782" }, "geometry": { "type": "Polygon", "coordinates": [ [ [ 13.281519426939168, 52.661375619453196 ], [ 13.281581378635243, 52.661304167318221 ], [ 13.2814637111009, 52.66126709371548 ], [ 13.281386800170411, 52.661357328798907 ], [ 13.281519426939168, 52.661375619453196 ] ] ] } },
{ "type": "Feature", "properties": { "fid": "F_14936" }, "geometry": { "type": "Polygon", "coordinates": [ [ [ 13.27785006265524, 52.661430235418827 ], [ 13.277870769612344, 52.661513246713582 ], [ 13.277924356552397, 52.66145086015819 ], [ 13.27785006265524, 52.661430235418827 ] ] ] } },
{ "type": "Feature", "properties": { "fid": "F_15084" }, "geometry": { "type": "Polygon", "coordinates": [ [ [ 13.28132797921986, 52.661732483080897 ], [ 13.281307263798842, 52.66164947231092 ], [ 13.281253681457153, 52.661711858787605 ], [ 13.28132797921986, 52.661732483080897 ] ] ] } },
{ "type": "Feature", "properties": { "fid": "F_15328" }, "geometry": { "type": "Polygon", "coordinates": [ [ [ 13.296848482745348, 52.661129423450056 ], [ 13.29696391819707, 52.661203010642183 ], [ 13.297159459395345, 52.661121248427115 ], [ 13.297893038340348, 52.661092927993842 ], [ 13.297877382177969, 52.661375760741343 ], [ 13.2976477868004, 52.661303431253359 ], [ 13.297401311410511, 52.661392013408495 ], [ 13.297689429183304, 52.661590425345295 ], [ 13.29767857442128, 52.661807335111916 ], [ 13.298015923949961, 52.661987926620931 ], [ 13.298615574529345, 52.662069766615524 ], [ 13.298975163357694, 52.662280967142536 ], [ 13.29961328651425, 52.66208689737563 ], [ 13.29967237015541, 52.662194269047241 ], [ 13.300267777991788, 52.662153747723764 ], [ 13.299971771075523, 52.662055498472725 ], [ 13.300220384738372, 52.662011530026312 ], [ 13.300216948259141, 52.661880899026052 ], [ 13.300652215531249, 52.661779426754904 ], [ 13.300986249814363, 52.661994838479195 ], [ 13.300978518597416, 52.662069043198692 ], [ 13.301495003898301, 52.66214848245005 ], [ 13.301757306556352, 52.662105952713368 ], [ 13.302085818457835, 52.661929453172846 ], [ 13.301848833531542, 52.661780778771039 ], [ 13.302044412283383, 52.661658340557544 ], [ 13.30253819643093, 52.661567041590878 ], [ 13.302005928413742, 52.66150966607394 ], [ 13.302128940960126, 52.661443573914482 ], [ 13.302027329861186, 52.661366273380629 ], [ 13.301004380860007, 52.661520683388154 ], [ 13.301126998621276, 52.661351945341643 ], [ 13.301659017217158, 52.661262480716445 ], [ 13.301788386176227, 52.661073769285039 ], [ 13.301972167501983, 52.661005282539094 ], [ 13.30185189906617, 52.660801350036209 ], [ 13.300550091652077, 52.661033519276067 ], [ 13.300764918840823, 52.661280410680391 ], [ 13.300067317641304, 52.661410870290624 ], [ 13.299707555059706, 52.661367444368629 ], [ 13.299374940525091, 52.661433000210195 ], [ 13.29947452233581, 52.661256366808068 ], [ 13.299816317497742, 52.661021904246674 ], [ 13.300087101558429, 52.660712753879835 ], [ 13.299068503714073, 52.660746392017316 ], [ 13.298858013153216, 52.660601533708473 ], [ 13.29840904662918, 52.660675268807054 ], [ 13.297989795279111, 52.660540125624564 ], [ 13.297717220572624, 52.660732589294035 ], [ 13.296945139727438, 52.660896362093155 ], [ 13.296884245807076, 52.660970241465641 ], [ 13.296638966080796, 52.660960797659122 ], [ 13.296939415822415, 52.661038713314703 ], [ 13.296941380367443, 52.661113005050723 ], [ 13.296848482745348, 52.661129423450056 ] ], [ [ 13.300948093659592, 52.661448352802218 ], [ 13.300838623178945, 52.661412942759647 ], [ 13.300979579914701, 52.661368552706733 ], [ 13.300948093659592, 52.661448352802218 ] ], [ [ 13.298983403227643, 52.662029039202224 ], [ 13.29887343844587, 52.6619613440009 ], [ 13.29907759415935, 52.66194034100242 ], [ 13.298983403227643, 52.662029039202224 ] ], [ [ 13.298743568900246, 52.661316410110345 ], [ 13.298803498395252, 52.661423374572131 ], [ 13.298465347866347, 52.661435903937793 ], [ 13.298743568900246, 52.661316410110345 ] ], [ [ 13.298326362460521, 52.661150657690165 ], [ 13.298298811767214, 52.661273675770957 ], [ 13.298120197156473, 52.661185187241536 ], [ 13.298326362460521, 52.661150657690165 ] ] ] } },
{ "type": "Feature", "properties": { "fid": "F_15355" }, "geometry": { "type": "Polygon", "coordinates": [ [ [ 13.281409449375028, 52.662067139462231 ], [ 13.281436338809245, 52.661985803138911 ], [ 13.281358716352299, 52.662004678740914 ], [ 13.281409449375028, 52.662067139462231 ] ] ] } },
{ "type": "Feature", "properties": { "fid": "F_15357" }, "geometry": { "type": "Polygon", "coordinates": [ [ [ 13.280981645700635, 52.661647188994806 ], [ 13.280921223970985, 52.66154676203832 ], [ 13.280598597774958, 52.66157528664678 ], [ 13.280708500837175, 52.661811999941683 ], [ 13.280638796128629, 52.662058082719021 ], [ 13.280809319311548, 52.662021135231292 ], [ 13.280981645700635, 52.661647188994806 ] ], [ [ 13.280652529899031, 52.661653353893747 ], [ 13.280859287428031, 52.661617791502508 ], [ 13.280804318914784, 52.661775845220362 ], [ 13.280652529899031, 52.661653353893747 ] ] ] } },
{ "type": "Feature", "properties": { "fid": "F_15360" }, "geometry": { "type": "Polygon", "coordinates": [ [ [ 13.285164863581818, 52.661931932055516 ], [ 13.285386576825847, 52.662130624814587 ], [ 13.285346219338813, 52.661946813371237 ], [ 13.285164863581818, 52.661931932055516 ] ] ] } },
{ "type": "Feature", "properties": { "fid": "F_15476" }, "geometry": { "type": "Polygon", "coordinates": [ [ [ 13.274728927991859, 52.662109923181589 ], [ 13.274750606185696, 52.662032498673334 ], [ 13.274619001014354, 52.662042205788516 ], [ 13.274728927991859, 52.662109923181589 ] ] ] } },
{ "type": "Feature", "properties": { "fid": "F_15605" }, "geometry": { "type": "Polygon", "coordinates": [ [ [ 13.243260502627711, 52.661795478256479 ], [ 13.243323682697147, 52.661619404606064 ], [ 13.243245256774477, 52.661497635728338 ], [ 13.243148274913679, 52.661511247236177 ], [ 13.243170965871064, 52.661580667341902 ], [ 13.243066783253321, 52.661653527059258 ], [ 13.242974285593574, 52.661491299744114 ], [ 13.242854835668869, 52.661780999150537 ], [ 13.243260502627711, 52.661795478256479 ] ] ] } },
{ "type": "Feature", "properties": { "fid": "F_15620" }, "geometry": { "type": "Polygon", "coordinates": [ [ [ 13.243743638253539, 52.661742093081607 ], [ 13.243567128311666, 52.661737439564554 ], [ 13.243530292360525, 52.661827048291997 ], [ 13.243743638253539, 52.661742093081607 ] ] ] } },
{ "type": "Feature", "properties": { "fid": "F_15663" }, "geometry": { "type": "Polygon", "coordinates": [ [ [ 13.280808866639909, 52.662396186767481 ], [ 13.280832484280554, 52.662300719528183 ], [ 13.280700539426157, 52.662418777732832 ], [ 13.280808866639909, 52.662396186767481 ] ] ] } },
{ "type": "Feature", "properties": { "fid": "F_15700" }, "geometry": { "type": "Polygon", "coordinates": [ [ [ 13.274678748680056, 52.662355129051548 ], [ 13.27456193231259, 52.662317463914135 ], [ 13.274580999699479, 52.662382926468538 ], [ 13.274678748680056, 52.662355129051548 ] ] ] } },
{ "type": "Feature", "properties": { "fid": "F_15746" }, "geometry": { "type": "Polygon", "coordinates": [ [ [ 13.274796980926222, 52.662356850611694 ], [ 13.274678748680056, 52.662355129051548 ], [ 13.274675917131477, 52.662427015973954 ], [ 13.274796980926222, 52.662356850611694 ] ] ] } },
{ "type": "Feature", "properties": { "fid": "F_15750" }, "geometry": { "type": "Polygon", "coordinates": [ [ [ 13.243611610837407, 52.661978925892996 ], [ 13.243643201593221, 52.661899141957626 ], [ 13.243502186644639, 52.661943463271953 ], [ 13.243611610837407, 52.661978925892996 ] ] ] } },
{ "type": "Feature", "properties": { "fid": "F_15864" }, "geometry": { "type": "Polygon", "coordinates": [ [ [ 13.26804940837753, 52.661666338153751 ], [ 13.267607336135232, 52.661666283897496 ], [ 13.267419085916218, 52.661936844000259 ], [ 13.267598785252373, 52.662334129627631 ], [ 13.26785323550437, 52.662449500004712 ], [ 13.268308960494366, 52.662478480875748 ], [ 13.26842204208106, 52.662268509637251 ], [ 13.268680892265943, 52.662115161640074 ], [ 13.268719012310479, 52.661893505166724 ], [ 13.26804940837753, 52.661666338153751 ] ] ] } },
{ "type": "Feature", "properties": { "fid": "F_15882" }, "geometry": { "type": "Polygon", "coordinates": [ [ [ 13.281145506270722, 52.662435402242046 ], [ 13.28106753872742, 52.662340093833016 ], [ 13.280927130555369, 52.662358058283004 ], [ 13.280873569162281, 52.662454461362124 ], [ 13.281162814288841, 52.662596736415836 ], [ 13.281117549561177, 52.662678210549196 ], [ 13.281333898374163, 52.662617304417878 ], [ 13.28136664783222, 52.662484829487063 ], [ 13.281145506270722, 52.662435402242046 ] ] ] } },
{ "type": "Feature", "properties": { "fid": "F_15901" }, "geometry": { "type": "Polygon", "coordinates": [ [ [ 13.280228621087378, 52.662615632750324 ], [ 13.280144727385771, 52.662650379099624 ], [ 13.280225798617785, 52.662687519879142 ], [ 13.280228621087378, 52.662615632750324 ] ] ] } },
{ "type": "Feature", "properties": { "fid": "F_15931" }, "geometry": { "type": "Polygon", "coordinates": [ [ [ 13.295242945912262, 52.662868568994718 ], [ 13.295103075715494, 52.6628847667888 ], [ 13.295165812812774, 52.662949518484147 ], [ 13.295242945912262, 52.662868568994718 ] ] ] } },
{ "type": "Feature", "properties": { "fid": "F_15961" }, "geometry": { "type": "Polygon", "coordinates": [ [ [ 13.243843669789447, 52.662157743422249 ], [ 13.24392262423121, 52.662242625857274 ], [ 13.244070372607959, 52.662196733371822 ], [ 13.243843669789447, 52.662157743422249 ] ] ] } },
{ "type": "Feature", "properties": { "fid": "F_15962" }, "geometry": { "type": "Polygon", "coordinates": [ [ [ 13.248909989205764, 52.662280965909162 ], [ 13.248954900585016, 52.662193545983136 ], [ 13.248518150169696, 52.662220226467198 ], [ 13.248495964186485, 52.662310652488252 ], [ 13.248909989205764, 52.662280965909162 ] ] ] } },
{ "type": "Feature", "properties": { "fid": "F_16006" }, "geometry": { "type": "Polygon", "coordinates": [ [ [ 13.243333214333088, 52.662254188819915 ], [ 13.243475812486224, 52.662290738811315 ], [ 13.243399304091712, 52.662204680103748 ], [ 13.243333214333088, 52.662254188819915 ] ] ] } },
{ "type": "Feature", "properties": { "fid": "F_16046" }, "geometry": { "type": "Polygon", "coordinates": [ [ [ 13.2426800654868, 52.662316431869428 ], [ 13.242850557730456, 52.662089951258004 ], [ 13.243079933573501, 52.662054753830937 ], [ 13.243251605009482, 52.661934515685431 ], [ 13.243041672341985, 52.661950192231124 ], [ 13.242835979240901, 52.661807534090549 ], [ 13.2426800654868, 52.662316431869428 ] ] ] } },
{ "type": "Feature", "properties": { "fid": "F_16086" }, "geometry": { "type": "Polygon", "coordinates": [ [ [ 13.273183842608884, 52.662764920787183 ], [ 13.273181008565675, 52.662836807648034 ], [ 13.27332062242942, 52.662818945044137 ], [ 13.273183842608884, 52.662764920787183 ] ] ] } },
{ "type": "Feature", "properties": { "fid": "F_16118" }, "geometry": { "type": "Polygon", "coordinates": [ [ [ 13.27779353535891, 52.662867976302778 ], [ 13.27770963927718, 52.66290272090599 ], [ 13.277790708868306, 52.662939863336653 ], [ 13.27779353535891, 52.662867976302778 ] ] ] } },
{ "type": "Feature", "properties": { "fid": "F_16144" }, "geometry": { "type": "Polygon", "coordinates": [ [ [ 13.2426800654868, 52.662316431869428 ], [ 13.242620950425065, 52.662315555085527 ], [ 13.242615182131823, 52.662459326482498 ], [ 13.242674297387349, 52.662460203270932 ], [ 13.2426800654868, 52.662316431869428 ] ] ] } },
{ "type": "Feature", "properties": { "fid": "F_16151" }, "geometry": { "type": "Polygon", "coordinates": [ [ [ 13.282872985191181, 52.663062442803565 ], [ 13.283083042551462, 52.662996930341038 ], [ 13.283485017664132, 52.663047639181308 ], [ 13.283517767802994, 52.662809272976517 ], [ 13.283381576338185, 52.6628976309254 ], [ 13.283242165052306, 52.662695298298374 ], [ 13.282921293943291, 52.662710948783335 ], [ 13.282872985191181, 52.663062442803565 ] ] ] } },
{ "type": "Feature", "properties": { "fid": "F_16239" }, "geometry": { "type": "Polygon", "coordinates": [ [ [ 13.280331331716368, 52.663012728000837 ], [ 13.280449199364485, 52.662646367988323 ], [ 13.280287737732795, 52.662616490779932 ], [ 13.28033344941503, 52.662675928357231 ], [ 13.280068905212538, 52.662775573579843 ], [ 13.280298712762695, 52.662841968643512 ], [ 13.279976628672893, 52.663007579484741 ], [ 13.280116903229208, 52.663031652565849 ], [ 13.280149746228242, 52.663117984556862 ], [ 13.28020886354901, 52.663118842631476 ], [ 13.280172399509919, 52.662960303365594 ], [ 13.280331331716368, 52.663012728000837 ] ] ] } },
{ "type": "Feature", "properties": { "fid": "F_16240" }, "geometry": { "type": "Polygon", "coordinates": [ [ [ 13.280331331716368, 52.663012728000837 ], [ 13.280328509374792, 52.663084615128689 ], [ 13.280445332861992, 52.663122274635128 ], [ 13.280331331716368, 52.663012728000837 ] ] ] } },
{ "type": "Feature", "properties": { "fid": "F_16246" }, "geometry": { "type": "Polygon", "coordinates": [ [ [ 13.243333214333088, 52.662254188819915 ], [ 13.242761904811154, 52.662542790903331 ], [ 13.242970379704548, 52.662584094578925 ], [ 13.243288348129507, 52.662469465431499 ], [ 13.243333214333088, 52.662254188819915 ] ] ] } },
{ "type": "Feature", "properties": { "fid": "F_16269" }, "geometry": { "type": "Polygon", "coordinates": [ [ [ 13.277196711489031, 52.663003156233664 ], [ 13.277192470259093, 52.663110986747796 ], [ 13.277251587478641, 52.663111846297383 ], [ 13.27725582856322, 52.663004015779876 ], [ 13.277196711489031, 52.663003156233664 ] ] ] } },
{ "type": "Feature", "properties": { "fid": "F_16275" }, "geometry": { "type": "Polygon", "coordinates": [ [ [ 13.277904703418129, 52.663049412361275 ], [ 13.277925411174175, 52.663132423632042 ], [ 13.277979000070779, 52.663070037084452 ], [ 13.277904703418129, 52.663049412361275 ] ] ] } },
{ "type": "Feature", "properties": { "fid": "F_16294" }, "geometry": { "type": "Polygon", "coordinates": [ [ [ 13.295768855086385, 52.663363455056903 ], [ 13.295700501478061, 52.663270754894072 ], [ 13.295555642545938, 52.663415125482466 ], [ 13.295768855086385, 52.663363455056903 ] ] ] } },
{ "type": "Feature", "properties": { "fid": "F_16303" }, "geometry": { "type": "Polygon", "coordinates": [ [ [ 13.243793164477738, 52.662584685264221 ], [ 13.243734049018821, 52.662583809032391 ], [ 13.243760257228091, 52.66266778569549 ], [ 13.243793164477738, 52.662584685264221 ] ] ] } },
{ "type": "Feature", "properties": { "fid": "F_16304" }, "geometry": { "type": "Polygon", "coordinates": [ [ [ 13.243730124876084, 52.662468325788062 ], [ 13.243682918475265, 52.662424513491715 ], [ 13.243557700387075, 52.662505859168505 ], [ 13.243898468107453, 52.662560184376517 ], [ 13.244026175311673, 52.662674273235702 ], [ 13.24422515672337, 52.662557968119238 ], [ 13.244011853627262, 52.662321161973495 ], [ 13.24396410965295, 52.662422411025346 ], [ 13.243766266571379, 52.662352907319224 ], [ 13.243717059988299, 52.662233555137931 ], [ 13.243540646958142, 52.662365735702082 ], [ 13.243822295049387, 52.662441260112239 ], [ 13.243730124876084, 52.662468325788062 ] ], [ [ 13.244069971465075, 52.662494609994852 ], [ 13.244108408976745, 52.662567108084716 ], [ 13.243834692279032, 52.662461619962961 ], [ 13.244069971465075, 52.662494609994852 ] ] ] } },
{ "type": "Feature", "properties": { "fid": "F_16369" }, "geometry": { "type": "Polygon", "coordinates": [ [ [ 13.295282478764047, 52.663372633358826 ], [ 13.295329425017391, 52.663495881284611 ], [ 13.295422463634228, 52.663434423314882 ], [ 13.295282478764047, 52.663372633358826 ] ] ] } },
{ "type": "Feature", "properties": { "fid": "F_16405" }, "geometry": { "type": "Polygon", "coordinates": [ [ [ 13.248412287251607, 52.662125906174417 ], [ 13.248524462131021, 52.662053704881068 ], [ 13.248337110097742, 52.662060084346798 ], [ 13.248283810288875, 52.661982433393753 ], [ 13.247793422908545, 52.66208151264005 ], [ 13.247806955281698, 52.662228746994579 ], [ 13.246677444807037, 52.662143218979452 ], [ 13.246605486321672, 52.661926368808288 ], [ 13.246431636387639, 52.662038063147783 ], [ 13.246451970323415, 52.662259223887446 ], [ 13.245840779750004, 52.662466699189018 ], [ 13.245919560373718, 52.662557812269235 ], [ 13.246230533898737, 52.662619803784054 ], [ 13.246411270615168, 52.662805108520722 ], [ 13.246817643305555, 52.662831035364654 ], [ 13.247008628947036, 52.66273580301214 ], [ 13.246665419277832, 52.662579966542282 ], [ 13.246658418443678, 52.662503791294434 ], [ 13.248013476466383, 52.66234280287523 ], [ 13.248263466450162, 52.662456445221068 ], [ 13.2484508016404, 52.662384126474564 ], [ 13.248217869170626, 52.662290544031826 ], [ 13.24862704825672, 52.662143005877617 ], [ 13.248412287251607, 52.662125906174417 ] ] ] } },
{ "type": "Feature", "properties": { "fid": "F_16412" }, "geometry": { "type": "Polygon", "coordinates": [ [ [ 13.243762817117235, 52.662797350514197 ], [ 13.243788841105133, 52.662692513875108 ], [ 13.243649047786858, 52.662732936905073 ], [ 13.243762817117235, 52.662797350514197 ] ] ] } },
{ "type": "Feature", "properties": { "fid": "F_16429" }, "geometry": { "type": "Polygon", "coordinates": [ [ [ 13.282686156742455, 52.663298629576275 ], [ 13.282683338235374, 52.663370516789385 ], [ 13.282822950185347, 52.663352642971716 ], [ 13.282686156742455, 52.663298629576275 ] ] ] } },
{ "type": "Feature", "properties": { "fid": "F_16441" }, "geometry": { "type": "Polygon", "coordinates": [ [ [ 13.298411554747645, 52.663525502501521 ], [ 13.298271683534672, 52.663541704026628 ], [ 13.298334426273252, 52.663606454084345 ], [ 13.298411554747645, 52.663525502501521 ] ] ] } },
{ "type": "Feature", "properties": { "fid": "F_16444" }, "geometry": { "type": "Polygon", "coordinates": [ [ [ 13.280051417219253, 52.663128972041768 ], [ 13.279955147053299, 52.663233938379008 ], [ 13.27981387690606, 52.663192868488224 ], [ 13.279789395891097, 52.663256609702032 ], [ 13.279918378163666, 52.663352413138178 ], [ 13.280090996371984, 52.663357096411964 ], [ 13.280291093870298, 52.663207013633347 ], [ 13.280520517474038, 52.663159329773542 ], [ 13.280051417219253, 52.663128972041768 ] ] ] } },
{ "type": "Feature", "properties": { "fid": "F_16477" }, "geometry": { "type": "Polygon", "coordinates": [ [ [ 13.242615182131823, 52.662459326482498 ], [ 13.242414045451266, 52.662833282663982 ], [ 13.242915554434466, 52.662690084405277 ], [ 13.242518177402763, 52.662693760837207 ], [ 13.242647568434972, 52.66261779956838 ], [ 13.242615182131823, 52.662459326482498 ] ] ] } },
{ "type": "Feature", "properties": { "fid": "F_16575" }, "geometry": { "type": "Polygon", "coordinates": [ [ [ 13.244393463412543, 52.662931711916684 ], [ 13.244433350545762, 52.662845922044717 ], [ 13.244186883689141, 52.662859268682908 ], [ 13.244143756410674, 52.662964204257761 ], [ 13.244393463412543, 52.662931711916684 ] ] ] } },
{ "type": "Feature", "properties": { "fid": "F_16673" }, "geometry": { "type": "Polygon", "coordinates": [ [ [ 13.278419805046131, 52.663488466363013 ], [ 13.278242451763139, 52.663485889361183 ], [ 13.278239625945977, 52.66355777640446 ], [ 13.278416979519697, 52.663560353412947 ], [ 13.278419805046131, 52.663488466363013 ] ] ] } },
{ "type": "Feature", "properties": { "fid": "F_16784" }, "geometry": { "type": "Polygon", "coordinates": [ [ [ 13.278480335523383, 52.663453381778211 ], [ 13.278536042938374, 52.66359980230694 ], [ 13.27873213604118, 52.663681550745686 ], [ 13.278573847855228, 52.663469421027166 ], [ 13.278480335523383, 52.663453381778211 ] ] ] } },
{ "type": "Feature", "properties": { "fid": "F_16785" }, "geometry": { "type": "Polygon", "coordinates": [ [ [ 13.243426940389803, 52.66286697033425 ], [ 13.243364179969115, 52.662779763810782 ], [ 13.242873677095959, 52.662851356212755 ], [ 13.242779908777161, 52.662776508808449 ], [ 13.242624208295151, 52.662871414841106 ], [ 13.242619604069285, 52.66295305685923 ], [ 13.242848322210367, 52.662987671289713 ], [ 13.242564157611289, 52.663075597564131 ], [ 13.242613532957687, 52.663163063113913 ], [ 13.242984693512271, 52.663169374830673 ], [ 13.243426940389803, 52.66286697033425 ] ], [ [ 13.243070803739565, 52.662897654240702 ], [ 13.243043842667422, 52.662978981219666 ], [ 13.242993163716289, 52.662916504547233 ], [ 13.243070803739565, 52.662897654240702 ] ] ] } },
{ "type": "Feature", "properties": { "fid": "F_16819" }, "geometry": { "type": "Polygon", "coordinates": [ [ [ 13.243961864972189, 52.662802971022785 ], [ 13.243868490080837, 52.662817724255085 ], [ 13.243885419631161, 52.662920985998689 ], [ 13.243336582336084, 52.663004131101083 ], [ 13.243457162198027, 52.663065835168766 ], [ 13.243272595654782, 52.663109933123799 ], [ 13.243427940090051, 52.663201058591099 ], [ 13.243916285037615, 52.663002995706613 ], [ 13.244000774506592, 52.662920273378774 ], [ 13.243961864972189, 52.662802971022785 ] ] ] } },
{ "type": "Feature", "properties": { "fid": "F_16848" }, "geometry": { "type": "Polygon", "coordinates": [ [ [ 13.296626410411806, 52.662277078209478 ], [ 13.296698010280668, 52.662290416342557 ], [ 13.296530822946217, 52.662304273893021 ], [ 13.296333622987191, 52.662200940794563 ], [ 13.296474562468296, 52.662320165099544 ], [ 13.296051381009327, 52.662430648059555 ], [ 13.296059841860753, 52.662521591160534 ], [ 13.296585818691977, 52.662616816104183 ], [ 13.29663734473746, 52.662700004634885 ], [ 13.296278295758079, 52.66264695433857 ], [ 13.296159542733156, 52.662726851081395 ], [ 13.295868151060589, 52.662717251352582 ], [ 13.295813921395059, 52.662692501263848 ], [ 13.296021261007169, 52.662628016741067 ], [ 13.295946246100618, 52.662608955938225 ], [ 13.296022659282624, 52.662592072880003 ], [ 13.295961913761003, 52.662539885757802 ], [ 13.295526282073359, 52.662583511007973 ], [ 13.295736759787399, 52.662672197776274 ], [ 13.295199239924445, 52.662800858375689 ], [ 13.295242945912262, 52.662868568994718 ], [ 13.295922172970412, 52.662837984295209 ], [ 13.295803952321029, 52.663022987575886 ], [ 13.29496673051985, 52.663126439163243 ], [ 13.294714993967009, 52.663065200320403 ], [ 13.294720940039626, 52.663169155356556 ], [ 13.294988788707784, 52.663366300353793 ], [ 13.295282478764047, 52.663372633358826 ], [ 13.295408103633589, 52.663243456127368 ], [ 13.295608211058711, 52.663264386960833 ], [ 13.295456571660214, 52.66316214515345 ], [ 13.295855082009341, 52.663154128008621 ], [ 13.295925658538904, 52.662972197982626 ], [ 13.296183425041757, 52.663185472224193 ], [ 13.296278742574778, 52.663091365664641 ], [ 13.29646761148825, 52.663225206249614 ], [ 13.296593344461249, 52.663127357320278 ], [ 13.296772747001558, 52.663243938708057 ], [ 13.297078889350352, 52.663216397492747 ], [ 13.297141611972792, 52.663426848154401 ], [ 13.297296764339411, 52.663412887017707 ], [ 13.297208361703555, 52.663627382266526 ], [ 13.296683595483159, 52.663603965572982 ], [ 13.29663241182365, 52.663643795147934 ], [ 13.29676913182052, 52.663663742502983 ], [ 13.296598518960741, 52.663733288051802 ], [ 13.296699706995268, 52.663859983273966 ], [ 13.29677516111626, 52.663770860036593 ], [ 13.296952667643737, 52.663883937431812 ], [ 13.297422691297873, 52.663960494697967 ], [ 13.297721622316537, 52.663821286164087 ], [ 13.297722229310628, 52.663708731371273 ], [ 13.29743952341529, 52.663535597330828 ], [ 13.297957066801009, 52.663481851341622 ], [ 13.298044235012373, 52.663378881729734 ], [ 13.298759285005428, 52.663710315412253 ], [ 13.298713686316386, 52.663612374862083 ], [ 13.298155999997988, 52.663294721999911 ], [ 13.298292684054916, 52.663278017719612 ], [ 13.298561296745774, 52.663438866807105 ], [ 13.298730481513918, 52.663450268973534 ], [ 13.298795188470804, 52.663595386928073 ], [ 13.29904303184394, 52.663569303467931 ], [ 13.299022154241776, 52.663626409106577 ], [ 13.299138760466089, 52.663679799284786 ], [ 13.299054878504659, 52.663714559112684 ], [ 13.299092744213789, 52.663762866201374 ], [ 13.299192262573442, 52.663744609946619 ], [ 13.299539560720882, 52.664061504558262 ], [ 13.299660012152087, 52.664069132899591 ], [ 13.299085989578364, 52.663479763866178 ], [ 13.298895353059741, 52.66313951440425 ], [ 13.298787045979967, 52.662723039893983 ], [ 13.298176605423746, 52.662778157900206 ], [ 13.298403370313327, 52.662918387320389 ], [ 13.298223173849898, 52.662994979261221 ], [ 13.297586232862409, 52.662749044478566 ], [ 13.297684583000612, 52.662611360025366 ], [ 13.297946714013959, 52.662492517074824 ], [ 13.298302977789376, 52.662432836408357 ], [ 13.298321821696943, 52.662322845038098 ], [ 13.297608685301027, 52.662262729701368 ], [ 13.297612487871428, 52.662145567253134 ], [ 13.297227589310847, 52.662053288051048 ], [ 13.296626410411806, 52.662277078209478 ] ], [ [ 13.297132756438678, 52.662945913633763 ], [ 13.296766149417575, 52.662732499366442 ], [ 13.296910328114375, 52.662601375742589 ], [ 13.297394571042323, 52.662879837278858 ], [ 13.297132756438678, 52.662945913633763 ] ], [ [ 13.295780597013026, 52.662732447404224 ], [ 13.295745590016619, 52.662816356820748 ], [ 13.295580580633326, 52.662746743487212 ], [ 13.295780597013026, 52.662732447404224 ] ], [ [ 13.297471248730819, 52.66336813943353 ], [ 13.29766543947521, 52.663386329578287 ], [ 13.297511255272992, 52.663417092970839 ], [ 13.297214759222147, 52.663318339237797 ], [ 13.297432112587098, 52.663279334346406 ], [ 13.297471248730819, 52.66336813943353 ] ] ] } },
{ "type": "Feature", "properties": { "fid": "F_16876" }, "geometry": { "type": "Polygon", "coordinates": [ [ [ 13.281781062496057, 52.663753040517619 ], [ 13.28180177791654, 52.663836051166292 ], [ 13.281855362215582, 52.663773662833229 ], [ 13.281781062496057, 52.663753040517619 ] ] ] } },
{ "type": "Feature", "properties": { "fid": "F_16944" }, "geometry": { "type": "Polygon", "coordinates": [ [ [ 13.27426740713282, 52.663787701657739 ], [ 13.274030934996025, 52.663784257298175 ], [ 13.274241521079478, 52.6638480140046 ], [ 13.27426740713282, 52.663787701657739 ] ] ] } },
{ "type": "Feature", "properties": { "fid": "F_16969" }, "geometry": { "type": "Polygon", "coordinates": [ [ [ 13.282739637553268, 52.663443260817459 ], [ 13.282602263630071, 52.663333377667229 ], [ 13.282686156742455, 52.663298629576275 ], [ 13.282545393340797, 52.663151064392792 ], [ 13.282776457708165, 52.663229747661013 ], [ 13.282638313398838, 52.663010223881962 ], [ 13.282525433647729, 52.663129385764741 ], [ 13.282429919539508, 52.663058637026651 ], [ 13.281880916701787, 52.663312190009215 ], [ 13.281891380175852, 52.663425010312828 ], [ 13.282115126976489, 52.663594886675916 ], [ 13.282094763298605, 52.663879933566044 ], [ 13.28218701401323, 52.663986352331406 ], [ 13.282759934159518, 52.663786020496318 ], [ 13.282661548035081, 52.663672523602656 ], [ 13.282767326770527, 52.663679235403634 ], [ 13.282739637553268, 52.663443260817459 ] ], [ [ 13.282526050951404, 52.663439952718029 ], [ 13.282266009406635, 52.66348737274307 ], [ 13.282389159077432, 52.663330288677642 ], [ 13.282526050951404, 52.663439952718029 ] ] ] } },
{ "type": "Feature", "properties": { "fid": "F_16971" }, "geometry": { "type": "Polygon", "coordinates": [ [ [ 13.27320186583977, 52.66380814175038 ], [ 13.273083629776542, 52.663806418566132 ], [ 13.273140770935237, 52.663857421402135 ], [ 13.27320186583977, 52.66380814175038 ] ] ] } },
{ "type": "Feature", "properties": { "fid": "F_17153" }, "geometry": { "type": "Polygon", "coordinates": [ [ [ 13.28188519961299, 52.66411419090398 ], [ 13.281908677646983, 52.664235804030554 ], [ 13.282023203752273, 52.664135490423845 ], [ 13.28188519961299, 52.66411419090398 ] ] ] } },
{ "type": "Feature", "properties": { "fid": "F_17198" }, "geometry": { "type": "Polygon", "coordinates": [ [ [ 13.303548748975869, 52.664633144308489 ], [ 13.303579184897066, 52.664498698892878 ], [ 13.303376460245346, 52.664527246638087 ], [ 13.303548748975869, 52.664633144308489 ] ] ] } },
{ "type": "Feature", "properties": { "fid": "F_17225" }, "geometry": { "type": "Polygon", "coordinates": [ [ [ 13.28188519961299, 52.66411419090398 ], [ 13.281865339255939, 52.6639957538126 ], [ 13.281710663657817, 52.664039731899138 ], [ 13.281756014700512, 52.664118778812103 ], [ 13.28150243115269, 52.664139896210735 ], [ 13.281593836625046, 52.664002073616032 ], [ 13.281120888265153, 52.663995213640575 ], [ 13.281118067118859, 52.66406710078622 ], [ 13.281367986404772, 52.664058415526227 ], [ 13.281181309533061, 52.664129603106595 ], [ 13.281413556690246, 52.664375096388781 ], [ 13.281745457970427, 52.664338870844944 ], [ 13.281720958347778, 52.664190322528839 ], [ 13.28188519961299, 52.66411419090398 ] ] ] } },
{ "type": "Feature", "properties": { "fid": "F_17238" }, "geometry": { "type": "Polygon", "coordinates": [ [ [ 13.303866432829015, 52.66471859458737 ], [ 13.304014358013365, 52.664489264484537 ], [ 13.303608668510483, 52.664599530347495 ], [ 13.303866432829015, 52.66471859458737 ] ] ] } },
{ "type": "Feature", "properties": { "fid": "F_17262" }, "geometry": { "type": "Polygon", "coordinates": [ [ [ 13.304045185269942, 52.664685189289663 ], [ 13.30392555303991, 52.664719440850213 ], [ 13.304042401668191, 52.664757077285053 ], [ 13.304045185269942, 52.664685189289663 ] ] ] } },
{ "type": "Feature", "properties": { "fid": "F_17396" }, "geometry": { "type": "Polygon", "coordinates": [ [ [ 13.298759285005428, 52.663710315412253 ], [ 13.299249310400567, 52.664058761178069 ], [ 13.299162015526816, 52.66466148521674 ], [ 13.299217194559125, 52.664850104015997 ], [ 13.300162772391179, 52.664935863574129 ], [ 13.300163328476257, 52.664827716882449 ], [ 13.300285628846755, 52.664756824007689 ], [ 13.300762209358368, 52.664729925730271 ], [ 13.300757067892347, 52.664801006655267 ], [ 13.300460121419016, 52.664863073908968 ], [ 13.300934977865259, 52.664910009175586 ], [ 13.301157402949467, 52.664775735223294 ], [ 13.300334601032683, 52.664637025681564 ], [ 13.298759285005428, 52.663710315412253 ] ], [ [ 13.299978590778196, 52.664613812416817 ], [ 13.299996995333933, 52.664725235642187 ], [ 13.299810252977167, 52.664826777934572 ], [ 13.299633897097833, 52.664713861352865 ], [ 13.299589353237119, 52.664506465685747 ], [ 13.299971481123842, 52.664482956445916 ], [ 13.300062681182615, 52.664574823937059 ], [ 13.299978590778196, 52.664613812416817 ] ] ] } },
{ "type": "Feature", "properties": { "fid": "F_17421" }, "geometry": { "type": "Polygon", "coordinates": [ [ [ 13.304094563122703, 52.664937643450166 ], [ 13.304273499635521, 52.664707773494456 ], [ 13.304287870944947, 52.664992336439177 ], [ 13.305072022886867, 52.664925674398937 ], [ 13.305198785693861, 52.664862373237675 ], [ 13.305185576406638, 52.66472082279121 ], [ 13.305412951553054, 52.664864400242521 ], [ 13.305783229276416, 52.664808585168963 ], [ 13.305504533806161, 52.664598404528661 ], [ 13.304951548084471, 52.664516740479172 ], [ 13.30461253026531, 52.664817845809289 ], [ 13.304486303801875, 52.664756474431478 ], [ 13.304423792291681, 52.664460458596423 ], [ 13.304280897977318, 52.664451425729318 ], [ 13.304429886551347, 52.664623156644808 ], [ 13.304371223996426, 52.664674980592437 ], [ 13.304313425587086, 52.664632183856796 ], [ 13.304206516312039, 52.664704144028022 ], [ 13.304209511458987, 52.664563002063858 ], [ 13.304045185269942, 52.664685189289663 ], [ 13.304124936579647, 52.66471786941527 ], [ 13.304039618054643, 52.664828965279433 ], [ 13.30411122443622, 52.66484229898078 ], [ 13.303980497692466, 52.664828119072261 ], [ 13.30392555303991, 52.664719440850213 ], [ 13.303866432829015, 52.66471859458737 ], [ 13.303862256976968, 52.664826426569462 ], [ 13.303933863297996, 52.664839760377511 ], [ 13.303803136623642, 52.664825580273849 ], [ 13.303933104422901, 52.664953314410681 ], [ 13.303856689132935, 52.664970202542193 ], [ 13.303913867948006, 52.665021190837351 ], [ 13.304094563122703, 52.664937643450166 ] ] ] } },
{ "type": "Feature", "properties": { "fid": "F_17441" }, "geometry": { "type": "Polygon", "coordinates": [ [ [ 13.30243501054944, 52.665021771138278 ], [ 13.302414253626825, 52.664938763757405 ], [ 13.302360697005106, 52.665001159962557 ], [ 13.30243501054944, 52.665021771138278 ] ] ] } },
{ "type": "Feature", "properties": { "fid": "F_17618" }, "geometry": { "type": "Polygon", "coordinates": [ [ [ 13.301957865462009, 52.665122826105637 ], [ 13.301914169744837, 52.665178568055381 ], [ 13.302098962768506, 52.665297888749414 ], [ 13.302410906367518, 52.665185739497552 ], [ 13.302489902471992, 52.665043436436044 ], [ 13.302374273046171, 52.665062640649246 ], [ 13.301749347012453, 52.664855234840275 ], [ 13.301377810686626, 52.664826800719098 ], [ 13.301903636790628, 52.664942860408907 ], [ 13.301625361468158, 52.665066518913704 ], [ 13.301805346550831, 52.665143292284505 ], [ 13.301957865462009, 52.665122826105637 ] ], [ [ 13.301957865462009, 52.665122826105637 ], [ 13.301884945569487, 52.665066270676114 ], [ 13.301938502945848, 52.665003874693014 ], [ 13.301959258992969, 52.665086882149083 ], [ 13.302051074199365, 52.665025559535707 ], [ 13.302158209347548, 52.665155813256419 ], [ 13.301957865462009, 52.665122826105637 ] ] ] } },
{ "type": "Feature", "properties": { "fid": "F_17810" }, "geometry": { "type": "Polygon", "coordinates": [ [ [ 13.29390487686581, 52.665330823893569 ], [ 13.293829858308136, 52.665311761728034 ], [ 13.293906277014194, 52.665294880088567 ], [ 13.293724834550265, 52.6650641731595 ], [ 13.293777907382941, 52.665033398689047 ], [ 13.294543832872819, 52.664959431777049 ], [ 13.29461263055499, 52.665068964703849 ], [ 13.294808584003249, 52.665013852641557 ], [ 13.294605202745938, 52.66491365729356 ], [ 13.294999885643849, 52.664946942888243 ], [ 13.295311541106896, 52.664807728106851 ], [ 13.295043625043014, 52.664711434739026 ], [ 13.295052872164, 52.664472815940307 ], [ 13.294452811667156, 52.66441153259003 ], [ 13.294450887996373, 52.664346706540911 ], [ 13.294162524261658, 52.664239439465085 ], [ 13.294122098258196, 52.664051206711001 ], [ 13.293631895270416, 52.664112019206463 ], [ 13.294019090715869, 52.664277641830694 ], [ 13.293959996112877, 52.664487095372706 ], [ 13.294066821714534, 52.664594962989334 ], [ 13.293672206143476, 52.664627931118602 ], [ 13.293595040227601, 52.664698098606031 ], [ 13.293873065189892, 52.664846150680326 ], [ 13.293775139639315, 52.66499026529138 ], [ 13.293499434709432, 52.665109201610953 ], [ 13.293610230968364, 52.66526973651586 ], [ 13.29335584194669, 52.665176233093597 ], [ 13.293287653494328, 52.665301002456125 ], [ 13.293718487815338, 52.665422052630973 ], [ 13.293860498061557, 52.665415300782428 ], [ 13.29390487686581, 52.665330823893569 ] ] ] } },
{ "type": "Feature", "properties": { "fid": "F_17902" }, "geometry": { "type": "Polygon", "coordinates": [ [ [ 13.272438577200894, 52.665163650326988 ], [ 13.272265471375828, 52.665053234121359 ], [ 13.272283014872848, 52.665166420938249 ], [ 13.272438577200894, 52.665163650326988 ] ] ] } },
{ "type": "Feature", "properties": { "fid": "F_18086" }, "geometry": { "type": "Polygon", "coordinates": [ [ [ 13.259072253033162, 52.665230073219035 ], [ 13.258955045578862, 52.665074186971118 ], [ 13.258696483512249, 52.665086051516418 ], [ 13.259072253033162, 52.665230073219035 ] ] ] } },
{ "type": "Feature", "properties": { "fid": "F_18138" }, "geometry": { "type": "Polygon", "coordinates": [ [ [ 13.276212350472042, 52.665470359617899 ], [ 13.27609269496466, 52.665504582868351 ], [ 13.276111765923451, 52.665570045173745 ], [ 13.276212350472042, 52.665470359617899 ] ] ] } },
{ "type": "Feature", "properties": { "fid": "F_18162" }, "geometry": { "type": "Polygon", "coordinates": [ [ [ 13.269176208738697, 52.66477980678652 ], [ 13.269087217649652, 52.66464720737271 ], [ 13.268653880649126, 52.664711153785859 ], [ 13.268467212728691, 52.665011626716357 ], [ 13.268429641136187, 52.665481964383332 ], [ 13.269076275363838, 52.665109013450959 ], [ 13.269176208738697, 52.66477980678652 ] ] ] } },
{ "type": "Feature", "properties": { "fid": "F_18198" }, "geometry": { "type": "Polygon", "coordinates": [ [ [ 13.260034297039699, 52.665405762535748 ], [ 13.260155851777377, 52.665324045645882 ], [ 13.261403852311908, 52.66523384068897 ], [ 13.261686660717286, 52.66536210728912 ], [ 13.261958334754839, 52.665239955858517 ], [ 13.261887267415604, 52.665025989375955 ], [ 13.261618961507716, 52.664902782188733 ], [ 13.261455179830376, 52.664679327328102 ], [ 13.26088831223784, 52.664687724562583 ], [ 13.260352917436983, 52.664823651414373 ], [ 13.259961648666822, 52.66509914049503 ], [ 13.259275919038716, 52.665131511320581 ], [ 13.259149002198532, 52.665204561944506 ], [ 13.259480708451703, 52.665370518442877 ], [ 13.260034297039699, 52.665405762535748 ] ] ] } },
{ "type": "Feature", "properties": { "fid": "F_18375" }, "geometry": { "type": "Polygon", "coordinates": [ [ [ 13.244248843227192, 52.664497542363002 ], [ 13.244173848442301, 52.664478448956601 ], [ 13.244637998635906, 52.66427605582399 ], [ 13.244993219808704, 52.664254729331361 ], [ 13.245120861005814, 52.664140720097926 ], [ 13.245560069550713, 52.664100776344576 ], [ 13.245608794987227, 52.664006302069964 ], [ 13.245741191765356, 52.66416000447402 ], [ 13.247147176465603, 52.66402908837324 ], [ 13.247127259032402, 52.664099157589185 ], [ 13.247480470710586, 52.664069964620282 ], [ 13.247491045840427, 52.664144894266819 ], [ 13.247781185875914, 52.664104985682734 ], [ 13.247962145949304, 52.664182398632676 ], [ 13.248015016028686, 52.664100119092176 ], [ 13.248211419782679, 52.664060051559694 ], [ 13.248277779569506, 52.663914893506906 ], [ 13.248177956309943, 52.66387237899167 ], [ 13.248125474103938, 52.663825488230927 ], [ 13.247743170878078, 52.663772982766361 ], [ 13.247899554199723, 52.663572698173773 ], [ 13.24776362344863, 52.663554883463028 ], [ 13.247836193144392, 52.663543647718782 ], [ 13.247741353952858, 52.663455636099727 ], [ 13.247245568733794, 52.66356927782104 ], [ 13.247048372128365, 52.663539317160691 ], [ 13.24704796879441, 52.663723363805289 ], [ 13.246922092665447, 52.663738587977804 ], [ 13.246942157104897, 52.663605653293978 ], [ 13.245477965447167, 52.664021942521408 ], [ 13.245375379071323, 52.663989341603845 ], [ 13.246055491480446, 52.663697122648024 ], [ 13.245084640858947, 52.663521874146497 ], [ 13.245087609380878, 52.663448144708155 ], [ 13.245724131193082, 52.662972405938994 ], [ 13.245578084301503, 52.66284591353039 ], [ 13.245586074150271, 52.662983970776246 ], [ 13.245156855136095, 52.663018162134279 ], [ 13.244816171008207, 52.663169159362987 ], [ 13.245032610968785, 52.6633491495882 ], [ 13.244786838595491, 52.663552337358631 ], [ 13.244853697954056, 52.663631682858622 ], [ 13.244836667909029, 52.663805860567919 ], [ 13.245221385168094, 52.664044905863364 ], [ 13.244391476374206, 52.664304591530154 ], [ 13.244184704868681, 52.664294028703011 ], [ 13.244417926398619, 52.664119981396354 ], [ 13.2442847008647, 52.664043971648127 ], [ 13.244304076897137, 52.663903983697537 ], [ 13.244135729750154, 52.663853953476057 ], [ 13.243942969932752, 52.663970508711195 ], [ 13.24387015665887, 52.664466502000366 ], [ 13.242830798956323, 52.664789134989647 ], [ 13.242526699838528, 52.66477969028233 ], [ 13.242311095626542, 52.664919383751325 ], [ 13.241504883185691, 52.665068242462574 ], [ 13.241181519796813, 52.665251147742232 ], [ 13.241127887091579, 52.665153575372273 ], [ 13.241054792940643, 52.66533027388688 ], [ 13.244248843227192, 52.664497542363002 ] ], [ [ 13.248177956309943, 52.66387237899167 ], [ 13.248133009212399, 52.664023454882589 ], [ 13.247915714021774, 52.663909189487718 ], [ 13.248177956309943, 52.66387237899167 ] ], [ [ 13.246948860456159, 52.663770189840328 ], [ 13.246889736021689, 52.663839470401797 ], [ 13.246568336095832, 52.663860878866608 ], [ 13.246948860456159, 52.663770189840328 ] ], [ [ 13.24553113373727, 52.663820905786871 ], [ 13.245390984976027, 52.663882769366481 ], [ 13.245321433193748, 52.66379699168268 ], [ 13.24553113373727, 52.663820905786871 ] ] ] } },
{ "type": "Feature", "properties": { "fid": "F_18442" }, "geometry": { "type": "Polygon", "coordinates": [ [ [ 13.246771608277474, 52.665484136897952 ], [ 13.246815510638609, 52.665398688300044 ], [ 13.246669982389315, 52.665421663130424 ], [ 13.246771608277474, 52.665484136897952 ] ] ] } },
{ "type": "Feature", "properties": { "fid": "F_18534" }, "geometry": { "type": "Polygon", "coordinates": [ [ [ 13.247044795073188, 52.665581901609848 ], [ 13.247028877060876, 52.665501870548788 ], [ 13.246917467531105, 52.665568691211732 ], [ 13.247044795073188, 52.665581901609848 ] ] ] } },
{ "type": "Feature", "properties": { "fid": "F_18535" }, "geometry": { "type": "Polygon", "coordinates": [ [ [ 13.247103914682237, 52.665582776224824 ], [ 13.247181558654527, 52.665563923271549 ], [ 13.247130870018218, 52.665501446659789 ], [ 13.247103914682237, 52.665582776224824 ] ] ] } },
{ "type": "Feature", "properties": { "fid": "F_18543" }, "geometry": { "type": "Polygon", "coordinates": [ [ [ 13.24677960650526, 52.665586301794633 ], [ 13.246811194265085, 52.66550651703384 ], [ 13.246670170734335, 52.665550842020302 ], [ 13.24677960650526, 52.665586301794633 ] ] ] } },
{ "type": "Feature", "properties": { "fid": "F_18569" }, "geometry": { "type": "Polygon", "coordinates": [ [ [ 13.295491690488436, 52.666242626981216 ], [ 13.295852522292167, 52.666120591020388 ], [ 13.295533680868678, 52.666037580262596 ], [ 13.294670147633425, 52.666270404647541 ], [ 13.294853801238011, 52.666316966514053 ], [ 13.295491690488436, 52.666242626981216 ] ] ] } },
{ "type": "Feature", "properties": { "fid": "F_18573" }, "geometry": { "type": "Polygon", "coordinates": [ [ [ 13.268447713018851, 52.665860642744313 ], [ 13.268468404018709, 52.665943655488469 ], [ 13.268522009819687, 52.665881273390831 ], [ 13.268447713018851, 52.665860642744313 ] ] ] } },
{ "type": "Feature", "properties": { "fid": "F_18690" }, "geometry": { "type": "Polygon", "coordinates": [ [ [ 13.290876241183888, 52.66631009539357 ], [ 13.291150366559439, 52.666403397603638 ], [ 13.291703407574435, 52.666347433639402 ], [ 13.291539993980305, 52.665943818857222 ], [ 13.291201243426562, 52.665668747176298 ], [ 13.2907389371777, 52.665555609663457 ], [ 13.290314425277648, 52.665702596632748 ], [ 13.290306114707132, 52.665872988988575 ], [ 13.290118644816062, 52.666088982791109 ], [ 13.289883865617256, 52.666079941199243 ], [ 13.289999330233897, 52.666155010071705 ], [ 13.28998921980007, 52.666251921799443 ], [ 13.290876241183888, 52.66631009539357 ] ], [ [ 13.291183281902926, 52.666240910540736 ], [ 13.291447277291015, 52.666158547895755 ], [ 13.291483598213606, 52.666214824655668 ], [ 13.2912534340643, 52.666306632230928 ], [ 13.291183281902926, 52.666240910540736 ] ] ] } },
{ "type": "Feature", "properties": { "fid": "F_18705" }, "geometry": { "type": "Polygon", "coordinates": [ [ [ 13.248574719120338, 52.665784346737333 ], [ 13.248554645997807, 52.665664075191415 ], [ 13.248451603747361, 52.665744172785828 ], [ 13.248574719120338, 52.665784346737333 ] ] ] } },
{ "type": "Feature", "properties": { "fid": "F_18715" }, "geometry": { "type": "Polygon", "coordinates": [ [ [ 13.293350380659399, 52.665898262108975 ], [ 13.293324836988299, 52.665840312122036 ], [ 13.293073925467393, 52.665944696239748 ], [ 13.293094989818583, 52.66584300757183 ], [ 13.292339400933855, 52.66589767412335 ], [ 13.292162619877304, 52.665941292915811 ], [ 13.292099018629516, 52.666131979718237 ], [ 13.292203926048094, 52.666107518651337 ], [ 13.292450355589464, 52.666371932920931 ], [ 13.292772438492344, 52.66641546884825 ], [ 13.292826997200379, 52.666335196060174 ], [ 13.293174499493794, 52.666312719968715 ], [ 13.292918317484345, 52.66635956979642 ], [ 13.292864000309548, 52.666443306078278 ], [ 13.293006755202942, 52.666452368791703 ], [ 13.293671149788183, 52.666283470544926 ], [ 13.293489345153798, 52.666183584030769 ], [ 13.293884714391247, 52.666181358208611 ], [ 13.293763661488869, 52.666316219046635 ], [ 13.294579335704702, 52.666239632186098 ], [ 13.294384670949588, 52.665961445541363 ], [ 13.294284463375147, 52.666033949899997 ], [ 13.29384547015326, 52.665924918686336 ], [ 13.293972018969592, 52.665800848816744 ], [ 13.293350380659399, 52.665898262108975 ] ], [ [ 13.293350380659399, 52.665898262108975 ], [ 13.293050851246736, 52.666125395345361 ], [ 13.292963741063238, 52.666050842232643 ], [ 13.293350380659399, 52.665898262108975 ] ] ] } },
{ "type": "Feature", "properties": { "fid": "F_18764" }, "geometry": { "type": "Polygon", "coordinates": [ [ [ 13.294159937866102, 52.666453488073088 ], [ 13.294100759837422, 52.666376599037498 ], [ 13.294020830222482, 52.66639975095454 ], [ 13.29406436316803, 52.666532011414489 ], [ 13.294159937866102, 52.666453488073088 ] ] ] } },
{ "type": "Feature", "properties": { "fid": "F_18909" }, "geometry": { "type": "Polygon", "coordinates": [ [ [ 13.273334898971539, 52.666435457433529 ], [ 13.273475900075628, 52.666391098880553 ], [ 13.273366436456332, 52.666355665161426 ], [ 13.273334898971539, 52.666435457433529 ] ] ] } },
{ "type": "Feature", "properties": { "fid": "F_18914" }, "geometry": { "type": "Polygon", "coordinates": [ [ [ 13.24674344164807, 52.665721299727906 ], [ 13.246623763121008, 52.665755493011602 ], [ 13.246747221054864, 52.666048262943818 ], [ 13.246891818213953, 52.665973171256198 ], [ 13.246934680682452, 52.665806505173094 ], [ 13.247133949287045, 52.665788556595892 ], [ 13.247150087570937, 52.665907137055044 ], [ 13.247419441670885, 52.665715636319014 ], [ 13.247986086363568, 52.665756941341378 ], [ 13.248134058620723, 52.665829933707897 ], [ 13.248113838436176, 52.665901090092952 ], [ 13.248380232508788, 52.66572682255434 ], [ 13.248053942161807, 52.665552064250946 ], [ 13.247664777143365, 52.665581167948446 ], [ 13.247607412400585, 52.665442995343703 ], [ 13.247340393148912, 52.665586274389959 ], [ 13.247310726421684, 52.665692059342895 ], [ 13.246985651860911, 52.66575408620897 ], [ 13.246898421364037, 52.665663147992092 ], [ 13.246784536894214, 52.665682870486144 ], [ 13.24674344164807, 52.665721299727906 ] ], [ [ 13.24674344164807, 52.665721299727906 ], [ 13.246883364117112, 52.665783146475754 ], [ 13.24679025321962, 52.665844565671279 ], [ 13.24674344164807, 52.665721299727906 ] ] ] } },
{ "type": "Feature", "properties": { "fid": "F_18978" }, "geometry": { "type": "Polygon", "coordinates": [ [ [ 13.246962656573309, 52.666156113554564 ], [ 13.247021776954639, 52.666156988217118 ], [ 13.24699556060869, 52.666073010605665 ], [ 13.246962656573309, 52.666156113554564 ] ] ] } },
{ "type": "Feature", "properties": { "fid": "F_19032" }, "geometry": { "type": "Polygon", "coordinates": [ [ [ 13.26443549835264, 52.666495058726632 ], [ 13.264462422128705, 52.666413726607097 ], [ 13.26438478472209, 52.666432590945654 ], [ 13.26443549835264, 52.666495058726632 ] ] ] } },
{ "type": "Feature", "properties": { "fid": "F_19056" }, "geometry": { "type": "Polygon", "coordinates": [ [ [ 13.24684297701609, 52.666190307048502 ], [ 13.246733485081256, 52.666247461344078 ], [ 13.24684009939954, 52.666262192862696 ], [ 13.24684297701609, 52.666190307048502 ] ] ] } },
{ "type": "Feature", "properties": { "fid": "F_19089" }, "geometry": { "type": "Polygon", "coordinates": [ [ [ 13.273446057179694, 52.666616897490371 ], [ 13.273368423145635, 52.666635767744502 ], [ 13.273419149907259, 52.666698231788892 ], [ 13.273446057179694, 52.666616897490371 ] ] ] } },
{ "type": "Feature", "properties": { "fid": "F_19132" }, "geometry": { "type": "Polygon", "coordinates": [ [ [ 13.24743418139022, 52.666199052948315 ], [ 13.247505771961807, 52.666212420724719 ], [ 13.247292511346066, 52.666276769457831 ], [ 13.247241927776935, 52.666244482300691 ], [ 13.247317378907031, 52.666161361087674 ], [ 13.246990374175455, 52.666202584644601 ], [ 13.246822644694891, 52.666111192402354 ], [ 13.24678529544761, 52.666153489390048 ], [ 13.246924026857238, 52.666227470417887 ], [ 13.24678007134311, 52.666343470376489 ], [ 13.247268429395209, 52.666332871243782 ], [ 13.247693962694388, 52.666204229661936 ], [ 13.24743418139022, 52.666199052948315 ] ] ] } },
{ "type": "Feature", "properties": { "fid": "F_19146" }, "geometry": { "type": "Polygon", "coordinates": [ [ [ 13.245215447098412, 52.666355834469087 ], [ 13.245242406374782, 52.666274507023573 ], [ 13.245164761232544, 52.666293358699221 ], [ 13.245215447098412, 52.666355834469087 ] ] ] } },
{ "type": "Feature", "properties": { "fid": "F_19185" }, "geometry": { "type": "Polygon", "coordinates": [ [ [ 13.273205318276673, 52.666721281585893 ], [ 13.273087074351036, 52.666719558339103 ], [ 13.273082822435962, 52.666827388552157 ], [ 13.273205318276673, 52.666721281585893 ] ] ] } },
{ "type": "Feature", "properties": { "fid": "F_19190" }, "geometry": { "type": "Polygon", "coordinates": [ [ [ 13.265582880066223, 52.666502060890302 ], [ 13.26550787225759, 52.666482980885299 ], [ 13.265655898857391, 52.666362785405951 ], [ 13.265545149086414, 52.666096349424592 ], [ 13.265288712601842, 52.665801423176234 ], [ 13.264486490372786, 52.665628872844216 ], [ 13.264073605731172, 52.665681723432606 ], [ 13.263839823057435, 52.665488117962759 ], [ 13.263670349577161, 52.665503019641079 ], [ 13.263714109604793, 52.665618138454107 ], [ 13.263855460399963, 52.665637278005278 ], [ 13.263782890139066, 52.665648525194847 ], [ 13.263839633749731, 52.66572100279695 ], [ 13.264028547012252, 52.665747706325753 ], [ 13.26395597660972, 52.665758953619964 ], [ 13.264111763898399, 52.665839098627025 ], [ 13.264078467235231, 52.665920180911939 ], [ 13.264160606184561, 52.665956452766629 ], [ 13.264206993585985, 52.666168525721851 ], [ 13.264504728662651, 52.666285697320284 ], [ 13.264550897399142, 52.666446823620092 ], [ 13.264789572411964, 52.666505126803365 ], [ 13.265013456707205, 52.666679375179534 ], [ 13.265291877543802, 52.666721627222984 ], [ 13.265523814771182, 52.666629212495515 ], [ 13.265582880066223, 52.666502060890302 ] ], [ [ 13.265408685226035, 52.666353723797791 ], [ 13.265302886330842, 52.666271271297148 ], [ 13.265379538229425, 52.666088798510813 ], [ 13.265455949875621, 52.666222675212815 ], [ 13.265412633703926, 52.666319748272464 ], [ 13.265487642093861, 52.666338828348749 ], [ 13.265408685226035, 52.666353723797791 ] ] ] } },
{ "type": "Feature", "properties": { "fid": "F_19227" }, "geometry": { "type": "Polygon", "coordinates": [ [ [ 13.273082822435962, 52.666827388552157 ], [ 13.272998915036768, 52.666862129701279 ], [ 13.273079987810892, 52.66689927535959 ], [ 13.273082822435962, 52.666827388552157 ] ] ] } },
{ "type": "Feature", "properties": { "fid": "F_19351" }, "geometry": { "type": "Polygon", "coordinates": [ [ [ 13.270529219446569, 52.667077856920741 ], [ 13.270614464702028, 52.66704255643711 ], [ 13.270567243424216, 52.66681387819618 ], [ 13.270529219446569, 52.667077856920741 ] ] ] } },
{ "type": "Feature", "properties": { "fid": "F_19356" }, "geometry": { "type": "Polygon", "coordinates": [ [ [ 13.248574719120338, 52.665784346737333 ], [ 13.248675801892498, 52.665932384358854 ], [ 13.248507381543488, 52.666191548432082 ], [ 13.248920520768793, 52.666257132531726 ], [ 13.249030823279083, 52.666384496722848 ], [ 13.248888844831956, 52.666530732720886 ], [ 13.249117436608952, 52.666700181133734 ], [ 13.24933818836141, 52.666714260783188 ], [ 13.249421791356031, 52.666607393244867 ], [ 13.249889791102625, 52.66675071646177 ], [ 13.25041261871454, 52.666784040349036 ], [ 13.250540828266679, 52.666299785926299 ], [ 13.250898552966527, 52.666049489608746 ], [ 13.250662754874396, 52.665726616350959 ], [ 13.250469844565108, 52.66581571561295 ], [ 13.249860513651329, 52.665836429148499 ], [ 13.250126167454495, 52.665703976226723 ], [ 13.250011662168465, 52.665537181130787 ], [ 13.249258562930162, 52.665631295874412 ], [ 13.249266558120416, 52.665718147095163 ], [ 13.248574719120338, 52.665784346737333 ] ], [ [ 13.249579383403711, 52.66603044763368 ], [ 13.2496781124231, 52.666109892877188 ], [ 13.24953854841905, 52.666134347725873 ], [ 13.249491675505299, 52.666025762709573 ], [ 13.249087144389707, 52.66595943031033 ], [ 13.249889356021116, 52.665897087590984 ], [ 13.249579383403711, 52.66603044763368 ] ], [ [ 13.249404358979115, 52.666072009897157 ], [ 13.249300384157044, 52.666128845258108 ], [ 13.249078481690075, 52.666064103636948 ], [ 13.249404358979115, 52.666072009897157 ] ], [ [ 13.249078919188092, 52.666129066898691 ], [ 13.249108562924834, 52.666261754095828 ], [ 13.2489040354449, 52.666100581123516 ], [ 13.249078919188092, 52.666129066898691 ] ] ] } },
{ "type": "Feature", "properties": { "fid": "F_19422" }, "geometry": { "type": "Polygon", "coordinates": [ [ [ 13.295184904615065, 52.667399192844144 ], [ 13.295392229933784, 52.667392077150566 ], [ 13.295626250258511, 52.667549203379714 ], [ 13.295762171978563, 52.667495000917256 ], [ 13.295755498235827, 52.667385502345475 ], [ 13.295575516440749, 52.667310511020581 ], [ 13.295217743693623, 52.667289455479668 ], [ 13.295184904615065, 52.667399192844144 ] ] ] } },
{ "type": "Feature", "properties": { "fid": "F_19427" }, "geometry": { "type": "Polygon", "coordinates": [ [ [ 13.270529219446569, 52.667077856920741 ], [ 13.270347593666841, 52.667183098040731 ], [ 13.270489615589616, 52.667163132551948 ], [ 13.270529219446569, 52.667077856920741 ] ] ] } },
{ "type": "Feature", "properties": { "fid": "F_19558" }, "geometry": { "type": "Polygon", "coordinates": [ [ [ 13.295415802816439, 52.667546370440377 ], [ 13.295134081818006, 52.667472637263494 ], [ 13.295184904615065, 52.667399192844144 ], [ 13.295076642708173, 52.66738063494973 ], [ 13.295157744638797, 52.667182753884866 ], [ 13.294917392907983, 52.667269117598678 ], [ 13.294751180640574, 52.667158833879895 ], [ 13.294101058400523, 52.667058582260395 ], [ 13.293507185299536, 52.667140890789284 ], [ 13.293500759360162, 52.667248724138418 ], [ 13.293241748825018, 52.667138209199123 ], [ 13.293324062041039, 52.667301178831451 ], [ 13.293094887759926, 52.667225178287246 ], [ 13.293202292664501, 52.667496173033648 ], [ 13.293323378367218, 52.667353165701222 ], [ 13.293499960104262, 52.667536424272306 ], [ 13.293814730848311, 52.66744349671783 ], [ 13.294265501351452, 52.667693375910666 ], [ 13.29467945303284, 52.667694205876259 ], [ 13.295415802816439, 52.667546370440377 ] ], [ [ 13.29427935289913, 52.667440106718935 ], [ 13.294534545626314, 52.667389834043625 ], [ 13.294579336833001, 52.667238737686738 ], [ 13.294894711103407, 52.667375436810197 ], [ 13.294382144218231, 52.667505629043795 ], [ 13.29427935289913, 52.667440106718935 ] ] ] } },
{ "type": "Feature", "properties": { "fid": "F_19582" }, "geometry": { "type": "Polygon", "coordinates": [ [ [ 13.272194573157877, 52.666850403779584 ], [ 13.271774621082656, 52.66695677140185 ], [ 13.271618303766921, 52.666840979791381 ], [ 13.27145050575888, 52.667022971947652 ], [ 13.271509745831292, 52.667324594515499 ], [ 13.271675509648857, 52.667213132659022 ], [ 13.271982398952726, 52.667223017209622 ], [ 13.272202349970168, 52.667374085799274 ], [ 13.272709660800851, 52.667289482228178 ], [ 13.272773036278773, 52.667182513874302 ], [ 13.272645149851169, 52.6670964110033 ], [ 13.272698239774133, 52.667065646132343 ], [ 13.272854110346765, 52.667219659701786 ], [ 13.272574035582302, 52.667407970657301 ], [ 13.273002439624392, 52.667365677896377 ], [ 13.273168178880473, 52.667203901471204 ], [ 13.272897752554668, 52.667157481096993 ], [ 13.272767647509381, 52.66699030450954 ], [ 13.273025844946472, 52.666957120473384 ], [ 13.273192563322695, 52.667044772238363 ], [ 13.273112742227399, 52.666915416758009 ], [ 13.272711309335682, 52.666901961350014 ], [ 13.272551697220775, 52.666722061967377 ], [ 13.272446720619032, 52.666734773129321 ], [ 13.272564484177511, 52.666875342047568 ], [ 13.272510882843472, 52.666937726002594 ], [ 13.272347347846059, 52.666794294054547 ], [ 13.272194573157877, 52.666850403779584 ] ], [ [ 13.272194573157877, 52.666850403779584 ], [ 13.272293793495264, 52.666866144298758 ], [ 13.272363549402359, 52.667039659480601 ], [ 13.27204760130982, 52.667005022778739 ], [ 13.272166344597139, 52.666982713909036 ], [ 13.272194573157877, 52.666850403779584 ] ], [ [ 13.27245042530069, 52.667209453878272 ], [ 13.272597086293596, 52.667143984904648 ], [ 13.272558725190159, 52.667263784754816 ], [ 13.27245042530069, 52.667209453878272 ] ], [ [ 13.272164188494074, 52.667116846381305 ], [ 13.272362014164877, 52.667104593671958 ], [ 13.272203237949309, 52.667203638225317 ], [ 13.272164188494074, 52.667116846381305 ] ], [ [ 13.271772208144784, 52.667060028631376 ], [ 13.27184166412567, 52.667150354743619 ], [ 13.271681261834242, 52.667178674902146 ], [ 13.271633432932935, 52.667074966905666 ], [ 13.271772208144784, 52.667060028631376 ] ] ] } },
{ "type": "Feature", "properties": { "fid": "F_19590" }, "geometry": { "type": "Polygon", "coordinates": [ [ [ 13.244107104092711, 52.666234033184899 ], [ 13.24427889592303, 52.666167741641459 ], [ 13.244220543966945, 52.665948124536719 ], [ 13.24386226528557, 52.665983308769505 ], [ 13.243802059439096, 52.666092346659916 ], [ 13.243444224297411, 52.666288621706876 ], [ 13.243667627161281, 52.666355028757323 ], [ 13.243601904488523, 52.666556159524099 ], [ 13.243826123181863, 52.666667112709959 ], [ 13.243687977979588, 52.666683047246991 ], [ 13.243892001876974, 52.666845925232998 ], [ 13.244759987715872, 52.666779060314205 ], [ 13.245165501659041, 52.666880772708602 ], [ 13.245324915797378, 52.667008042923314 ], [ 13.245600300874315, 52.667033017825105 ], [ 13.245748908396894, 52.666887550601743 ], [ 13.245792420258203, 52.666419237794578 ], [ 13.245458269171422, 52.666388932196838 ], [ 13.245343524818896, 52.666471822690916 ], [ 13.24517011860878, 52.666401102363466 ], [ 13.245078624193964, 52.66625956065954 ], [ 13.244756183194886, 52.666303233905417 ], [ 13.244644001377614, 52.66621368046038 ], [ 13.244420092183978, 52.66645466634963 ], [ 13.244208589751784, 52.666467495110474 ], [ 13.244141775298925, 52.666310900672336 ], [ 13.244252065605721, 52.666259836565764 ], [ 13.244107104092711, 52.666234033184899 ] ], [ [ 13.244041335849017, 52.666201906506842 ], [ 13.244007502567337, 52.666268803430093 ], [ 13.243744954791621, 52.666161497567415 ], [ 13.244041335849017, 52.666201906506842 ] ], [ [ 13.245453164047515, 52.666477450606372 ], [ 13.245530809398252, 52.666458598744036 ], [ 13.245503850534623, 52.666539926256405 ], [ 13.245453164047515, 52.666477450606372 ] ] ] } },
{ "type": "Feature", "properties": { "fid": "F_19599" }, "geometry": { "type": "Polygon", "coordinates": [ [ [ 13.286893575174616, 52.667639251221296 ], [ 13.286872584432544, 52.667518639385293 ], [ 13.286818471971639, 52.667613790818081 ], [ 13.286893575174616, 52.667639251221296 ] ] ] } },
{ "type": "Feature", "properties": { "fid": "F_19628" }, "geometry": { "type": "Polygon", "coordinates": [ [ [ 13.305752773408754, 52.667946368826485 ], [ 13.305833278555165, 52.667922039596611 ], [ 13.305782672757458, 52.66782829701468 ], [ 13.305752773408754, 52.667946368826485 ] ] ] } },
{ "type": "Feature", "properties": { "fid": "F_19656" }, "geometry": { "type": "Polygon", "coordinates": [ [ [ 13.305693648787127, 52.667945523439201 ], [ 13.305632884348094, 52.667893341162845 ], [ 13.305495988805511, 52.66799056691287 ], [ 13.305693648787127, 52.667945523439201 ] ] ] } },
{ "type": "Feature", "properties": { "fid": "F_19692" }, "geometry": { "type": "Polygon", "coordinates": [ [ [ 13.273062979808152, 52.667330596183639 ], [ 13.273002439624392, 52.667365677896377 ], [ 13.273158962423006, 52.667567622808477 ], [ 13.273289550789352, 52.667585646463856 ], [ 13.273062979808152, 52.667330596183639 ] ] ] } },
{ "type": "Feature", "properties": { "fid": "F_19721" }, "geometry": { "type": "Polygon", "coordinates": [ [ [ 13.269801291056755, 52.667534763012505 ], [ 13.269683045147591, 52.667533036351379 ], [ 13.269740187070743, 52.667584040804243 ], [ 13.269801291056755, 52.667534763012505 ] ] ] } },
{ "type": "Feature", "properties": { "fid": "F_19749" }, "geometry": { "type": "Polygon", "coordinates": [ [ [ 13.30550932112938, 52.668122707124354 ], [ 13.305626872136425, 52.668160351958093 ], [ 13.305687816462521, 52.668088785261389 ], [ 13.305571482911647, 52.668052176953552 ], [ 13.30550932112938, 52.668122707124354 ] ] ] } },
{ "type": "Feature", "properties": { "fid": "F_19756" }, "geometry": { "type": "Polygon", "coordinates": [ [ [ 13.306579128537205, 52.667994145177722 ], [ 13.306564001796142, 52.667836288457863 ], [ 13.306241103367359, 52.667757215785414 ], [ 13.305907159278746, 52.667883443736812 ], [ 13.305820071280245, 52.667998045748909 ], [ 13.305693648787127, 52.667945523439201 ], [ 13.305689476945872, 52.668053355464117 ], [ 13.305821165770599, 52.668042927910577 ], [ 13.305748601712908, 52.668054200854677 ], [ 13.305800585111887, 52.6681720715059 ], [ 13.305936387149657, 52.668077326107749 ], [ 13.306359380477703, 52.668180903134768 ], [ 13.306579128537205, 52.667994145177722 ] ] ] } },
{ "type": "Feature", "properties": { "fid": "F_19821" }, "geometry": { "type": "Polygon", "coordinates": [ [ [ 13.255366788009553, 52.667538898338094 ], [ 13.25535085413482, 52.667458868284065 ], [ 13.255239452073596, 52.667525696816881 ], [ 13.255366788009553, 52.667538898338094 ] ] ] } },
{ "type": "Feature", "properties": { "fid": "F_19822" }, "geometry": { "type": "Polygon", "coordinates": [ [ [ 13.255425910522026, 52.667539768824518 ], [ 13.255557536967212, 52.667530081583166 ], [ 13.255447626636618, 52.667462346601098 ], [ 13.255425910522026, 52.667539768824518 ] ] ] } },
{ "type": "Feature", "properties": { "fid": "F_19848" }, "geometry": { "type": "Polygon", "coordinates": [ [ [ 13.273459835003509, 52.667767948046148 ], [ 13.273397877419011, 52.667838973360631 ], [ 13.273516124385525, 52.667840696322678 ], [ 13.273459835003509, 52.667767948046148 ] ] ] } },
{ "type": "Feature", "properties": { "fid": "F_19850" }, "geometry": { "type": "Polygon", "coordinates": [ [ [ 13.255124770136581, 52.667575197299563 ], [ 13.255190852515945, 52.667500343642665 ], [ 13.254993020918468, 52.667512567625806 ], [ 13.255124770136581, 52.667575197299563 ] ] ] } },
{ "type": "Feature", "properties": { "fid": "F_19892" }, "geometry": { "type": "Polygon", "coordinates": [ [ [ 13.273516124385525, 52.667840696322678 ], [ 13.27346578608477, 52.667898737002389 ], [ 13.273572413952396, 52.667913444573202 ], [ 13.273516124385525, 52.667840696322678 ] ] ] } },
{ "type": "Feature", "properties": { "fid": "F_19925" }, "geometry": { "type": "Polygon", "coordinates": [ [ [ 13.252531779391454, 52.667425194303085 ], [ 13.252265887655133, 52.667553011443751 ], [ 13.252494502076269, 52.66765319497916 ], [ 13.252531779391454, 52.667425194303085 ] ] ] } },
{ "type": "Feature", "properties": { "fid": "F_19927" }, "geometry": { "type": "Polygon", "coordinates": [ [ [ 13.269619661633126, 52.667640002977869 ], [ 13.269623922197528, 52.667532172976593 ], [ 13.270106844379862, 52.667287475741958 ], [ 13.270031833197001, 52.667268398575068 ], [ 13.270108264153192, 52.667251532397067 ], [ 13.270103904066312, 52.666914357686274 ], [ 13.269978182531704, 52.666842701838299 ], [ 13.270223103555288, 52.666550785589337 ], [ 13.270327139152215, 52.666556078721527 ], [ 13.270429874830816, 52.665908592394501 ], [ 13.270511187166237, 52.666791337577386 ], [ 13.27059761567639, 52.666052755206913 ], [ 13.270715286911125, 52.666058739814524 ], [ 13.270782537486966, 52.665826954627775 ], [ 13.271384518098818, 52.665641676243467 ], [ 13.271600987219932, 52.665767987511494 ], [ 13.271602221288877, 52.66563937259675 ], [ 13.271697475989852, 52.665601410404655 ], [ 13.271557268115258, 52.6655671591325 ], [ 13.271544278191698, 52.665440709048838 ], [ 13.271791658940495, 52.665478243922202 ], [ 13.271736229192843, 52.665387174601854 ], [ 13.271890058340944, 52.66532586591709 ], [ 13.271812588377852, 52.665190169281878 ], [ 13.2716565727603, 52.665164555104646 ], [ 13.271730557670914, 52.665117361311282 ], [ 13.27156675585281, 52.665089245205507 ], [ 13.271620730753854, 52.664957695422515 ], [ 13.271791095709238, 52.665082280217845 ], [ 13.272042256706321, 52.665111141558334 ], [ 13.272330967061224, 52.665004123346925 ], [ 13.272585555536784, 52.665089983028444 ], [ 13.272438577200894, 52.665163650326988 ], [ 13.272720136974828, 52.665189249244818 ], [ 13.272944514012094, 52.665522342706353 ], [ 13.272786352576093, 52.665580322237375 ], [ 13.272565043147459, 52.665437207896531 ], [ 13.272576879994521, 52.665509116533777 ], [ 13.272444659051558, 52.665540746580689 ], [ 13.272518299290478, 52.665578399453196 ], [ 13.272275842806055, 52.665623173012861 ], [ 13.272434835495158, 52.665704461137224 ], [ 13.272596089934893, 52.66566944372007 ], [ 13.272632110189566, 52.66558552000226 ], [ 13.272789341568432, 52.665690242906329 ], [ 13.272712913441531, 52.665707110836784 ], [ 13.272755563881489, 52.66576157275373 ], [ 13.273153559631069, 52.665922328252776 ], [ 13.273204236099593, 52.665864888040936 ], [ 13.273316452997335, 52.665906966466338 ], [ 13.273233661747803, 52.666002413397919 ], [ 13.273386197128973, 52.665981982507169 ], [ 13.273470642186815, 52.666060285813977 ], [ 13.273405356734472, 52.666148771638966 ], [ 13.273556461740414, 52.666130198665755 ], [ 13.273837153840265, 52.666363717568686 ], [ 13.27347267877696, 52.666491129118882 ], [ 13.273545628252776, 52.666528438164796 ], [ 13.273446057179694, 52.666616897490371 ], [ 13.273642312650313, 52.66667040169343 ], [ 13.274082484348888, 52.666610012424769 ], [ 13.274319365512683, 52.666486518252526 ], [ 13.274650308429841, 52.666532762964138 ], [ 13.274812939512964, 52.666456986371777 ], [ 13.275021110338173, 52.666422155934178 ], [ 13.275677564715869, 52.6661853013035 ], [ 13.275746353171384, 52.665983511737821 ], [ 13.275924039236898, 52.665983392929739 ], [ 13.27607660498877, 52.666096419364429 ], [ 13.276208285813103, 52.665764071292479 ], [ 13.275894645144835, 52.665774803310818 ], [ 13.276015322947703, 52.66565040293434 ], [ 13.275975869011054, 52.665466919062716 ], [ 13.27609269496466, 52.665504582868351 ], [ 13.276136132829748, 52.665389437432289 ], [ 13.276555147153383, 52.665778580402453 ], [ 13.277103646903921, 52.665685566778095 ], [ 13.276844290671532, 52.665947083979574 ], [ 13.277092942413574, 52.666044296480059 ], [ 13.276908190161199, 52.666109851427741 ], [ 13.27699512540536, 52.666144181059309 ], [ 13.276931572547888, 52.666258507465088 ], [ 13.277196652574176, 52.666585845657096 ], [ 13.277463521307636, 52.666747296446069 ], [ 13.277664754213809, 52.66672798886453 ], [ 13.277676553275365, 52.666659323501648 ], [ 13.277561807370986, 52.666596246817051 ], [ 13.277582802919383, 52.666237859337222 ], [ 13.277388851883055, 52.666118719204789 ], [ 13.277636409547769, 52.666029386848656 ], [ 13.277436914855725, 52.665919736714059 ], [ 13.277392522337404, 52.666042313304757 ], [ 13.277183064364499, 52.665903260888769 ], [ 13.277588650723736, 52.665753589318285 ], [ 13.277776903087263, 52.665903746073319 ], [ 13.277839314920636, 52.665701916441542 ], [ 13.277916949555202, 52.66574689405688 ], [ 13.278078872821496, 52.665588250882045 ], [ 13.278241955774698, 52.665700515843085 ], [ 13.278516634445657, 52.665539823827288 ], [ 13.278735657412627, 52.665464246555743 ], [ 13.278890510013525, 52.66559049054684 ], [ 13.278809412073455, 52.665616005154739 ], [ 13.278881458009442, 52.665700639413437 ], [ 13.27906393896475, 52.665537641067544 ], [ 13.279126659408304, 52.665602402756292 ], [ 13.278986774032269, 52.665618581380308 ], [ 13.279188638386183, 52.665681974209548 ], [ 13.279608777443928, 52.66556337694054 ], [ 13.279701497037154, 52.665184289966014 ], [ 13.279622523875094, 52.665143931722575 ], [ 13.279647008580529, 52.66504382377493 ], [ 13.279342101264502, 52.665005117111022 ], [ 13.279357867054705, 52.664862281219804 ], [ 13.278951309523896, 52.664593091119549 ], [ 13.279165629206442, 52.664556147153583 ], [ 13.279098701072265, 52.664483880320596 ], [ 13.278972850316528, 52.664467529844075 ], [ 13.278947568726936, 52.664375090925212 ], [ 13.278717747839472, 52.664377302242379 ], [ 13.278989166286493, 52.664172432087774 ], [ 13.278849715732161, 52.663981068469475 ], [ 13.278216745653991, 52.664077763122677 ], [ 13.278327801716802, 52.663957208505792 ], [ 13.277577475772658, 52.663344449025686 ], [ 13.277401346904643, 52.663310754208439 ], [ 13.277720285394228, 52.663226552174677 ], [ 13.277829906073572, 52.663130752925348 ], [ 13.277793313313756, 52.663019045606987 ], [ 13.277985909571889, 52.663000420923971 ], [ 13.278397135401494, 52.663402388156321 ], [ 13.278480335523383, 52.663453381778211 ], [ 13.278522760261481, 52.663392114706362 ], [ 13.278178164348274, 52.662961158389187 ], [ 13.278026495190213, 52.662886393438171 ], [ 13.277941329403641, 52.662744847246564 ], [ 13.27797936462667, 52.662654892827909 ], [ 13.278295319451345, 52.662683576869767 ], [ 13.278612939518094, 52.662576172249032 ], [ 13.278543872092964, 52.662725189346489 ], [ 13.278361025642031, 52.662809931124748 ], [ 13.278558836484001, 52.662838321247719 ], [ 13.278855250761064, 52.662700931066269 ], [ 13.27871998852118, 52.662483181834524 ], [ 13.278521302818881, 52.662411019404203 ], [ 13.278377079793831, 52.662279888809209 ], [ 13.278218138599637, 52.662283338589305 ], [ 13.278163317306886, 52.662029213066624 ], [ 13.280140142620885, 52.662067932122582 ], [ 13.28101613708259, 52.663012181288352 ], [ 13.281006613735649, 52.663081529192752 ], [ 13.280305590854402, 52.663301294906091 ], [ 13.280096441716619, 52.663484734873698 ], [ 13.280018808703193, 52.663439760330249 ], [ 13.280014574351856, 52.663547590996195 ], [ 13.280086170999574, 52.663560939139714 ], [ 13.280033089593125, 52.66359170740504 ], [ 13.279869068763988, 52.663570606808349 ], [ 13.279919370236069, 52.663638577554444 ], [ 13.280189105424435, 52.663622052464426 ], [ 13.280394030220293, 52.663896353912172 ], [ 13.279929648573148, 52.664114160472138 ], [ 13.280031252340397, 52.664219506684105 ], [ 13.280007917946934, 52.664291552617222 ], [ 13.280192150692059, 52.664364626566112 ], [ 13.280249252911522, 52.664282991494851 ], [ 13.280717893031294, 52.66435592495656 ], [ 13.280660888268246, 52.664131586932079 ], [ 13.280501753127188, 52.664055962871664 ], [ 13.280933189946321, 52.663859486889287 ], [ 13.281063180350735, 52.663958412438916 ], [ 13.281370670843636, 52.663888398511865 ], [ 13.281595246806054, 52.663966130033984 ], [ 13.28169942305737, 52.663880100868937 ], [ 13.281630735527708, 52.663747276505546 ], [ 13.281175026138394, 52.663792523631855 ], [ 13.281247588122852, 52.663781267355205 ], [ 13.281195455604941, 52.663692532148382 ], [ 13.281408159486849, 52.663593941794851 ], [ 13.281377596832145, 52.663408568189368 ], [ 13.281667056374548, 52.663643495137663 ], [ 13.281643249654907, 52.663543950259935 ], [ 13.280346442528742, 52.662103308680699 ], [ 13.280583703316317, 52.662063606155058 ], [ 13.279103728072338, 52.661896543067044 ], [ 13.27798248212771, 52.66193683292898 ], [ 13.27791341633157, 52.661729140040933 ], [ 13.27756305588041, 52.661659407403356 ], [ 13.277576891030677, 52.661451498645398 ], [ 13.27785006265524, 52.661430235418827 ], [ 13.278107651900193, 52.661101486014921 ], [ 13.277849170113958, 52.661106545841157 ], [ 13.277807905521851, 52.660998053858187 ], [ 13.277905842714587, 52.660985516134389 ], [ 13.278069646388191, 52.660705452963754 ], [ 13.277805766807154, 52.660722619083877 ], [ 13.278161773623006, 52.660629489033383 ], [ 13.278120711724727, 52.66042722714419 ], [ 13.278568157083901, 52.660327698031068 ], [ 13.278625978796908, 52.660419836100864 ], [ 13.278777745773148, 52.660400757492809 ], [ 13.278800179742344, 52.660459717615502 ], [ 13.278935624251847, 52.660443316197984 ], [ 13.278906335555694, 52.660514714623645 ], [ 13.279332280396002, 52.660487166666258 ], [ 13.279411654498389, 52.660560756717878 ], [ 13.279689511707822, 52.660427415480214 ], [ 13.279836533653864, 52.660449707939314 ], [ 13.27973566870663, 52.660350414106247 ], [ 13.279961905500048, 52.660226788859028 ], [ 13.279872904280916, 52.65998131695715 ], [ 13.28012102064676, 52.659982266605716 ], [ 13.280257399593429, 52.659868101602136 ], [ 13.280603871570429, 52.660082311574918 ], [ 13.280757613818073, 52.660003974052323 ], [ 13.280707718916217, 52.659771186483184 ], [ 13.281231022445176, 52.659681125606681 ], [ 13.281278572224307, 52.659522874050978 ], [ 13.28111104046264, 52.659411321745125 ], [ 13.281024371324136, 52.659445238751651 ], [ 13.281037802990012, 52.659550076547674 ], [ 13.280888041676217, 52.659557175147782 ], [ 13.28066554481037, 52.659223615184047 ], [ 13.280291531035356, 52.659176305216853 ], [ 13.281128292378613, 52.658868617077665 ], [ 13.281583752587188, 52.658733877541302 ], [ 13.281660370403362, 52.65901400875223 ], [ 13.281769956631591, 52.658945444608349 ], [ 13.28229572267456, 52.65896574734608 ], [ 13.282366671169429, 52.65881715815275 ], [ 13.282530682794162, 52.658930080616386 ], [ 13.28267568857726, 52.660157786958266 ], [ 13.282580889876998, 52.660358149285486 ], [ 13.282445613991625, 52.660382055670098 ], [ 13.282442795386961, 52.660453942909719 ], [ 13.282110273454869, 52.660499766881657 ], [ 13.281923370795957, 52.660737267921661 ], [ 13.281586840644222, 52.660655084891708 ], [ 13.281695282667481, 52.660564307102007 ], [ 13.281846018392303, 52.660589146711935 ], [ 13.281799850140631, 52.660461829819702 ], [ 13.282031058303341, 52.660429306751119 ], [ 13.281799592964408, 52.660264797014953 ], [ 13.281636117094207, 52.660389933030174 ], [ 13.281650531884672, 52.660477436240704 ], [ 13.281223171328659, 52.660786906442681 ], [ 13.281114711037331, 52.660700409556171 ], [ 13.280986720545808, 52.660714901595391 ], [ 13.281153333706394, 52.660823806614424 ], [ 13.280921964174505, 52.660857818291646 ], [ 13.281078286988556, 52.660889377283752 ], [ 13.281005728804013, 52.660900635134411 ], [ 13.280995733558719, 52.661094991026054 ], [ 13.281389678737565, 52.660811711459615 ], [ 13.281581836435548, 52.660840856397066 ], [ 13.281574036113481, 52.660929265011134 ], [ 13.281457512892587, 52.660975727167454 ], [ 13.281239365612549, 52.660975952636129 ], [ 13.281321774029616, 52.661035659859941 ], [ 13.281791322421046, 52.661009473063864 ], [ 13.281650346961268, 52.661053841768457 ], [ 13.281603353034159, 52.661159261193092 ], [ 13.281683191255707, 52.661233294880979 ], [ 13.281822051331119, 52.661200188003896 ], [ 13.281793278193508, 52.66135129981803 ], [ 13.281736125366027, 52.661278332735272 ], [ 13.281640783838611, 52.661304941065389 ], [ 13.28163693880534, 52.661413287799682 ], [ 13.281519426939168, 52.661375619453196 ], [ 13.28132480038874, 52.661462706610337 ], [ 13.281494863924612, 52.661495235915325 ], [ 13.281579850793648, 52.661603729583597 ], [ 13.281489914311024, 52.661639020316336 ], [ 13.281418792349605, 52.661548218564761 ], [ 13.281367709376383, 52.661720977149983 ], [ 13.281209217998272, 52.661793573419857 ], [ 13.281328117422625, 52.66189200530134 ], [ 13.281492248578521, 52.661755165756603 ], [ 13.281585626723629, 52.661865113527156 ], [ 13.281818627826137, 52.661803641899517 ], [ 13.281869233067503, 52.661835914502078 ], [ 13.281796673501667, 52.661847172823833 ], [ 13.281815726116061, 52.661912546136946 ], [ 13.28230049443258, 52.661969832624528 ], [ 13.282353771056952, 52.66203784492388 ], [ 13.282404398037645, 52.661939992711446 ], [ 13.282584312329758, 52.661886670783922 ], [ 13.282634918237274, 52.661918943064592 ], [ 13.282562358719494, 52.661930201855604 ], [ 13.282583231186335, 52.662086248509155 ], [ 13.28265048931017, 52.662100060693312 ], [ 13.282712871039259, 52.661954632645703 ], [ 13.282833447637364, 52.661983809769993 ], [ 13.282908401385402, 52.662128752165692 ], [ 13.283147881567736, 52.662082543601336 ], [ 13.283209815101182, 52.66201151292038 ], [ 13.283679925824647, 52.662090251647967 ], [ 13.28418857306834, 52.662170985422605 ], [ 13.284486942087371, 52.661962876729518 ], [ 13.284946737838752, 52.662205915718495 ], [ 13.285153317512895, 52.662044661242163 ], [ 13.284669155997737, 52.661848946680117 ], [ 13.285164863581818, 52.661931932055516 ], [ 13.285092669152339, 52.661840977105641 ], [ 13.285170492148373, 52.661788157406512 ], [ 13.285036143051469, 52.661690595666528 ], [ 13.285253249399886, 52.661692701783011 ], [ 13.285167677871058, 52.661860044731505 ], [ 13.285556668246544, 52.66188623619977 ], [ 13.285548795323688, 52.661632811757279 ], [ 13.285980765492077, 52.661707952042789 ], [ 13.28597447806365, 52.66160107532987 ], [ 13.286153115656312, 52.661508586509989 ], [ 13.285940772679675, 52.660610593033155 ], [ 13.285328747287549, 52.660436123379071 ], [ 13.285401302682835, 52.660424864496619 ], [ 13.28540552330049, 52.660317033469333 ], [ 13.285333931204557, 52.660303686931869 ], [ 13.285387004002459, 52.660272916197286 ], [ 13.285504364815079, 52.660306381550292 ], [ 13.285828740386588, 52.660198898008204 ], [ 13.285650418128693, 52.660104792891183 ], [ 13.285440986379648, 52.660192410072121 ], [ 13.284786088277022, 52.660255227693561 ], [ 13.284676169766287, 52.660104389729753 ], [ 13.284311754885346, 52.660250099208575 ], [ 13.283820912776841, 52.66006924639818 ], [ 13.283204875159312, 52.65964273091317 ], [ 13.283149803835093, 52.659977990124645 ], [ 13.282997641592159, 52.659725404907881 ], [ 13.282854743533846, 52.65978140738072 ], [ 13.282969007040547, 52.659942004584181 ], [ 13.282962650982583, 52.660048558369027 ], [ 13.282839096230727, 52.660081836246029 ], [ 13.282956292811601, 52.660151089653191 ], [ 13.28284877617625, 52.660225376153953 ], [ 13.282749577009573, 52.660175910293951 ], [ 13.282597429000317, 52.658867391583421 ], [ 13.283053988564742, 52.65901537057826 ], [ 13.283140191927576, 52.659330497948531 ], [ 13.283174116526622, 52.659290916295859 ], [ 13.283274922538492, 52.658555428834788 ], [ 13.283192978494682, 52.658285319957088 ], [ 13.283212981100881, 52.656965703628188 ], [ 13.282707784670853, 52.656601023342184 ], [ 13.282710346363597, 52.655980926649214 ], [ 13.282635382384965, 52.655936642132076 ], [ 13.282730108505422, 52.655736418567528 ], [ 13.282482742390156, 52.655615264261861 ], [ 13.282246982631763, 52.655614675265568 ], [ 13.282139729876445, 52.655243187843354 ], [ 13.282222402099986, 52.654930947060201 ], [ 13.283073192388692, 52.655015612473754 ], [ 13.283211942669675, 52.655411454834585 ], [ 13.283342083686406, 52.655197203241976 ], [ 13.283577344383987, 52.655019581343133 ], [ 13.282172936719041, 52.654834051083974 ], [ 13.282094213204383, 52.654738117589069 ], [ 13.282184877519141, 52.654354977677933 ], [ 13.282210501641126, 52.654677657869094 ], [ 13.282431674033559, 52.6544731050964 ], [ 13.282937414181994, 52.654475096747298 ], [ 13.283063101937389, 52.654407588494301 ], [ 13.282960906337252, 52.65418545870223 ], [ 13.28274848341518, 52.654164662429714 ], [ 13.282623432214574, 52.654006682975421 ], [ 13.282933973847069, 52.654076122498978 ], [ 13.283182422163875, 52.653625219835405 ], [ 13.283454891484562, 52.653540240992967 ], [ 13.283890748620466, 52.653543464424239 ], [ 13.284185310200318, 52.653717946564193 ], [ 13.284152945194029, 52.653879648743235 ], [ 13.283312180299388, 52.654046728931512 ], [ 13.283442325563499, 52.654226608157153 ], [ 13.283705910315756, 52.654146610680307 ], [ 13.283836587386558, 52.654236586971479 ], [ 13.284133375709368, 52.654233737363199 ], [ 13.284220487292277, 52.654329845292018 ], [ 13.284169293455387, 52.654769610014988 ], [ 13.284317586563404, 52.654870712514303 ], [ 13.284351932734511, 52.654800335369202 ], [ 13.284828969134512, 52.655109249083651 ], [ 13.284595048498527, 52.65501644289791 ], [ 13.284546975394237, 52.655053854412898 ], [ 13.284129006481567, 52.65515569410541 ], [ 13.284209804066812, 52.655250829252942 ], [ 13.284323787841005, 52.655238836968294 ], [ 13.284352903695215, 52.655341215316234 ], [ 13.284255331081217, 52.655429940821918 ], [ 13.284666748373239, 52.655485592810152 ], [ 13.284605621854784, 52.655280356444202 ], [ 13.284394265135006, 52.655302582815111 ], [ 13.284522829773397, 52.655153511761192 ], [ 13.284727101538913, 52.6551772780169 ], [ 13.284838353610827, 52.655866912073826 ], [ 13.284907772606637, 52.655791318853012 ], [ 13.284918992362799, 52.655294481238322 ], [ 13.285154884690538, 52.655224843738445 ], [ 13.28551372716489, 52.655301262184437 ], [ 13.285657347908829, 52.656589039018925 ], [ 13.285578054698963, 52.656633215505401 ], [ 13.285663913580818, 52.656685821988184 ], [ 13.285771355956941, 52.657570725452267 ], [ 13.285818190906548, 52.657402190505287 ], [ 13.285604374604945, 52.655293091729781 ], [ 13.286280515468812, 52.655383564439354 ], [ 13.286138937991375, 52.655541353436483 ], [ 13.286420787796107, 52.658263436685758 ], [ 13.286532164428227, 52.657974946875377 ], [ 13.286582677191916, 52.658196764912987 ], [ 13.286649745656723, 52.657979035495792 ], [ 13.287352669302178, 52.657743473834451 ], [ 13.286798801950068, 52.6579635611714 ], [ 13.286695972372762, 52.658198174428271 ], [ 13.286910163079991, 52.658754026536279 ], [ 13.287068722605204, 52.658885248082186 ], [ 13.287475888642795, 52.658933402681136 ], [ 13.287349227409988, 52.659054460703352 ], [ 13.287496339718052, 52.659111358483848 ], [ 13.287710272133392, 52.658610567596902 ], [ 13.287473952901442, 52.658585834145356 ], [ 13.287377402299674, 52.65877879890035 ], [ 13.287240266454702, 52.658737849686752 ], [ 13.28734690353043, 52.658463075685468 ], [ 13.287584042100896, 52.658426587002715 ], [ 13.287705517197201, 52.658201389880944 ], [ 13.287760772504916, 52.658289394172748 ], [ 13.287907814429607, 52.658112313495025 ], [ 13.28817632435114, 52.658087779675029 ], [ 13.2878975764472, 52.658011455718764 ], [ 13.28802441277548, 52.657865499316614 ], [ 13.28828218471989, 52.657841144857102 ], [ 13.288041543083137, 52.657847677015013 ], [ 13.288176407502911, 52.657682484708921 ], [ 13.288039325841174, 52.657670124682198 ], [ 13.288111875980288, 52.657658864090337 ], [ 13.288018619327858, 52.657566675278836 ], [ 13.288102008118063, 52.657530810359447 ], [ 13.28808093502105, 52.657444107350365 ], [ 13.288319383661264, 52.65747262835427 ], [ 13.288161876449688, 52.65730935805734 ], [ 13.288362359853366, 52.65730284259304 ], [ 13.288480161752734, 52.657045402001685 ], [ 13.288264533344854, 52.656799863871257 ], [ 13.288362263428716, 52.656710997451142 ], [ 13.288421554832006, 52.656419609942525 ], [ 13.288619217071208, 52.656280822791963 ], [ 13.288498048974549, 52.656225300967257 ], [ 13.289143734997404, 52.656225108629691 ], [ 13.289305141673072, 52.656386871062473 ], [ 13.289190019749855, 52.656350596926686 ], [ 13.289165877144645, 52.656415346976779 ], [ 13.289237465099589, 52.656428689531182 ], [ 13.289066239747312, 52.656466941096767 ], [ 13.289067308751962, 52.65661486917589 ], [ 13.28894971856003, 52.656608903824029 ], [ 13.288883391114906, 52.656729288888187 ], [ 13.288889209843759, 52.656827957386994 ], [ 13.289175817057213, 52.656875524623274 ], [ 13.28896753841901, 52.657206308169592 ], [ 13.289020614785835, 52.657257384571182 ], [ 13.289907389019149, 52.656315437413902 ], [ 13.289381868607739, 52.656227476951038 ], [ 13.289982452276952, 52.656085477028441 ], [ 13.289812996319222, 52.656035195626629 ], [ 13.289955332631486, 52.655887283407218 ], [ 13.289725086009174, 52.655771273831029 ], [ 13.289818325997681, 52.655722974914433 ], [ 13.28946352888026, 52.655650700940249 ], [ 13.290396251694258, 52.655686290232254 ], [ 13.290778431683306, 52.655162915768621 ], [ 13.29060169106139, 52.655194292373125 ], [ 13.290459033806664, 52.655372054237205 ], [ 13.290483477160066, 52.655192586739687 ], [ 13.290609332302518, 52.65508838948611 ], [ 13.290574888700075, 52.654503827545817 ], [ 13.29069613799396, 52.654441025344561 ], [ 13.290647835317879, 52.654075174566607 ], [ 13.290582976374525, 52.654192929022258 ], [ 13.290479579255813, 52.653861860940339 ], [ 13.290300068276938, 52.653825307934682 ], [ 13.290244087524748, 52.653715133403843 ], [ 13.290485437407087, 52.653626598715029 ], [ 13.290098885778937, 52.653652911598549 ], [ 13.289523644803516, 52.653924435296418 ], [ 13.28982026924548, 52.653917969717838 ], [ 13.289938555359171, 52.654037226984983 ], [ 13.290102093272704, 52.653931098666028 ], [ 13.290290845964174, 52.653926992679878 ], [ 13.290364923926099, 52.654014792753784 ], [ 13.290319599233069, 52.654130302421379 ], [ 13.290459319147912, 52.654099199320463 ], [ 13.290383083945462, 52.654182846585847 ], [ 13.290222020080321, 52.654106381076765 ], [ 13.290239536167419, 52.654242869296809 ], [ 13.290588456727853, 52.654295228708243 ], [ 13.290436523750117, 52.654543907326627 ], [ 13.290414882057494, 52.654295182707166 ], [ 13.29033989382253, 52.654437956810121 ], [ 13.29016186170797, 52.654523630593559 ], [ 13.290384700587323, 52.654665381638765 ], [ 13.290123455266082, 52.654645366468166 ], [ 13.290228458664352, 52.655008437444607 ], [ 13.29000854195916, 52.654927576211286 ], [ 13.290014838431794, 52.654714797336624 ], [ 13.289610804912849, 52.654643920927917 ], [ 13.289629567203754, 52.654790189806242 ], [ 13.289964653842329, 52.654820911513113 ], [ 13.289661009815452, 52.654857268509012 ], [ 13.289837920257606, 52.654980147242114 ], [ 13.289527659163934, 52.655156752999119 ], [ 13.289393724751072, 52.655123931377709 ], [ 13.289237327328173, 52.655245229357092 ], [ 13.289146223510912, 52.655530203784217 ], [ 13.28895541979209, 52.655564834853429 ], [ 13.288736431635153, 52.655412477491247 ], [ 13.288553593319179, 52.655435474940226 ], [ 13.288510084875682, 52.655522438568219 ], [ 13.28803850291299, 52.655473004796093 ], [ 13.28807938864659, 52.655328563360598 ], [ 13.287898711219841, 52.655342125325127 ], [ 13.287752436222156, 52.655193889394177 ], [ 13.288210184612437, 52.655142801466255 ], [ 13.288010305950937, 52.655030651009518 ], [ 13.288213920269396, 52.65493744888569 ], [ 13.288891922433725, 52.654998045494686 ], [ 13.289226228577002, 52.654869764616727 ], [ 13.289304353386809, 52.654833540247729 ], [ 13.289396523546086, 52.654653558714379 ], [ 13.288977137977218, 52.654517361441343 ], [ 13.289268624829718, 52.654394800883992 ], [ 13.289296445184979, 52.654280935951292 ], [ 13.28916036580058, 52.6543149531797 ], [ 13.28896221738645, 52.654240215749695 ], [ 13.28872117080555, 52.654446899274419 ], [ 13.288574214913591, 52.654228517025629 ], [ 13.288476337239096, 52.654234479668219 ], [ 13.288356209453642, 52.654048919065374 ], [ 13.288129659968545, 52.653938825464145 ], [ 13.28809562223832, 52.654159298908205 ], [ 13.288390031596503, 52.654239799975386 ], [ 13.288319804547765, 52.654318510409794 ], [ 13.287988347481832, 52.654288556996633 ], [ 13.287689461269816, 52.654847564446911 ], [ 13.287498451074988, 52.654964776457291 ], [ 13.287693675407274, 52.654739733188606 ], [ 13.28802150862691, 52.653917297468531 ], [ 13.287931159246069, 52.653964090315732 ], [ 13.28757347928814, 52.654614017244278 ], [ 13.287486604947498, 52.654609600120047 ], [ 13.287505838178818, 52.65446953565494 ], [ 13.287813081103044, 52.653911703588207 ], [ 13.287519075780139, 52.653953498756302 ], [ 13.28807724408821, 52.653613426293688 ], [ 13.287984547321511, 52.653849645762058 ], [ 13.288058609720265, 52.653904118758383 ], [ 13.288324104164264, 52.653429744054392 ], [ 13.288895542386937, 52.65339655548685 ], [ 13.28884208929485, 52.653327842162959 ], [ 13.288459113326578, 52.653312231004634 ], [ 13.288432242584413, 52.653393569190669 ], [ 13.288381509242724, 52.653331111388987 ], [ 13.288510726483159, 52.653213969534598 ], [ 13.289100633475453, 52.653312223729699 ], [ 13.289253955862659, 52.653484389507838 ], [ 13.289231786008155, 52.653591452289071 ], [ 13.289427877675273, 52.653561655531064 ], [ 13.289563557724732, 52.653413875950378 ], [ 13.289539682061685, 52.653227740944608 ], [ 13.289907477535589, 52.653097007424307 ], [ 13.290075127245942, 52.652728970419417 ], [ 13.28999236914493, 52.652665365692684 ], [ 13.28921328104666, 52.65298343063332 ], [ 13.288681792160062, 52.65298278012127 ], [ 13.289086647578113, 52.652386229326858 ], [ 13.288933890122385, 52.652477006504071 ], [ 13.288847574806772, 52.651754423470621 ], [ 13.288682638091718, 52.652675709443727 ], [ 13.288093013808812, 52.653587840658254 ], [ 13.287062138645886, 52.653454898011212 ], [ 13.286882992228444, 52.653412849703884 ], [ 13.286893812861283, 52.653334000021168 ], [ 13.287276322861558, 52.653353421798997 ], [ 13.287395689636565, 52.653204687746495 ], [ 13.287546382631747, 52.653212345400199 ], [ 13.287673566670771, 52.653066392721556 ], [ 13.287489979741034, 52.653028987380559 ], [ 13.287752485972806, 52.652893033841877 ], [ 13.287850681630571, 52.652963149930955 ], [ 13.288162798574426, 52.652927288282697 ], [ 13.288239546156934, 52.652877490150949 ], [ 13.288339908238394, 52.652866663664049 ], [ 13.288420238384784, 52.652772383002613 ], [ 13.287621875163914, 52.65277902295086 ], [ 13.287566765061126, 52.652705560734198 ], [ 13.287147353365651, 52.652606128272573 ], [ 13.287220823004569, 52.652485074151905 ], [ 13.287160745328691, 52.652409817886841 ], [ 13.285976834601561, 52.652502749072333 ], [ 13.285890552784965, 52.653481169464271 ], [ 13.285996375329175, 52.653546006340768 ], [ 13.285968222023099, 52.653933108372613 ], [ 13.286111553496246, 52.65527510720031 ], [ 13.285112502449456, 52.655191427684201 ], [ 13.284987420557675, 52.655148314124197 ], [ 13.285398644485072, 52.655159376671541 ], [ 13.285463072183145, 52.655083270235522 ], [ 13.285593233051268, 52.655169672818218 ], [ 13.285414202957453, 52.653467850102835 ], [ 13.285235048321288, 52.653354431867179 ], [ 13.28535319989394, 52.653357600494687 ], [ 13.285375505353485, 52.652998264449671 ], [ 13.285280650069412, 52.653306274549053 ], [ 13.284797561237365, 52.653185910102209 ], [ 13.284942147413872, 52.653105363649871 ], [ 13.284419777939098, 52.65303112315469 ], [ 13.284658412623044, 52.652987814046377 ], [ 13.284596181067391, 52.65287909102085 ], [ 13.284273971491521, 52.652963984880373 ], [ 13.284278761277674, 52.653175746015087 ], [ 13.2839307804167, 52.653298828242754 ], [ 13.283920565067069, 52.653400057544019 ], [ 13.28329738394131, 52.653455178786068 ], [ 13.282929536692597, 52.653281951392593 ], [ 13.282510716464712, 52.653354991177757 ], [ 13.28228391323081, 52.653162680919415 ], [ 13.282043647655669, 52.653313783643682 ], [ 13.281545334498874, 52.653176187012896 ], [ 13.281454450398581, 52.653231711827615 ], [ 13.281283447924464, 52.653040700166052 ], [ 13.281216841574766, 52.653269707979739 ], [ 13.281154772792332, 52.653083087217624 ], [ 13.281088195043351, 52.653285331386108 ], [ 13.280948486537884, 52.653315667971277 ], [ 13.28078566898929, 52.653199390955095 ], [ 13.280634295979606, 52.653387955565137 ], [ 13.280313944331047, 52.653427030877012 ], [ 13.279757030249341, 52.652826399827319 ], [ 13.28005938065834, 52.652669846629003 ], [ 13.279997648204164, 52.652424804333641 ], [ 13.280276188047454, 52.652091702417692 ], [ 13.280256701364301, 52.651759716849995 ], [ 13.27987734991858, 52.651588561085596 ], [ 13.279561146844705, 52.651897707981746 ], [ 13.279459735811809, 52.652377974697117 ], [ 13.279293420463391, 52.652640004912399 ], [ 13.279416002261083, 52.652864469503157 ], [ 13.27937604793652, 52.6531550801934 ], [ 13.279021335989318, 52.653233798163711 ], [ 13.279027594730573, 52.653340587274059 ], [ 13.279218586174549, 52.653341850677592 ], [ 13.279199992132446, 52.653619407373924 ], [ 13.27868858000658, 52.653638213859345 ], [ 13.278682931834524, 52.653781988218874 ], [ 13.27880114120145, 52.653783705591088 ], [ 13.278853186333423, 52.653964282193513 ], [ 13.279082547421471, 52.654147434465237 ], [ 13.279519527281405, 52.654306434073604 ], [ 13.279626739919966, 52.654499314691627 ], [ 13.279845046599787, 52.65463834965631 ], [ 13.279485797828011, 52.654661686779512 ], [ 13.279275377809643, 52.65487072721502 ], [ 13.27920703947683, 52.654809730678537 ], [ 13.278449696290929, 52.654931838899891 ], [ 13.278886962061819, 52.655238441734177 ], [ 13.278501018343832, 52.655279686794096 ], [ 13.278444890686162, 52.655324985912891 ], [ 13.278516473453333, 52.655338334904862 ], [ 13.278204226130805, 52.655429380982341 ], [ 13.277809121879127, 52.655701340612637 ], [ 13.277390043262086, 52.655763243938331 ], [ 13.277333709633879, 52.655673479902269 ], [ 13.276969592713623, 52.655684919287289 ], [ 13.276989634910004, 52.655783673572785 ], [ 13.276824633017105, 52.655941357376093 ], [ 13.277086171322699, 52.655921733997566 ], [ 13.276899194107678, 52.656100415803834 ], [ 13.276917493104218, 52.656190558160297 ], [ 13.277087144775919, 52.656177817857497 ], [ 13.277066207383147, 52.656251689341502 ], [ 13.277259235494251, 52.656184657170449 ], [ 13.277568483865595, 52.656262978650723 ], [ 13.277958673248596, 52.656173173004269 ], [ 13.277960025363038, 52.656238325445365 ], [ 13.279266039181415, 52.656339378125466 ], [ 13.279502967614894, 52.656564767185287 ], [ 13.279455255186154, 52.656681079975797 ], [ 13.279597633590008, 52.656851062367977 ], [ 13.27986753984464, 52.657042439964528 ], [ 13.279083581120805, 52.657132469144663 ], [ 13.279529547359374, 52.6571549430518 ], [ 13.279598254728343, 52.657261109993193 ], [ 13.279516599801426, 52.657298962026751 ], [ 13.279543751253089, 52.657462828888768 ], [ 13.2796384330618, 52.657323016060381 ], [ 13.279686269002825, 52.657474502836983 ], [ 13.279443871970091, 52.65764047782401 ], [ 13.279094354458149, 52.657611028703656 ], [ 13.27886726804201, 52.657719765568778 ], [ 13.278571316973808, 52.657499681528265 ], [ 13.278408617908156, 52.657467289480557 ], [ 13.278521007225203, 52.657713260524652 ], [ 13.278347420040783, 52.657784140964864 ], [ 13.278264148698304, 52.657496025475972 ], [ 13.278342972085417, 52.657463368403512 ], [ 13.278197162775342, 52.657396555787713 ], [ 13.277918897433134, 52.657546535004755 ], [ 13.278073803024922, 52.657573020563412 ], [ 13.277939660476791, 52.657655309644852 ], [ 13.278062650499104, 52.657815229727078 ], [ 13.277896071694778, 52.657863470953188 ], [ 13.27775915848982, 52.65772461418404 ], [ 13.277519892227975, 52.657793064151456 ], [ 13.277568209041714, 52.657938412598384 ], [ 13.277509700935404, 52.657988733576936 ], [ 13.277307015907628, 52.657912259472276 ], [ 13.277104260014623, 52.657952986110978 ], [ 13.277127608711897, 52.658094687835764 ], [ 13.277012683978382, 52.658147962619786 ], [ 13.276808504363132, 52.657985088125145 ], [ 13.276588236056471, 52.658042151198885 ], [ 13.276597932118916, 52.658279131928651 ], [ 13.276374175311357, 52.658351827672654 ], [ 13.276347278889599, 52.658433162834186 ], [ 13.276317892983339, 52.65827908070515 ], [ 13.275915717207003, 52.65854295983808 ], [ 13.276115759221971, 52.658757089353955 ], [ 13.276278642722486, 52.658657186269934 ], [ 13.276213465841284, 52.658546238494921 ], [ 13.276369052147833, 52.658451602114958 ], [ 13.276869402010114, 52.658315304019887 ], [ 13.276886406563978, 52.658418597413053 ], [ 13.276485649475081, 52.658561366692517 ], [ 13.276599306471132, 52.65864281528259 ], [ 13.276462723432699, 52.658795765601845 ], [ 13.27692309655135, 52.658815138746881 ], [ 13.276980675369021, 52.658652330615048 ], [ 13.277612140685934, 52.65866802693963 ], [ 13.277646210381851, 52.658578225119655 ], [ 13.277721006186198, 52.658695089887836 ], [ 13.27795745131821, 52.658698526655272 ], [ 13.27788727718009, 52.658649232110903 ], [ 13.277940353101158, 52.658618464731184 ], [ 13.278289684152876, 52.658978370690321 ], [ 13.278253081053851, 52.659067626612369 ], [ 13.278064371421895, 52.658987793237735 ], [ 13.277957901862932, 52.659036750088781 ], [ 13.278018323665338, 52.659124060902037 ], [ 13.277888063628227, 52.659221331212528 ], [ 13.278174702959145, 52.659290595806731 ], [ 13.278140658501055, 52.659396254242296 ], [ 13.277993956681449, 52.659274482491078 ], [ 13.277740357131481, 52.659345499191552 ], [ 13.277971898312202, 52.659471964321945 ], [ 13.277961499028896, 52.659596211259441 ], [ 13.277687504238939, 52.659563412331615 ], [ 13.277741425738858, 52.659785512183035 ], [ 13.277363396252577, 52.65982012553124 ], [ 13.277035104348144, 52.65956887000322 ], [ 13.277182624264563, 52.659785501759472 ], [ 13.27673383754604, 52.659893171795581 ], [ 13.276663289281769, 52.660229976248232 ], [ 13.276791408073825, 52.660414855516862 ], [ 13.276659121638723, 52.660538138469207 ], [ 13.276644381459988, 52.660698866830252 ], [ 13.276270937673871, 52.660754632603563 ], [ 13.275620874443144, 52.661241418769819 ], [ 13.275836718483649, 52.661840108958394 ], [ 13.275462776173681, 52.661993449696908 ], [ 13.275263668390005, 52.661975450557996 ], [ 13.275296539692993, 52.662016791424087 ], [ 13.274883294477643, 52.662196268990733 ], [ 13.275004278124792, 52.662272889529142 ], [ 13.275454370892277, 52.662265604201941 ], [ 13.275495825435657, 52.662454616143783 ], [ 13.275287832329463, 52.662349770836478 ], [ 13.275308660007154, 52.662452364949864 ], [ 13.275026368014132, 52.662540010715851 ], [ 13.274756580992133, 52.662556523268094 ], [ 13.274675917131477, 52.662427015973954 ], [ 13.274614898038928, 52.662451343888435 ], [ 13.274657736363183, 52.662582109174863 ], [ 13.274371047020288, 52.662617077298563 ], [ 13.274177239445343, 52.662460441381086 ], [ 13.274439452287542, 52.662423572491036 ], [ 13.27456193231259, 52.662317463914135 ], [ 13.274547069049433, 52.662045882648151 ], [ 13.27443356912416, 52.661987861368857 ], [ 13.274464939281177, 52.661776590234069 ], [ 13.274277949814396, 52.661689628232295 ], [ 13.274660363146124, 52.661683922947816 ], [ 13.274565073501105, 52.661461255483886 ], [ 13.274315922788114, 52.661465476018421 ], [ 13.274238390676333, 52.661521542158269 ], [ 13.273867576665358, 52.661312472348598 ], [ 13.27409536614789, 52.661261089408001 ], [ 13.27401661664439, 52.661108026175107 ], [ 13.273541140074308, 52.661358431246164 ], [ 13.273376463408031, 52.661333465707138 ], [ 13.273402526280419, 52.661413026206183 ], [ 13.273183835241223, 52.661364709564353 ], [ 13.273226846634428, 52.661496056895714 ], [ 13.27301487730384, 52.661651187897952 ], [ 13.272673880321681, 52.661710049959645 ], [ 13.272374968799035, 52.661664705522327 ], [ 13.273008914341855, 52.66181346620187 ], [ 13.272913937929566, 52.661944208262263 ], [ 13.27280789294095, 52.661845850937567 ], [ 13.272650263551791, 52.661908685816428 ], [ 13.27249995962141, 52.66210759839592 ], [ 13.272629249829897, 52.662157756311103 ], [ 13.272408754201383, 52.662123267258629 ], [ 13.272404423861365, 52.662233061527594 ], [ 13.272816020554068, 52.662347605220447 ], [ 13.273068375247579, 52.662245813550058 ], [ 13.273040328867776, 52.662449495577711 ], [ 13.273281635490916, 52.662440772135277 ], [ 13.273217765845155, 52.662568524226515 ], [ 13.273545626023601, 52.662590372425711 ], [ 13.273605575512303, 52.662645963616256 ], [ 13.273903308553006, 52.662685844491953 ], [ 13.273411033470856, 52.662771022661865 ], [ 13.273463791863588, 52.662932137155799 ], [ 13.273227891886293, 52.662960063806111 ], [ 13.273181008565675, 52.662836807648034 ], [ 13.272994868645911, 52.662776618912126 ], [ 13.273183842608884, 52.662764920787183 ], [ 13.273120367439757, 52.662712367562968 ], [ 13.272879832145632, 52.662812117906441 ], [ 13.272504239062828, 52.662694042900576 ], [ 13.272427861783424, 52.662890627527744 ], [ 13.271919995016969, 52.662968688446497 ], [ 13.271849218043061, 52.663218316576597 ], [ 13.272181049439139, 52.663345640460662 ], [ 13.272194918990111, 52.663413994801857 ], [ 13.272039538415493, 52.663483376662981 ], [ 13.272466978692638, 52.663597080789444 ], [ 13.272118183584777, 52.663695022865078 ], [ 13.272145057776427, 52.663973960238344 ], [ 13.271988247696859, 52.664043970385947 ], [ 13.272042567407635, 52.664132056236106 ], [ 13.271965475650294, 52.664205704931135 ], [ 13.27244130067624, 52.664248114684142 ], [ 13.272147307252663, 52.664270203905659 ], [ 13.272116472423807, 52.664331779888606 ], [ 13.271968266060025, 52.664307772081749 ], [ 13.271709216081389, 52.664368106978863 ], [ 13.271750960861453, 52.664514996095782 ], [ 13.271847873315529, 52.664559397910445 ], [ 13.271717106174378, 52.664591575156756 ], [ 13.271650949486402, 52.664843027676248 ], [ 13.271293858832006, 52.664881156844871 ], [ 13.271129209955378, 52.664814184848119 ], [ 13.270981522607649, 52.665134003755455 ], [ 13.270791988775203, 52.66512776035011 ], [ 13.27088534569735, 52.665332123664214 ], [ 13.270817430095882, 52.66537080082157 ], [ 13.27059320625542, 52.665229608097874 ], [ 13.270516995907879, 52.665407800756434 ], [ 13.2704595736851, 52.665084099797689 ], [ 13.270382918060017, 52.665598963037326 ], [ 13.270330241618923, 52.665472233110513 ], [ 13.270031821979833, 52.665328656181075 ], [ 13.269787166560763, 52.665512068514069 ], [ 13.269235737469897, 52.666216781869743 ], [ 13.268651690447978, 52.666182224056989 ], [ 13.268407856551439, 52.666024216692442 ], [ 13.268361268081739, 52.665899223883955 ], [ 13.268447713018851, 52.665860642744313 ], [ 13.268436489987399, 52.665522015363621 ], [ 13.268282544825396, 52.665468207673513 ], [ 13.268086691235927, 52.665569549133188 ], [ 13.267931973709736, 52.666229391582199 ], [ 13.268050546709018, 52.666694619542639 ], [ 13.267923450519472, 52.666957628109557 ], [ 13.268059926242401, 52.667397444113455 ], [ 13.267914109091, 52.667554218437544 ], [ 13.267739224575291, 52.667393932148748 ], [ 13.267597971040363, 52.667030734092066 ], [ 13.267210982278971, 52.666904522050885 ], [ 13.266960499421886, 52.667007977841472 ], [ 13.26682950063894, 52.667186619245328 ], [ 13.266587941243342, 52.667217084675741 ], [ 13.266444299820286, 52.667449030271399 ], [ 13.266592984827492, 52.667555234947613 ], [ 13.267148887606485, 52.667443075295395 ], [ 13.267102967827405, 52.66757208814726 ], [ 13.265920083126382, 52.667738800493929 ], [ 13.267175978908952, 52.667637726164635 ], [ 13.267744922684308, 52.667836594927827 ], [ 13.268676785263676, 52.667884054608471 ], [ 13.26951947843728, 52.667556478776888 ], [ 13.269582187472693, 52.667621245401023 ], [ 13.269442292364804, 52.667637412666615 ], [ 13.269498035188523, 52.667709908516443 ], [ 13.26911596774675, 52.667798733758367 ], [ 13.269665648384869, 52.667918166295443 ], [ 13.269767101502696, 52.667877729554561 ], [ 13.269619661633126, 52.667640002977869 ] ], [ [ 13.274812939512964, 52.666456986371777 ], [ 13.274669994219423, 52.666375512605832 ], [ 13.274891511456028, 52.666333274100872 ], [ 13.274812939512964, 52.666456986371777 ] ], [ [ 13.275975869011054, 52.665466919062716 ], [ 13.27556117900656, 52.665502941097962 ], [ 13.275614025663451, 52.665374147724336 ], [ 13.275505885720646, 52.665326390700343 ], [ 13.275591028235183, 52.6652308540517 ], [ 13.275752404245839, 52.665380482467029 ], [ 13.275934603409553, 52.665358426482257 ], [ 13.275975869011054, 52.665466919062716 ] ], [ [ 13.278516634445657, 52.665539823827288 ], [ 13.278328207955974, 52.665488811580268 ], [ 13.278381291970341, 52.665458044104696 ], [ 13.278516634445657, 52.665539823827288 ] ], [ [ 13.278972850316528, 52.664467529844075 ], [ 13.278945954691167, 52.664548865523948 ], [ 13.278895222412118, 52.664486403778362 ], [ 13.278972850316528, 52.664467529844075 ] ], [ [ 13.27797936462667, 52.662654892827909 ], [ 13.277847687082309, 52.662665287896054 ], [ 13.277923074249939, 52.662582146604251 ], [ 13.277791396912741, 52.662592541611701 ], [ 13.278160953308848, 52.662549639618206 ], [ 13.278158127453578, 52.662621526669824 ], [ 13.27797936462667, 52.662654892827909 ] ], [ [ 13.278521302818881, 52.662411019404203 ], [ 13.27825722814212, 52.662594886293896 ], [ 13.278206625635431, 52.6625626121808 ], [ 13.278339715572299, 52.662516273180756 ], [ 13.278287522302683, 52.662448397163985 ], [ 13.278521302818881, 52.662411019404203 ] ], [ [ 13.280189105424435, 52.663622052464426 ], [ 13.280134091201127, 52.663545759962247 ], [ 13.280322637431651, 52.663503032818241 ], [ 13.280448137297618, 52.663597855507916 ], [ 13.280189105424435, 52.663622052464426 ] ], [ [ 13.277807905521851, 52.660998053858187 ], [ 13.277581908469115, 52.660870000274308 ], [ 13.277861023410185, 52.660827083441504 ], [ 13.277807905521851, 52.660998053858187 ] ], [ [ 13.278777745773148, 52.660400757492809 ], [ 13.278710441740607, 52.660313241209884 ], [ 13.278825146090798, 52.660281471637205 ], [ 13.278916498508687, 52.660385809002982 ], [ 13.278777745773148, 52.660400757492809 ] ], [ [ 13.281822051331119, 52.661200188003896 ], [ 13.281854885507625, 52.661117074721375 ], [ 13.281881166116236, 52.661201045222782 ], [ 13.281822051331119, 52.661200188003896 ] ], [ [ 13.281881166116236, 52.661201045222782 ], [ 13.281992782092434, 52.661172563762591 ], [ 13.282128524435393, 52.661313946370335 ], [ 13.281902279960988, 52.661358922378824 ], [ 13.281881166116236, 52.661201045222782 ] ], [ [ 13.283147881567736, 52.662082543601336 ], [ 13.282995255340786, 52.662065651339297 ], [ 13.28293049835006, 52.661952253411982 ], [ 13.283087211337147, 52.661923127702487 ], [ 13.283147881567736, 52.662082543601336 ] ], [ [ 13.283679925824647, 52.662090251647967 ], [ 13.283684150932606, 52.661982420748274 ], [ 13.284157078201099, 52.661989270314336 ], [ 13.284152854255971, 52.66209710124059 ], [ 13.283679925824647, 52.662090251647967 ] ], [ [ 13.28274848341518, 52.654164662429714 ], [ 13.282799639165445, 52.65439711527921 ], [ 13.282580861663662, 52.654316642989379 ], [ 13.282607605591259, 52.654187608582724 ], [ 13.28274848341518, 52.654164662429714 ] ], [ [ 13.284185310200318, 52.653717946564193 ], [ 13.284325562552967, 52.653594786598191 ], [ 13.284401004336914, 52.653810030928554 ], [ 13.284666773139721, 52.653652374937387 ], [ 13.284925587367269, 52.653711788868407 ], [ 13.284985689562335, 52.653638885786464 ], [ 13.285129431795836, 52.653644444534748 ], [ 13.285214975056203, 52.653823447359493 ], [ 13.285434043998826, 52.653976181882065 ], [ 13.285379945826369, 52.654071332981609 ], [ 13.285358966645743, 52.653950722373523 ], [ 13.285087009065288, 52.65396146685125 ], [ 13.285029898167789, 52.654047967856101 ], [ 13.284962596445071, 52.653930092843233 ], [ 13.284723575884293, 52.653889087544457 ], [ 13.284971845089222, 52.653790058153405 ], [ 13.284798455302168, 52.653748108131282 ], [ 13.2845023320011, 52.653891152960718 ], [ 13.284185310200318, 52.653717946564193 ] ], [ [ 13.284220487292277, 52.654329845292018 ], [ 13.284243205246554, 52.654270660923615 ], [ 13.28459811461452, 52.65426874017821 ], [ 13.284449381985024, 52.654345574679077 ], [ 13.284220487292277, 52.654329845292018 ] ], [ [ 13.284546975394237, 52.655053854412898 ], [ 13.284676259062936, 52.6551039991799 ], [ 13.284623191215715, 52.655134769657472 ], [ 13.284546975394237, 52.655053854412898 ] ], [ [ 13.289226228577002, 52.654869764616727 ], [ 13.289026965696346, 52.654910734832633 ], [ 13.289023538309902, 52.654809590232865 ], [ 13.288153237576623, 52.654824659145412 ], [ 13.288080575139462, 52.654745815367903 ], [ 13.28857691934688, 52.65466497307883 ], [ 13.288385954757066, 52.654563751756271 ], [ 13.288665050821162, 52.654494890050543 ], [ 13.288735515999926, 52.65460048050609 ], [ 13.289202977381391, 52.654777849958414 ], [ 13.289226228577002, 52.654869764616727 ] ], [ [ 13.288239546156934, 52.652877490150949 ], [ 13.288112242027749, 52.652864324202099 ], [ 13.288223556849955, 52.652797463870165 ], [ 13.288239546156934, 52.652877490150949 ] ], [ [ 13.276599306471132, 52.65864281528259 ], [ 13.276621518038921, 52.658583290774047 ], [ 13.276858694134905, 52.658568127244202 ], [ 13.276708293361692, 52.658677764538773 ], [ 13.276599306471132, 52.65864281528259 ] ], [ [ 13.275026368014132, 52.662540010715851 ], [ 13.275406312893043, 52.662550948498065 ], [ 13.275164939685547, 52.662667023142077 ], [ 13.275343019978697, 52.662849032916931 ], [ 13.275304966697473, 52.662975635190477 ], [ 13.274923950155628, 52.662943413992195 ], [ 13.275156824585736, 52.662926644676105 ], [ 13.2750235740346, 52.662812984419972 ], [ 13.274723893256805, 52.662895878620255 ], [ 13.274520632466125, 52.662703774841667 ], [ 13.275026368014132, 52.662540010715851 ] ], [ [ 13.275304966697473, 52.662975635190477 ], [ 13.275432294237952, 52.662988813424711 ], [ 13.27532093655477, 52.663055662926489 ], [ 13.275304966697473, 52.662975635190477 ] ], [ [ 13.274238390676333, 52.661521542158269 ], [ 13.274440726060011, 52.661547036828644 ], [ 13.274270824504926, 52.661646552598576 ], [ 13.274238390676333, 52.661521542158269 ] ], [ [ 13.273545626023601, 52.662590372425711 ], [ 13.273471441955415, 52.662491812658217 ], [ 13.273584790832603, 52.662398706243934 ], [ 13.273626138641944, 52.662566065126313 ], [ 13.273545626023601, 52.662590372425711 ] ], [ [ 13.272116472423807, 52.664331779888606 ], [ 13.27241064826454, 52.664372033476226 ], [ 13.27240781278808, 52.664443920288178 ], [ 13.272171337341026, 52.66444047218873 ], [ 13.272115054447802, 52.664367723289381 ], [ 13.272083513499283, 52.664447515207421 ], [ 13.27197405953086, 52.664412078648908 ], [ 13.272116472423807, 52.664331779888606 ] ], [ [ 13.270519685643933, 52.665422963355454 ], [ 13.270737060102473, 52.665435902661862 ], [ 13.270532550676041, 52.665495486205081 ], [ 13.270519685643933, 52.665422963355454 ] ], [ [ 13.270532550676041, 52.665495486205081 ], [ 13.270896235164477, 52.665622224846878 ], [ 13.270727180177214, 52.665671157570785 ], [ 13.270588832329516, 52.665568235832858 ], [ 13.27045714444529, 52.665578622593074 ], [ 13.270532550676041, 52.665495486205081 ] ], [ [ 13.290088715351375, 52.655046073029219 ], [ 13.290166321779431, 52.655027191551198 ], [ 13.290139453073571, 52.65510853011962 ], [ 13.290088715351375, 52.655046073029219 ] ], [ [ 13.288626589479952, 52.656031462763217 ], [ 13.289081173120618, 52.656072359548631 ], [ 13.288797824851383, 52.656099736031166 ], [ 13.288626589479952, 52.656031462763217 ] ], [ [ 13.288456074570789, 52.655811354512281 ], [ 13.288442088086045, 52.65594540246277 ], [ 13.288202046638999, 52.655987839005512 ], [ 13.288386100376769, 52.656026215722264 ], [ 13.288296541853256, 52.656060447463574 ], [ 13.287675660504043, 52.655986150509108 ], [ 13.288038831300419, 52.655949410795955 ], [ 13.287616206843834, 52.655908042292587 ], [ 13.287682326007815, 52.655836244449468 ], [ 13.287569381791815, 52.655769513394063 ], [ 13.288456074570789, 52.655811354512281 ] ], [ [ 13.287978088374487, 52.656542045733914 ], [ 13.287973874662375, 52.656649876975223 ], [ 13.28783763050839, 52.656729967624777 ], [ 13.287774913029077, 52.656665212150259 ], [ 13.287914765828116, 52.656649022846338 ], [ 13.287918979685539, 52.656541191608326 ], [ 13.287789688987367, 52.656491048692217 ], [ 13.287920384298726, 52.656505247861823 ], [ 13.288021303402092, 52.656346202539673 ], [ 13.28795354875894, 52.656307590652361 ], [ 13.288130285556997, 52.656261326549384 ], [ 13.287958475939741, 52.656163418788978 ], [ 13.288327996531317, 52.656134532806149 ], [ 13.288076025673149, 52.656704279451112 ], [ 13.287978088374487, 52.656542045733914 ] ], [ [ 13.287984550792238, 52.654438242245234 ], [ 13.288060952602763, 52.654421364205184 ], [ 13.288001237922137, 52.654338562611997 ], [ 13.288255335219182, 52.654353384996043 ], [ 13.288218197858697, 52.654516741814831 ], [ 13.28813586940519, 52.65454340281736 ], [ 13.287984550792238, 52.654438242245234 ] ], [ [ 13.287874944397188, 52.655152601836683 ], [ 13.287773875957944, 52.655096019175765 ], [ 13.287976566385719, 52.655067497800516 ], [ 13.287874944397188, 52.655152601836683 ] ], [ [ 13.287264382024127, 52.653618642194594 ], [ 13.287267192024521, 52.653546754690282 ], [ 13.287444505924761, 52.653549317852956 ], [ 13.28744169621493, 52.653621205363912 ], [ 13.287264382024127, 52.653618642194594 ] ], [ [ 13.287283911502534, 52.654178386933964 ], [ 13.287361517551982, 52.654159507287822 ], [ 13.287334644222415, 52.654240845192163 ], [ 13.287283911502534, 52.654178386933964 ] ], [ [ 13.287254546928962, 52.653870248451994 ], [ 13.287312539915888, 52.653960153499298 ], [ 13.286753956259167, 52.653955361226274 ], [ 13.287254546928962, 52.653870248451994 ] ], [ [ 13.287173679022636, 52.654485398439697 ], [ 13.28731208190743, 52.654507088574206 ], [ 13.287209432632146, 52.654568910531893 ], [ 13.287173679022636, 52.654485398439697 ] ], [ [ 13.287165212625135, 52.65431214915909 ], [ 13.287296792073867, 52.654302427876864 ], [ 13.287275140137254, 52.654379854996272 ], [ 13.287165212625135, 52.65431214915909 ] ], [ [ 13.286795618066725, 52.658108879859199 ], [ 13.286832362516995, 52.658019256860953 ], [ 13.28722742250233, 52.657921483530878 ], [ 13.286795618066725, 52.658108879859199 ] ], [ [ 13.286993793423539, 52.653678615017839 ], [ 13.286946298903967, 52.653573565789095 ], [ 13.287148982772578, 52.653545045767814 ], [ 13.286993793423539, 52.653678615017839 ] ], [ [ 13.286362103687573, 52.653472186351166 ], [ 13.286503048966713, 52.653427813372168 ], [ 13.286471542467375, 52.653507609548505 ], [ 13.286362103687573, 52.653472186351166 ] ], [ [ 13.286329952921202, 52.653317417597499 ], [ 13.286190233593713, 52.653348515841785 ], [ 13.286266475251132, 52.65326487131842 ], [ 13.286470475376037, 52.653344069444621 ], [ 13.286367827692029, 52.653405890697755 ], [ 13.286329952921202, 52.653317417597499 ] ], [ [ 13.285819016438451, 52.66098283588051 ], [ 13.285710715176762, 52.660928517061421 ], [ 13.285857335477438, 52.660863031264014 ], [ 13.285819016438451, 52.66098283588051 ] ], [ [ 13.285602503232132, 52.661125773136867 ], [ 13.285530399362326, 52.661042844926961 ], [ 13.285792594706804, 52.661005950750919 ], [ 13.285602503232132, 52.661125773136867 ] ], [ [ 13.285700909156818, 52.661384266004383 ], [ 13.285778528701876, 52.661365387530672 ], [ 13.285751647715385, 52.661446724918804 ], [ 13.285700909156818, 52.661384266004383 ] ], [ [ 13.285563632922285, 52.661589809912755 ], [ 13.285517951467423, 52.661484136215485 ], [ 13.285715193569494, 52.661472363279664 ], [ 13.285563632922285, 52.661589809912755 ] ], [ [ 13.28528357085438, 52.661304331664411 ], [ 13.28554488182248, 52.661290078901352 ], [ 13.285492348448143, 52.661403286786999 ], [ 13.28528357085438, 52.661304331664411 ] ], [ [ 13.285498307108272, 52.654923768685379 ], [ 13.285471429828208, 52.655005106123859 ], [ 13.285420698922554, 52.6549426470905 ], [ 13.285498307108272, 52.654923768685379 ] ], [ [ 13.285347697876199, 52.661249084001064 ], [ 13.285230997162817, 52.661136376151418 ], [ 13.285435093135366, 52.661072706058782 ], [ 13.285479944317631, 52.661196348701594 ], [ 13.285347697876199, 52.661249084001064 ] ], [ [ 13.28544916180871, 52.660713269325711 ], [ 13.285427503186947, 52.660790695972651 ], [ 13.285317562708007, 52.660722988379881 ], [ 13.28544916180871, 52.660713269325711 ] ], [ [ 13.285149369353768, 52.660816822867979 ], [ 13.285008682136199, 52.660733691368712 ], [ 13.28521109407815, 52.660656561266087 ], [ 13.285149369353768, 52.660816822867979 ] ], [ [ 13.285149369353768, 52.660816822867979 ], [ 13.285301881412337, 52.660796376421146 ], [ 13.2853800822932, 52.660868873134952 ], [ 13.285173741192946, 52.660951161600089 ], [ 13.285100431752554, 52.660883194831811 ], [ 13.285149369353768, 52.660816822867979 ] ], [ [ 13.285079311817258, 52.661658732346176 ], [ 13.284915627592047, 52.661555442585311 ], [ 13.285121226685169, 52.661535696184195 ], [ 13.285079311817258, 52.661658732346176 ] ], [ [ 13.285007563293835, 52.661431321763231 ], [ 13.284866536876367, 52.661511709707931 ], [ 13.284766307337222, 52.661270819432744 ], [ 13.284956546340089, 52.661209636325708 ], [ 13.285007563293835, 52.661431321763231 ] ], [ [ 13.284956500598259, 52.655167675426789 ], [ 13.284879362527459, 52.655248618274534 ], [ 13.28481665152696, 52.655183861273279 ], [ 13.284956500598259, 52.655167675426789 ] ], [ [ 13.284642693805852, 52.661123769470201 ], [ 13.284843946050055, 52.661064150283991 ], [ 13.284898077420902, 52.661139195834352 ], [ 13.284718039704215, 52.661183283701547 ], [ 13.284642693805852, 52.661123769470201 ] ], [ [ 13.284694048345195, 52.661541136194899 ], [ 13.284825650030598, 52.661531417856466 ], [ 13.284803989871754, 52.661608844366441 ], [ 13.284694048345195, 52.661541136194899 ] ], [ [ 13.284611709967578, 52.660952896177903 ], [ 13.284615932608867, 52.660845065204803 ], [ 13.284793275795291, 52.660847632580513 ], [ 13.28478905359003, 52.66095546356356 ], [ 13.284611709967578, 52.660952896177903 ] ], [ [ 13.284571618011888, 52.661400688507626 ], [ 13.284714456864354, 52.661349988037912 ], [ 13.28468110446825, 52.661506601444778 ], [ 13.284571618011888, 52.661400688507626 ] ], [ [ 13.284624377810911, 52.66062940325196 ], [ 13.284691695108975, 52.660716916287704 ], [ 13.284576990193043, 52.660748689866331 ], [ 13.284485627063768, 52.660644356803331 ], [ 13.284624377810911, 52.66062940325196 ] ], [ [ 13.28447396424737, 52.661118411537394 ], [ 13.284619854037764, 52.661152379166026 ], [ 13.284566276939721, 52.661214768836082 ], [ 13.28447396424737, 52.661118411537394 ] ], [ [ 13.284254801931334, 52.660497158360513 ], [ 13.284393552283705, 52.660482205075851 ], [ 13.284460868898121, 52.66056971823901 ], [ 13.284346164207751, 52.660601491596786 ], [ 13.284254801931334, 52.660497158360513 ] ], [ [ 13.284340069386847, 52.660337574496232 ], [ 13.284380654899675, 52.660396375445885 ], [ 13.283842306124114, 52.660389386342814 ], [ 13.284340069386847, 52.660337574496232 ] ], [ [ 13.284378067330818, 52.660877585278065 ], [ 13.284310942668615, 52.660999396239752 ], [ 13.284230865663041, 52.660902899826581 ], [ 13.284378067330818, 52.660877585278065 ] ], [ [ 13.284048730232088, 52.661187097028524 ], [ 13.284249983554611, 52.661127478861133 ], [ 13.284350391144793, 52.661260899330351 ], [ 13.284125589195749, 52.661318561625016 ], [ 13.284048730232088, 52.661187097028524 ] ], [ [ 13.283958634073301, 52.661015367450709 ], [ 13.283816539363551, 52.661133282073457 ], [ 13.283731493663055, 52.661024720582041 ], [ 13.283958634073301, 52.661015367450709 ] ], [ [ 13.283958634073301, 52.661015367450709 ], [ 13.283996624422906, 52.660931362443918 ], [ 13.28422001400908, 52.660985681233726 ], [ 13.283958634073301, 52.661015367450709 ] ], [ [ 13.284156678207278, 52.654172209455169 ], [ 13.283862007849423, 52.654192877572321 ], [ 13.283920468773536, 52.654124272249291 ], [ 13.284156678207278, 52.654172209455169 ] ], [ [ 13.284105173307513, 52.661507183064053 ], [ 13.283980691280162, 52.661531263991613 ], [ 13.283921213617019, 52.661463356333222 ], [ 13.284105173307513, 52.661507183064053 ] ], [ [ 13.284048702811921, 52.661735952611927 ], [ 13.284013674260358, 52.661819858392285 ], [ 13.283848687614309, 52.661750228898278 ], [ 13.284048702811921, 52.661735952611927 ] ], [ [ 13.28376579951097, 52.661408178860377 ], [ 13.283771044741696, 52.661556237715075 ], [ 13.283505824393771, 52.661543475023628 ], [ 13.283566459671405, 52.661423359484786 ], [ 13.28376579951097, 52.661408178860377 ] ], [ [ 13.283722786549511, 52.66095470395387 ], [ 13.283568242263106, 52.66081143579391 ], [ 13.283732033612187, 52.660760337063735 ], [ 13.283722786549511, 52.66095470395387 ] ], [ [ 13.283421636459943, 52.661278477015017 ], [ 13.283595496183812, 52.661225891748636 ], [ 13.283702292337326, 52.661318577007279 ], [ 13.283497696460262, 52.66135768941583 ], [ 13.283421636459943, 52.661278477015017 ] ], [ [ 13.283560324488532, 52.660613993546512 ], [ 13.28355609928478, 52.660721824464282 ], [ 13.283437870906848, 52.660720111678636 ], [ 13.283442096401281, 52.660612280767523 ], [ 13.283560324488532, 52.660613993546512 ] ], [ [ 13.283277939236811, 52.661111520029017 ], [ 13.283484308885864, 52.661044460816214 ], [ 13.283445496205374, 52.661202487451853 ], [ 13.283277939236811, 52.661111520029017 ] ], [ [ 13.283415015108254, 52.660993038892414 ], [ 13.283218737250509, 52.661049884571455 ], [ 13.283172510256501, 52.660947188412678 ], [ 13.283415015108254, 52.660993038892414 ] ], [ [ 13.283129347155846, 52.661898133857768 ], [ 13.283275974521473, 52.661832651325092 ], [ 13.283237647532401, 52.66195245502108 ], [ 13.283129347155846, 52.661898133857768 ] ], [ [ 13.283260528362334, 52.660717542279123 ], [ 13.283108963863281, 52.660834985753056 ], [ 13.283063289097447, 52.66072931115314 ], [ 13.283260528362334, 52.660717542279123 ] ], [ [ 13.282988310564011, 52.660969226422715 ], [ 13.283074733031116, 52.660930634390084 ], [ 13.283125857314515, 52.661015612147807 ], [ 13.282988310564011, 52.660969226422715 ] ], [ [ 13.282802362757893, 52.653709006924181 ], [ 13.282750766789725, 52.653640387958468 ], [ 13.283020511722187, 52.653685706402491 ], [ 13.282802362757893, 52.653709006924181 ] ], [ [ 13.28285934675274, 52.661898542231675 ], [ 13.282863573850847, 52.661790711374785 ], [ 13.282981805081974, 52.661792424757415 ], [ 13.282977578274567, 52.661900255620942 ], [ 13.28285934675274, 52.661898542231675 ] ], [ [ 13.282977695342137, 52.658879277402839 ], [ 13.282933870046833, 52.658964740136682 ], [ 13.282832206790694, 52.658902297015452 ], [ 13.282977695342137, 52.658879277402839 ] ], [ [ 13.282921341498401, 52.660317022775708 ], [ 13.282826007069859, 52.660426061465344 ], [ 13.282782591207381, 52.660331974336884 ], [ 13.282921341498401, 52.660317022775708 ] ], [ [ 13.282682719602189, 52.661547965406122 ], [ 13.282814321703327, 52.661538249305686 ], [ 13.282792657993935, 52.661615675417806 ], [ 13.282682719602189, 52.661547965406122 ] ], [ [ 13.282573465108365, 52.661153780766902 ], [ 13.282770706400157, 52.661142012726394 ], [ 13.282619139107389, 52.66125945554213 ], [ 13.282573465108365, 52.661153780766902 ] ], [ [ 13.282381549355661, 52.661440677964528 ], [ 13.282641203495368, 52.661427848094554 ], [ 13.282551289805834, 52.661512011565833 ], [ 13.282381549355661, 52.661440677964528 ] ], [ [ 13.28263556670283, 52.661571622562036 ], [ 13.282607629109052, 52.661687537723623 ], [ 13.28237617181933, 52.661659966624093 ], [ 13.282447267043683, 52.661582852703845 ], [ 13.28263556670283, 52.661571622562036 ] ], [ [ 13.282196805963213, 52.653738775061399 ], [ 13.282201882471243, 52.653601208763384 ], [ 13.282593709153542, 52.653586993622973 ], [ 13.282628439585908, 52.653649045827002 ], [ 13.28237777818592, 52.653639582552358 ], [ 13.282373228723246, 52.653802022288694 ], [ 13.282196805963213, 52.653738775061399 ] ], [ [ 13.282285621796284, 52.660829339055347 ], [ 13.282546930751543, 52.660815092887468 ], [ 13.282334341475895, 52.660910806410456 ], [ 13.282285621796284, 52.660829339055347 ] ], [ [ 13.282421847401226, 52.654349546283981 ], [ 13.282371121610522, 52.654287085981359 ], [ 13.282448729896883, 52.654268209573189 ], [ 13.282421847401226, 52.654349546283981 ] ], [ [ 13.282434339501288, 52.660669604622676 ], [ 13.282407452778891, 52.660750941212342 ], [ 13.282356719804822, 52.660688480905883 ], [ 13.282434339501288, 52.660669604622676 ] ], [ [ 13.282397818937149, 52.656471078492018 ], [ 13.282347090793708, 52.656408618180087 ], [ 13.282424702869102, 52.656389741826025 ], [ 13.282397818937149, 52.656471078492018 ] ], [ [ 13.282423064819808, 52.660957153559487 ], [ 13.282418836764972, 52.661064984406757 ], [ 13.282241492919308, 52.661062413470809 ], [ 13.282245721410174, 52.660954582633522 ], [ 13.282423064819808, 52.660957153559487 ] ], [ [ 13.282300665374114, 52.656084268465683 ], [ 13.282378276891032, 52.656065392136362 ], [ 13.282351393085923, 52.656146728797012 ], [ 13.282300665374114, 52.656084268465683 ] ], [ [ 13.28223839259549, 52.655959352240188 ], [ 13.282324805726967, 52.655920760645252 ], [ 13.282375922924063, 52.656005738733889 ], [ 13.28223839259549, 52.655959352240188 ] ], [ [ 13.282331928077928, 52.654230552173026 ], [ 13.282305045390752, 52.654311888856178 ], [ 13.28225431981007, 52.654249428504905 ], [ 13.282331928077928, 52.654230552173026 ] ], [ [ 13.282065558745813, 52.661023898660744 ], [ 13.282134205277485, 52.661149574001946 ], [ 13.281916317715369, 52.661101161159912 ], [ 13.282065558745813, 52.661023898660744 ] ], [ [ 13.282109167571118, 52.661420135452282 ], [ 13.282075697105483, 52.661502518493464 ], [ 13.281913904067236, 52.661538260324683 ], [ 13.281817740434526, 52.661429765063751 ], [ 13.282109167571118, 52.661420135452282 ] ], [ [ 13.282102119392752, 52.661599853486159 ], [ 13.282078504926366, 52.661695321015934 ], [ 13.281782860199479, 52.661692755048456 ], [ 13.281853310098633, 52.661610101089849 ], [ 13.282102119392752, 52.661599853486159 ] ], [ [ 13.281899475727936, 52.658665035997394 ], [ 13.282099477375787, 52.658650762880789 ], [ 13.282064447705883, 52.658734668116125 ], [ 13.281899475727936, 52.658665035997394 ] ], [ [ 13.282095071139706, 52.661779571513854 ], [ 13.282065110833624, 52.661897635285541 ], [ 13.282014562741422, 52.661803884596956 ], [ 13.282095071139706, 52.661779571513854 ] ], [ [ 13.282092429862988, 52.658830480998198 ], [ 13.282057400028052, 52.658914386227679 ], [ 13.281892427391261, 52.658844754095554 ], [ 13.282092429862988, 52.658830480998198 ] ], [ [ 13.282075603679234, 52.657751315147983 ], [ 13.28205810598061, 52.657813840508275 ], [ 13.281821614865887, 52.657811693155224 ], [ 13.282075603679234, 52.657751315147983 ] ], [ [ 13.281975436114978, 52.658345289256999 ], [ 13.282053051795119, 52.658326413182685 ], [ 13.282026165904366, 52.658407749722898 ], [ 13.281975436114978, 52.658345289256999 ] ], [ [ 13.281800154732815, 52.654562234362388 ], [ 13.281964611290553, 52.654548903067052 ], [ 13.282042071651414, 52.654668981158238 ], [ 13.281923804213479, 52.654778776473989 ], [ 13.281800154732815, 52.654562234362388 ] ], [ [ 13.281694466281317, 52.658263649159622 ], [ 13.281741982824775, 52.658159519173132 ], [ 13.282000988670688, 52.658145837958379 ], [ 13.281967975287795, 52.658218814057321 ], [ 13.281694466281317, 52.658263649159622 ] ], [ [ 13.281740679239109, 52.657242961468846 ], [ 13.281989171862355, 52.657260454272617 ], [ 13.281764717663206, 52.657325457381965 ], [ 13.281740679239109, 52.657242961468846 ] ], [ [ 13.281740679239109, 52.657242961468846 ], [ 13.281600281538802, 52.65721435502261 ], [ 13.281682206018099, 52.657117257168466 ], [ 13.281740679239109, 52.657242961468846 ] ], [ [ 13.281684875647132, 52.658331802610313 ], [ 13.281875719066429, 52.658323841791983 ], [ 13.281853746130162, 52.658438262875578 ], [ 13.281684875647132, 52.658331802610313 ] ], [ [ 13.281669081320477, 52.653928714142985 ], [ 13.28187177006566, 52.65390020319461 ], [ 13.281770139098301, 52.653985301932948 ], [ 13.281669081320477, 52.653928714142985 ] ], [ [ 13.281597813441984, 52.657363075460012 ], [ 13.281854669255161, 52.657352506752446 ], [ 13.281831056751789, 52.657447974313484 ], [ 13.28168581317648, 52.657470030767243 ], [ 13.281597813441984, 52.657363075460012 ] ], [ [ 13.281718123373967, 52.657818059452218 ], [ 13.28181688582376, 52.65786855597451 ], [ 13.281819955628968, 52.658121683006669 ], [ 13.281648770317378, 52.657985160517363 ], [ 13.281718123373967, 52.657818059452218 ] ], [ [ 13.281718123373967, 52.657818059452218 ], [ 13.281643123087392, 52.657798989701234 ], [ 13.281719533137945, 52.657782115830102 ], [ 13.281653656577872, 52.657696465209568 ], [ 13.281750067788815, 52.657662584225179 ], [ 13.281799454202813, 52.657758970468791 ], [ 13.281718123373967, 52.657818059452218 ] ], [ [ 13.281706942013038, 52.657614193468589 ], [ 13.28162239008279, 52.657506252660866 ], [ 13.281730811142211, 52.657494566844321 ], [ 13.281795945491195, 52.6575792572932 ], [ 13.281706942013038, 52.657614193468589 ] ], [ [ 13.28172215085984, 52.660731206642602 ], [ 13.281632236880967, 52.660815369423069 ], [ 13.281462500631179, 52.660744034532549 ], [ 13.28172215085984, 52.660731206642602 ] ], [ [ 13.281365062526728, 52.658663958352712 ], [ 13.281509773973186, 52.658606247128802 ], [ 13.281453289559872, 52.658727946910815 ], [ 13.281365062526728, 52.658663958352712 ] ], [ [ 13.281355438205953, 52.658436268770899 ], [ 13.281264087503136, 52.65833193329027 ], [ 13.281402831921369, 52.658316983453361 ], [ 13.28144594472024, 52.658373029439907 ], [ 13.281355438205953, 52.658436268770899 ] ], [ [ 13.281439492198325, 52.657382449432006 ], [ 13.281433852287181, 52.657526223907645 ], [ 13.281315632662114, 52.657524509077035 ], [ 13.28132127296076, 52.657380734610257 ], [ 13.281439492198325, 52.657382449432006 ] ], [ [ 13.281325739528928, 52.658095004687432 ], [ 13.280937261244441, 52.658177031281113 ], [ 13.281040464985903, 52.658037078150123 ], [ 13.281356411802083, 52.657992633511334 ], [ 13.281325739528928, 52.658095004687432 ] ], [ [ 13.281340242733707, 52.658735333840085 ], [ 13.280353909047257, 52.659080697085408 ], [ 13.280223873806969, 52.659053593804529 ], [ 13.280573388034474, 52.658856420735844 ], [ 13.281340242733707, 52.658735333840085 ] ], [ [ 13.280887786905932, 52.657755105890494 ], [ 13.281308582221577, 52.657704227154966 ], [ 13.28127623297282, 52.657830966740249 ], [ 13.281063249685195, 52.65788508823487 ], [ 13.280887786905932, 52.657755105890494 ] ], [ [ 13.281212882114549, 52.66357706026524 ], [ 13.281121521312256, 52.663472724673881 ], [ 13.281260282099577, 52.66345777515447 ], [ 13.281303399624484, 52.663513821187422 ], [ 13.281212882114549, 52.66357706026524 ] ], [ [ 13.28129386322045, 52.663313352476791 ], [ 13.281030589192905, 52.663435441468515 ], [ 13.280821870087461, 52.663286415828622 ], [ 13.280546227046285, 52.663292390515686 ], [ 13.281047646185893, 52.663129994581432 ], [ 13.28129386322045, 52.663313352476791 ] ], [ [ 13.281049133782814, 52.658368888158172 ], [ 13.281129197422022, 52.658465386636756 ], [ 13.280982003846066, 52.658490698882979 ], [ 13.28095511586446, 52.658572035160297 ], [ 13.280904387427787, 52.658509574248775 ], [ 13.281049133782814, 52.658368888158172 ] ], [ [ 13.280836987784181, 52.656295399822717 ], [ 13.280620562095047, 52.656384066543609 ], [ 13.280034288927819, 52.656341279380605 ], [ 13.28004636862074, 52.656208993579462 ], [ 13.279733054897793, 52.656003218588793 ], [ 13.279762870170799, 52.655829644704696 ], [ 13.27963336564164, 52.655792221133467 ], [ 13.279757444413564, 52.655730295911304 ], [ 13.279592781784865, 52.65551708900847 ], [ 13.279700331564754, 52.655489605999534 ], [ 13.28010184006887, 52.655689321099779 ], [ 13.280178641162653, 52.655546631740734 ], [ 13.280330665227705, 52.655496228521606 ], [ 13.280613442651198, 52.655599338076151 ], [ 13.280992548147005, 52.6555863483606 ], [ 13.281128152984373, 52.655828597278173 ], [ 13.280941438176155, 52.655978577065547 ], [ 13.280836987784181, 52.656295399822717 ] ], [ [ 13.281076592980488, 52.657500160705055 ], [ 13.280777930954457, 52.657511158830083 ], [ 13.280890874968138, 52.657317979997181 ], [ 13.28102995583831, 52.657268616204142 ], [ 13.281076592980488, 52.657500160705055 ] ], [ [ 13.280904164559715, 52.66348857296051 ], [ 13.281037942824168, 52.663504911838203 ], [ 13.280935209456215, 52.663535769601445 ], [ 13.280680529755369, 52.663368585471879 ], [ 13.280735613915807, 52.663327590608603 ], [ 13.280904164559715, 52.66348857296051 ] ], [ [ 13.280767556737223, 52.658717086569482 ], [ 13.280720815603134, 52.658543049184424 ], [ 13.28086237114522, 52.658524927181588 ], [ 13.280995579087143, 52.658686396672657 ], [ 13.280767556737223, 52.658717086569482 ] ], [ [ 13.280615182440149, 52.65817973377267 ], [ 13.280876476029675, 52.65816549115371 ], [ 13.280910065943015, 52.658258152914371 ], [ 13.280615182440149, 52.65817973377267 ] ], [ [ 13.280513057244107, 52.657727084133512 ], [ 13.280717481853632, 52.657695651178258 ], [ 13.280678425681606, 52.657817743449442 ], [ 13.280513057244107, 52.657727084133512 ] ], [ [ 13.280605945307002, 52.658510722587771 ], [ 13.280686448371105, 52.658486410404265 ], [ 13.280656486731999, 52.658604473869708 ], [ 13.280605945307002, 52.658510722587771 ] ], [ [ 13.280650937068295, 52.663539353481752 ], [ 13.280584699556394, 52.663603910234336 ], [ 13.280500139185321, 52.663495968656129 ], [ 13.280650937068295, 52.663539353481752 ] ], [ [ 13.280585700131297, 52.663757210390166 ], [ 13.280441424472063, 52.663798984074461 ], [ 13.280402229646471, 52.663714036182483 ], [ 13.280585700131297, 52.663757210390166 ] ], [ [ 13.28038426748836, 52.654856360527489 ], [ 13.280055475038465, 52.654569476448792 ], [ 13.280486966813344, 52.654527466669123 ], [ 13.280581925208269, 52.654789514211295 ], [ 13.28038426748836, 52.654856360527489 ] ], [ [ 13.280552661165782, 52.659534274375027 ], [ 13.280381734271668, 52.659685115694771 ], [ 13.280324266437328, 52.659495610766129 ], [ 13.280411910289059, 52.65945345604031 ], [ 13.280552661165782, 52.659534274375027 ] ], [ [ 13.280375425949062, 52.658798335729998 ], [ 13.280334398257507, 52.658690498785738 ], [ 13.280141621571875, 52.658605359085762 ], [ 13.280394640459107, 52.658575387142029 ], [ 13.280551090463213, 52.658751682491541 ], [ 13.280375425949062, 52.658798335729998 ] ], [ [ 13.280354159894358, 52.657598150274595 ], [ 13.280210899231422, 52.657369907579053 ], [ 13.28037834117197, 52.657295124593155 ], [ 13.280528229491024, 52.657530327262819 ], [ 13.280354159894358, 52.657598150274595 ] ], [ [ 13.280337339725227, 52.65838676208427 ], [ 13.280213929760018, 52.65842230518026 ], [ 13.280021282440037, 52.658242304883423 ], [ 13.280341658381108, 52.658229658108439 ], [ 13.280337339725227, 52.65838676208427 ] ], [ [ 13.2802050543668, 52.659714282726789 ], [ 13.280094650573448, 52.659573319408182 ], [ 13.28023033994195, 52.659558712907049 ], [ 13.280287891283731, 52.65963354797001 ], [ 13.2802050543668, 52.659714282726789 ] ], [ [ 13.280212928285232, 52.659279071366875 ], [ 13.280103480387272, 52.659243642342169 ], [ 13.280244450537545, 52.659199277061369 ], [ 13.280212928285232, 52.659279071366875 ] ], [ [ 13.280117600936554, 52.658008601998752 ], [ 13.279908302305603, 52.657927629761673 ], [ 13.279862020553459, 52.657738689175019 ], [ 13.280124970718752, 52.657723015847068 ], [ 13.280117600936554, 52.658008601998752 ] ], [ [ 13.280045946259246, 52.659735856644389 ], [ 13.280024278632474, 52.659813282239057 ], [ 13.279914349038556, 52.65974556971333 ], [ 13.280045946259246, 52.659735856644389 ] ], [ [ 13.279808145222045, 52.657429123310237 ], [ 13.280006192601922, 52.657451561028289 ], [ 13.279916679782296, 52.657483327017864 ], [ 13.279968874200112, 52.657594489246982 ], [ 13.279700609666914, 52.657622677647851 ], [ 13.279808145222045, 52.657429123310237 ] ], [ [ 13.280001022131634, 52.658892945864125 ], [ 13.27983680491216, 52.658951233088921 ], [ 13.279722759831822, 52.658730615502648 ], [ 13.279970059363682, 52.658655832971952 ], [ 13.280001022131634, 52.658892945864125 ] ], [ [ 13.279667189227998, 52.659783495074542 ], [ 13.27986719663177, 52.659769225778163 ], [ 13.279832161757835, 52.659853130294515 ], [ 13.279667189227998, 52.659783495074542 ] ], [ [ 13.279644091306675, 52.660195868423443 ], [ 13.279576186043576, 52.660068886385773 ], [ 13.279739090619273, 52.660019114339129 ], [ 13.279815644774807, 52.660132543256481 ], [ 13.279644091306675, 52.660195868423443 ] ], [ [ 13.27953480433105, 52.658623804807853 ], [ 13.279478104616819, 52.658437295311131 ], [ 13.279626683819592, 52.658363135043508 ], [ 13.27979795141585, 52.658556943742319 ], [ 13.27953480433105, 52.658623804807853 ] ], [ [ 13.279168174255494, 52.658908124172044 ], [ 13.27943099941314, 52.65882782648729 ], [ 13.279627728429425, 52.658890265119901 ], [ 13.279512434832073, 52.659058823278343 ], [ 13.279168174255494, 52.658908124172044 ] ], [ [ 13.279421732031045, 52.659845431850279 ], [ 13.27957163270627, 52.659764934447267 ], [ 13.279620022003607, 52.659924472507583 ], [ 13.279421732031045, 52.659845431850279 ] ], [ [ 13.279591568971545, 52.657751235868268 ], [ 13.279561604936209, 52.657869299050169 ], [ 13.279511066677172, 52.657775547317009 ], [ 13.279591568971545, 52.657751235868268 ] ], [ [ 13.279339668412733, 52.660222566344729 ], [ 13.279300610669514, 52.660135776687611 ], [ 13.279498403042739, 52.660123511765875 ], [ 13.279339668412733, 52.660222566344729 ] ], [ [ 13.279395630271443, 52.657838246997493 ], [ 13.279456626573047, 52.657949589406343 ], [ 13.279149876872726, 52.65795024464159 ], [ 13.279216844346166, 52.657871668367825 ], [ 13.279159539654028, 52.65779578103988 ], [ 13.279395630271443, 52.657838246997493 ] ], [ [ 13.279392080042264, 52.66523866139724 ], [ 13.279341346346079, 52.665176199837489 ], [ 13.279418975294371, 52.66515732562177 ], [ 13.279392080042264, 52.66523866139724 ] ], [ [ 13.279333826918133, 52.658416286269357 ], [ 13.27941039999139, 52.658502322362267 ], [ 13.279195229502402, 52.658477070594216 ], [ 13.279333826918133, 52.658416286269357 ] ], [ [ 13.279356290766616, 52.658620755380788 ], [ 13.279305564570434, 52.658558293804028 ], [ 13.279383181740416, 52.658539419492342 ], [ 13.279356290766616, 52.658620755380788 ] ], [ [ 13.279377331135686, 52.659957455198992 ], [ 13.279190881823197, 52.660025834310531 ], [ 13.279332357975498, 52.659833387981962 ], [ 13.279377331135686, 52.659957455198992 ] ], [ [ 13.27924443949879, 52.665082862996933 ], [ 13.279319839862458, 52.665205282816871 ], [ 13.279098435680707, 52.665145662897785 ], [ 13.27924443949879, 52.665082862996933 ] ], [ [ 13.278941979257279, 52.658589397952959 ], [ 13.279145325377243, 52.658571929145467 ], [ 13.2792821848521, 52.658682966958516 ], [ 13.279112192524373, 52.658766616241422 ], [ 13.278941979257279, 52.658589397952959 ] ], [ [ 13.279277480721616, 52.659724698815275 ], [ 13.279250588774095, 52.659806034656263 ], [ 13.279199861395828, 52.659743573035897 ], [ 13.279277480721616, 52.659724698815275 ] ], [ [ 13.27899822259176, 52.660209581549331 ], [ 13.279142311546261, 52.66015430451202 ], [ 13.279218427739394, 52.660269659123713 ], [ 13.279052611772775, 52.660347186022797 ], [ 13.27899822259176, 52.660209581549331 ] ], [ [ 13.27908991352534, 52.665060405499695 ], [ 13.278926231085258, 52.664957107533475 ], [ 13.279131848643816, 52.664937371694549 ], [ 13.27908991352534, 52.665060405499695 ] ], [ [ 13.27912414632835, 52.659111082651258 ], [ 13.279046990457816, 52.659192021499656 ], [ 13.278984282637893, 52.659127261477941 ], [ 13.27912414632835, 52.659111082651258 ] ], [ [ 13.279051544088665, 52.665475665965126 ], [ 13.279123143568027, 52.665489014710595 ], [ 13.278897267694676, 52.665459710357446 ], [ 13.278827848538695, 52.665325469441008 ], [ 13.279121981339342, 52.665385883289289 ], [ 13.279051544088665, 52.665475665965126 ] ], [ [ 13.278902586387055, 52.655211977699906 ], [ 13.279102124074278, 52.655154713557266 ], [ 13.279079918677656, 52.655214236974899 ], [ 13.278902586387055, 52.655211977699906 ] ], [ [ 13.279055221920451, 52.660057632415267 ], [ 13.278890249887748, 52.659987996119725 ], [ 13.279090258449816, 52.659973728145438 ], [ 13.279055221920451, 52.660057632415267 ] ], [ [ 13.279003546152518, 52.659088257714771 ], [ 13.278923484317753, 52.658991757813318 ], [ 13.279070682454099, 52.658966449822486 ], [ 13.279003546152518, 52.659088257714771 ] ], [ [ 13.278975358106241, 52.664905385244992 ], [ 13.278669210567855, 52.664945332363715 ], [ 13.278708197785322, 52.664850299004279 ], [ 13.278901019448544, 52.664790162884906 ], [ 13.278975358106241, 52.664905385244992 ] ], [ [ 13.278884726009126, 52.658732001687369 ], [ 13.278962343663606, 52.658713127656071 ], [ 13.278935451796603, 52.658794463439186 ], [ 13.278884726009126, 52.658732001687369 ] ], [ [ 13.278741433064289, 52.658314313716296 ], [ 13.278651336579593, 52.658398647773154 ], [ 13.278616866181464, 52.658278190608968 ], [ 13.278741433064289, 52.658314313716296 ] ], [ [ 13.278741433064289, 52.658314313716296 ], [ 13.278769687827502, 52.658200105146697 ], [ 13.278934655476927, 52.65833510265422 ], [ 13.278853461445827, 52.658350433212014 ], [ 13.278741433064289, 52.658314313716296 ] ], [ [ 13.278760679973068, 52.664598205681422 ], [ 13.27892155939008, 52.664691594139185 ], [ 13.278815041291621, 52.664729717317883 ], [ 13.278729311136505, 52.66464381246498 ], [ 13.278682373765964, 52.664790480785555 ], [ 13.278462802796117, 52.664748938552677 ], [ 13.278760679973068, 52.664598205681422 ] ], [ [ 13.278820976455197, 52.6644195598736 ], [ 13.278871709389815, 52.664482023308594 ], [ 13.278721516738344, 52.664512151920171 ], [ 13.278820976455197, 52.6644195598736 ] ], [ [ 13.278654530391258, 52.660020325143122 ], [ 13.278836392041505, 52.660061425325651 ], [ 13.278745878261391, 52.660124662584401 ], [ 13.278654530391258, 52.660020325143122 ] ], [ [ 13.278747193733277, 52.6592955588279 ], [ 13.27868448621548, 52.659230798651095 ], [ 13.278824350340004, 52.659214620182333 ], [ 13.278747193733277, 52.6592955588279 ] ], [ [ 13.2787239902046, 52.65786781069604 ], [ 13.278798834043753, 52.658074251485466 ], [ 13.278747699198931, 52.658113300919439 ], [ 13.278496591312427, 52.657909847210199 ], [ 13.2787239902046, 52.65786781069604 ] ], [ [ 13.278668199313792, 52.658672890569079 ], [ 13.278767913737841, 52.658836177538994 ], [ 13.278635655584774, 52.65893259428605 ], [ 13.278502095665177, 52.658760808372641 ], [ 13.278668199313792, 52.658672890569079 ] ], [ [ 13.278754885578014, 52.659125175417913 ], [ 13.278664373647157, 52.659188412639395 ], [ 13.278573027873867, 52.659084075137628 ], [ 13.278754885578014, 52.659125175417913 ] ], [ [ 13.278732959616685, 52.658529975088953 ], [ 13.278706067445198, 52.658611310819758 ], [ 13.278655342193135, 52.658548848972465 ], [ 13.278732959616685, 52.658529975088953 ] ], [ [ 13.278369087939177, 52.658429104968 ], [ 13.278524095514159, 52.658368105105737 ], [ 13.278644950421741, 52.658496911282811 ], [ 13.278369087939177, 52.658429104968 ] ], [ [ 13.278626768871039, 52.658552085900524 ], [ 13.278465385266701, 52.658715706216455 ], [ 13.278414660242699, 52.658653244269019 ], [ 13.278626768871039, 52.658552085900524 ] ], [ [ 13.278519226758444, 52.664050443214698 ], [ 13.278599294883705, 52.664146943354744 ], [ 13.278452080749137, 52.664172252260485 ], [ 13.278422458536731, 52.664327758635281 ], [ 13.278110584235671, 52.664298958156358 ], [ 13.278047960596195, 52.664216023209306 ], [ 13.278225067293612, 52.664166581941423 ], [ 13.278364930272673, 52.664237523002114 ], [ 13.278519226758444, 52.664050443214698 ] ], [ [ 13.278597114565654, 52.660129877348751 ], [ 13.278506600300593, 52.660193114419897 ], [ 13.278415252865608, 52.660088776798901 ], [ 13.278597114565654, 52.660129877348751 ] ], [ [ 13.278563138108655, 52.664620501308221 ], [ 13.278292077589988, 52.66456400363969 ], [ 13.278439365710005, 52.66449574394543 ], [ 13.278563138108655, 52.664620501308221 ] ], [ [ 13.278542110471198, 52.665151437023809 ], [ 13.278373824970867, 52.665218514287368 ], [ 13.278156673239492, 52.665053328116592 ], [ 13.27829993374089, 52.665033178701094 ], [ 13.278542110471198, 52.665151437023809 ] ], [ [ 13.278472503317193, 52.659137580308588 ], [ 13.278506270636557, 52.6592307375861 ], [ 13.278268406580226, 52.659201238418021 ], [ 13.278472503317193, 52.659137580308588 ] ], [ [ 13.278111987872839, 52.660130467017446 ], [ 13.278375251660371, 52.660107197217528 ], [ 13.2784093185494, 52.660207418760741 ], [ 13.278191155593928, 52.660300006474849 ], [ 13.278111987872839, 52.660130467017446 ] ], [ [ 13.278402305918942, 52.657913781627492 ], [ 13.278375413539736, 52.657995117289381 ], [ 13.278324689455735, 52.6579326553043 ], [ 13.278402305918942, 52.657913781627492 ] ], [ [ 13.278298887607608, 52.665296729517102 ], [ 13.278209865576585, 52.665331662865221 ], [ 13.278125307859018, 52.665223719643699 ], [ 13.27823374892936, 52.665212037211766 ], [ 13.278298887607608, 52.665296729517102 ] ], [ [ 13.278103929264631, 52.657981373854383 ], [ 13.278200567497555, 52.658142034680239 ], [ 13.278010989697215, 52.658260377361074 ], [ 13.277927333950601, 52.658191114220656 ], [ 13.278017291694935, 52.658105145554892 ], [ 13.277900028561087, 52.657999395288286 ], [ 13.278103929264631, 52.657981373854383 ] ], [ [ 13.278185348847591, 52.664959409439888 ], [ 13.278029767881012, 52.664950264792331 ], [ 13.277990945116144, 52.664864005557284 ], [ 13.278188759188911, 52.664851743015262 ], [ 13.278185348847591, 52.664959409439888 ] ], [ [ 13.278165641875825, 52.65942083390496 ], [ 13.278138748069141, 52.659502169481698 ], [ 13.278088022629101, 52.659439707398654 ], [ 13.278165641875825, 52.65942083390496 ] ], [ [ 13.277906585160098, 52.659992494141399 ], [ 13.278144420244098, 52.66005479510838 ], [ 13.277882043917332, 52.660171957814619 ], [ 13.278097154042934, 52.660313900007417 ], [ 13.277890699388568, 52.660292268243985 ], [ 13.277737955142101, 52.660075842447704 ], [ 13.277906585160098, 52.659992494141399 ] ], [ [ 13.277906585160098, 52.659992494141399 ], [ 13.277831582886902, 52.659973421966832 ], [ 13.277929955343122, 52.659913020412063 ], [ 13.27798055552916, 52.659945294642604 ], [ 13.277906585160098, 52.659992494141399 ] ], [ [ 13.277520566221886, 52.662288583408028 ], [ 13.27738060897822, 52.662226770864351 ], [ 13.277473672360156, 52.662165328852069 ], [ 13.277520566221886, 52.662288583408028 ] ], [ [ 13.277520566221886, 52.662288583408028 ], [ 13.277730753558526, 52.662197864206632 ], [ 13.2781213795058, 52.662381553099131 ], [ 13.277862443599066, 52.662317118648879 ], [ 13.278004113439636, 52.662456589167142 ], [ 13.27773655916166, 52.662558152246341 ], [ 13.277520566221886, 52.662288583408028 ] ], [ [ 13.278090356550992, 52.66221301352256 ], [ 13.27791538621204, 52.662163179446544 ], [ 13.278120205216778, 52.662081514683472 ], [ 13.278090356550992, 52.66221301352256 ] ], [ [ 13.27792387642671, 52.665038161290667 ], [ 13.278064867510054, 52.664993798821548 ], [ 13.278033336888029, 52.665073592403239 ], [ 13.27792387642671, 52.665038161290667 ] ], [ [ 13.277939811756264, 52.664071596772189 ], [ 13.277845404105653, 52.663943138245692 ], [ 13.278048141680086, 52.663914634298983 ], [ 13.277939811756264, 52.664071596772189 ] ], [ [ 13.277961413672955, 52.660620308621752 ], [ 13.277796367121706, 52.660567984461487 ], [ 13.278005030256717, 52.660497421951213 ], [ 13.277961413672955, 52.660620308621752 ] ], [ [ 13.277800062504051, 52.665150979606587 ], [ 13.27800009499496, 52.665136713687303 ], [ 13.277965052027813, 52.665220617511849 ], [ 13.277800062504051, 52.665150979606587 ] ], [ [ 13.277750894548483, 52.665456768229276 ], [ 13.277777627121008, 52.665348754295167 ], [ 13.277894430358625, 52.665302916032211 ], [ 13.277976019664301, 52.665407075878662 ], [ 13.277616910394054, 52.665568911166389 ], [ 13.277510094771429, 52.665469879720511 ], [ 13.277750894548483, 52.665456768229276 ] ], [ [ 13.277965928633968, 52.658482865376584 ], [ 13.277939035073265, 52.658564200922093 ], [ 13.277888310975404, 52.658501738755646 ], [ 13.277965928633968, 52.658482865376584 ] ], [ [ 13.277330495520191, 52.662609496701393 ], [ 13.277166719769069, 52.662694707629214 ], [ 13.277195641218167, 52.662499800199718 ], [ 13.277521406974284, 52.662516162055475 ], [ 13.277755821111937, 52.662710241761573 ], [ 13.27779353535891, 52.662867976302778 ], [ 13.277931583994635, 52.662889878336188 ], [ 13.277754465987268, 52.662976458500594 ], [ 13.27754085291255, 52.662923920911354 ], [ 13.27749371038499, 52.662971510159288 ], [ 13.277627485714062, 52.662987852864887 ], [ 13.277404136614788, 52.662997443853762 ], [ 13.277350437142378, 52.663101201255792 ], [ 13.277181146383391, 52.66316278329446 ], [ 13.276993549730745, 52.662979759933677 ], [ 13.276876988516173, 52.662986863825182 ], [ 13.276903097312823, 52.66280923193937 ], [ 13.276766729173467, 52.662739517578878 ], [ 13.276821778614096, 52.662689567565749 ], [ 13.27707868989722, 52.662683258945876 ], [ 13.276943793410732, 52.662815443139657 ], [ 13.277138601697414, 52.662888940220007 ], [ 13.277359800312498, 52.662786405458647 ], [ 13.277330495520191, 52.662609496701393 ] ], [ [ 13.277696760535353, 52.664823765756331 ], [ 13.277894574497232, 52.66481150370452 ], [ 13.277738986096148, 52.66487411050457 ], [ 13.277696760535353, 52.664823765756331 ] ], [ [ 13.277581711562382, 52.664631859740929 ], [ 13.277843934753182, 52.664594983415306 ], [ 13.277879297464164, 52.664649812226507 ], [ 13.277817438919518, 52.664717171096889 ], [ 13.277581711562382, 52.664631859740929 ] ], [ [ 13.277693834725332, 52.660276130950429 ], [ 13.277778467329503, 52.660242380473065 ], [ 13.277874431061196, 52.660335440452577 ], [ 13.277763043579551, 52.660364729146835 ], [ 13.277693834725332, 52.660276130950429 ] ], [ [ 13.277789055513376, 52.664486293623874 ], [ 13.277863354531853, 52.664506918434945 ], [ 13.277809763666724, 52.664569304899402 ], [ 13.277789055513376, 52.664486293623874 ] ], [ [ 13.277789055513376, 52.664486293623874 ], [ 13.277611698249915, 52.664483715644415 ], [ 13.277617352121972, 52.664339941626906 ], [ 13.277794708803944, 52.664342519593013 ], [ 13.277789055513376, 52.664486293623874 ] ], [ [ 13.277581852395182, 52.663992620745638 ], [ 13.277749723408276, 52.663982225217197 ], [ 13.277810903624502, 52.664061767720881 ], [ 13.27769521591568, 52.664137369715135 ], [ 13.277581852395182, 52.663992620745638 ] ], [ [ 13.277623947260212, 52.660794276087159 ], [ 13.277559085800629, 52.660694606510496 ], [ 13.277703808924441, 52.660636900053639 ], [ 13.277737561754211, 52.660730021651084 ], [ 13.277623947260212, 52.660794276087159 ] ], [ [ 13.277462143424078, 52.664750218325977 ], [ 13.277720042709543, 52.664737038863649 ], [ 13.277427532141704, 52.664818744667478 ], [ 13.277462143424078, 52.664750218325977 ] ], [ [ 13.277716494286741, 52.658246086782434 ], [ 13.277582627427323, 52.658364607517328 ], [ 13.277316922144278, 52.658197606141123 ], [ 13.277566283729776, 52.658117415364408 ], [ 13.277716494286741, 52.658246086782434 ] ], [ [ 13.277671546247337, 52.659953113681482 ], [ 13.277633205733963, 52.660072915484946 ], [ 13.277524917018583, 52.660018589280611 ], [ 13.277671546247337, 52.659953113681482 ] ], [ [ 13.277492286717195, 52.661906386665201 ], [ 13.277595229430908, 52.661894064086397 ], [ 13.277670820636651, 52.661998892152567 ], [ 13.277470006524569, 52.66204916391748 ], [ 13.277492286717195, 52.661906386665201 ] ], [ [ 13.277566332003927, 52.665186374597162 ], [ 13.277643961708641, 52.665167501551025 ], [ 13.27761706316265, 52.665248836895486 ], [ 13.277566332003927, 52.665186374597162 ] ], [ [ 13.277478672678015, 52.664529369377917 ], [ 13.277610284774413, 52.664519659148176 ], [ 13.277588610291943, 52.664597084180834 ], [ 13.277478672678015, 52.664529369377917 ] ], [ [ 13.277579435554165, 52.663799929661764 ], [ 13.277576608617082, 52.663871816676178 ], [ 13.277399253860853, 52.663869238399627 ], [ 13.277402081088672, 52.663797351391885 ], [ 13.277579435554165, 52.663799929661764 ] ], [ [ 13.277427419450484, 52.664169440880769 ], [ 13.277342383968252, 52.664060874941136 ], [ 13.277569541221954, 52.664051534207907 ], [ 13.277427419450484, 52.664169440880769 ] ], [ [ 13.277148627125074, 52.665399738212443 ], [ 13.277279345234422, 52.665413949296003 ], [ 13.277276517640042, 52.66548583627938 ], [ 13.277429135861553, 52.665465383298006 ], [ 13.277534026630608, 52.665568988803578 ], [ 13.277381208780977, 52.665609931106047 ], [ 13.277148627125074, 52.665399738212443 ] ], [ [ 13.277280354245866, 52.663379150177938 ], [ 13.277522866059529, 52.663425012761266 ], [ 13.277358679229877, 52.663472551099801 ], [ 13.277280354245866, 52.663379150177938 ] ], [ [ 13.277375221940577, 52.664480277925762 ], [ 13.2773794629306, 52.664372447426331 ], [ 13.277497700788533, 52.664374166337929 ], [ 13.277493460089255, 52.664481996844053 ], [ 13.277375221940577, 52.664480277925762 ] ], [ [ 13.277425605233777, 52.666207284640841 ], [ 13.277348433447953, 52.666288222157483 ], [ 13.277285718240343, 52.666223461246439 ], [ 13.277425605233777, 52.666207284640841 ] ], [ [ 13.277130262455255, 52.664692500701058 ], [ 13.277068315244453, 52.664763528057449 ], [ 13.277199559394202, 52.664782697326096 ], [ 13.277141266000863, 52.664849248315143 ], [ 13.276868046442914, 52.664729163733298 ], [ 13.276932695775468, 52.664608937025235 ], [ 13.277130262455255, 52.664692500701058 ] ], [ [ 13.277130262455255, 52.664692500701058 ], [ 13.277392619271954, 52.664574057360198 ], [ 13.277315072478576, 52.66474393534839 ], [ 13.277130262455255, 52.664692500701058 ] ], [ [ 13.277181679374548, 52.660377560688389 ], [ 13.277333750265647, 52.66039478497494 ], [ 13.277377732559678, 52.660532168693599 ], [ 13.277093010094056, 52.660500318776812 ], [ 13.277181679374548, 52.660377560688389 ] ], [ [ 13.277181679374548, 52.660377560688389 ], [ 13.276972166258661, 52.66043520346166 ], [ 13.276862606736735, 52.660383790792501 ], [ 13.27726834945422, 52.660264798913481 ], [ 13.277181679374548, 52.660377560688389 ] ], [ [ 13.277324294676905, 52.660689596146533 ], [ 13.2771964760566, 52.660734956454462 ], [ 13.277130171299307, 52.660606679763937 ], [ 13.277350539093685, 52.660595800312663 ], [ 13.277324294676905, 52.660689596146533 ] ], [ [ 13.27723784737961, 52.663878972316041 ], [ 13.2771464955035, 52.663774633739663 ], [ 13.277285258499649, 52.663759688895901 ], [ 13.277328371193196, 52.663815736331998 ], [ 13.27723784737961, 52.663878972316041 ] ], [ [ 13.277318617219459, 52.662062609428268 ], [ 13.277022809845583, 52.662131255487033 ], [ 13.276967727805204, 52.661900849365125 ], [ 13.277271874603084, 52.661940991213548 ], [ 13.277318617219459, 52.662062609428268 ] ], [ [ 13.277310673296615, 52.658559948826806 ], [ 13.276961988826901, 52.658281179216935 ], [ 13.277146856227509, 52.658255173526641 ], [ 13.277310673296615, 52.658559948826806 ] ], [ [ 13.277092858328539, 52.661434891311188 ], [ 13.276979539500472, 52.661254352736911 ], [ 13.27726598109453, 52.661241924189206 ], [ 13.277303469638579, 52.661404956759242 ], [ 13.277092858328539, 52.661434891311188 ] ], [ [ 13.277301707162367, 52.666349339564476 ], [ 13.277259765474412, 52.666472372638694 ], [ 13.277096082208129, 52.666369072159746 ], [ 13.277301707162367, 52.666349339564476 ] ], [ [ 13.277175200676236, 52.663584873068814 ], [ 13.277297228607624, 52.663618394942269 ], [ 13.277194243251669, 52.663698518043084 ], [ 13.277175200676236, 52.663584873068814 ] ], [ [ 13.277151992756581, 52.661132374571338 ], [ 13.27715623378289, 52.661024544023284 ], [ 13.277274462592738, 52.661026263081943 ], [ 13.277270221857115, 52.661134093636676 ], [ 13.277151992756581, 52.661132374571338 ] ], [ [ 13.277068147491574, 52.665657322458109 ], [ 13.277272276226, 52.665593666752642 ], [ 13.277223629154443, 52.665698445804054 ], [ 13.277068147491574, 52.665657322458109 ] ], [ [ 13.276979770352842, 52.664006995370734 ], [ 13.277272021174394, 52.664100628144105 ], [ 13.277121359940333, 52.664188978776473 ], [ 13.276991036912909, 52.664106815463462 ], [ 13.276979770352842, 52.664006995370734 ] ], [ [ 13.276979770352842, 52.664006995370734 ], [ 13.276781640482103, 52.663984058791812 ], [ 13.276664261577498, 52.663867698106323 ], [ 13.276923695688419, 52.663868171381665 ], [ 13.276979770352842, 52.664006995370734 ] ], [ [ 13.277135028381712, 52.661563696741474 ], [ 13.277108131259826, 52.661645032028638 ], [ 13.277057404888062, 52.661582569517442 ], [ 13.277135028381712, 52.661563696741474 ] ], [ [ 13.277135028381712, 52.661563696741474 ], [ 13.277139269515875, 52.661455866202267 ], [ 13.277257499488481, 52.661457585287586 ], [ 13.277253258645011, 52.661565415833472 ], [ 13.277135028381712, 52.661563696741474 ] ], [ [ 13.277253896453518, 52.666060932111101 ], [ 13.277232220517261, 52.666138357047416 ], [ 13.277122279647582, 52.666070641902628 ], [ 13.277253896453518, 52.666060932111101 ] ], [ [ 13.277238604608954, 52.664945824332698 ], [ 13.277207072523131, 52.665025617682659 ], [ 13.277097612866775, 52.664990185813174 ], [ 13.277238604608954, 52.664945824332698 ] ], [ [ 13.277224272395333, 52.663454582247859 ], [ 13.277133749191659, 52.663517818161104 ], [ 13.277042398298912, 52.663413479506858 ], [ 13.277224272395333, 52.663454582247859 ] ], [ [ 13.276185097694192, 52.662555065523215 ], [ 13.276309325471066, 52.66243382526276 ], [ 13.27638463117246, 52.662595741091685 ], [ 13.276467248558356, 52.662565246043229 ], [ 13.276383522177026, 52.662365909100451 ], [ 13.276625339745136, 52.662491350210402 ], [ 13.276757699191341, 52.662543637382257 ], [ 13.276527698221987, 52.662539608865799 ], [ 13.276466852158501, 52.662681384302815 ], [ 13.276185097694192, 52.662555065523215 ] ], [ [ 13.276625339745136, 52.662491350210402 ], [ 13.276583419763066, 52.662296379985733 ], [ 13.276960774135878, 52.662234381697587 ], [ 13.277206518528672, 52.662306635597133 ], [ 13.277129044867369, 52.662442411374784 ], [ 13.276929405185415, 52.662279988020565 ], [ 13.276992187701866, 52.662468851334317 ], [ 13.276625339745136, 52.662491350210402 ] ], [ [ 13.277111881766686, 52.665159766096103 ], [ 13.277145468716203, 52.665252428796897 ], [ 13.277078050331056, 52.665281846953434 ], [ 13.27685054536494, 52.665174000032295 ], [ 13.277111881766686, 52.665159766096103 ] ], [ [ 13.277142723746174, 52.665879495488625 ], [ 13.277115823804307, 52.665960830698289 ], [ 13.277065092563911, 52.665898368191662 ], [ 13.277142723746174, 52.665879495488625 ] ], [ [ 13.277058167592918, 52.661729123653011 ], [ 13.276873227227092, 52.66175179061117 ], [ 13.276814756712215, 52.661682068765572 ], [ 13.277058167592918, 52.661729123653011 ] ], [ [ 13.276857171376172, 52.665132178758441 ], [ 13.276772135502346, 52.665023612422623 ], [ 13.27699929785064, 52.665014272827442 ], [ 13.276857171376172, 52.665132178758441 ] ], [ [ 13.27683041453245, 52.661605494601382 ], [ 13.276750611816867, 52.661711760968807 ], [ 13.276699885883342, 52.661649298308873 ], [ 13.27683041453245, 52.661605494601382 ] ], [ [ 13.276849611861017, 52.661599052228993 ], [ 13.27699695228689, 52.661549606709102 ], [ 13.276995022076033, 52.661645669589987 ], [ 13.276849611861017, 52.661599052228993 ] ], [ [ 13.27692716455433, 52.662063431845212 ], [ 13.276740558111337, 52.662113085291359 ], [ 13.276678998340346, 52.66197611301498 ], [ 13.276885842582622, 52.661883749768116 ], [ 13.27692716455433, 52.662063431845212 ] ], [ [ 13.276787418838961, 52.663188578493916 ], [ 13.276898298194869, 52.66307074505891 ], [ 13.276911936557928, 52.663207475781697 ], [ 13.276787418838961, 52.663188578493916 ] ], [ [ 13.276871159519599, 52.66526415780622 ], [ 13.276810582332045, 52.665385146667901 ], [ 13.276667224384264, 52.665282176805505 ], [ 13.276871159519599, 52.66526415780622 ] ], [ [ 13.276859846452284, 52.665551705679512 ], [ 13.27683294620183, 52.665633040826535 ], [ 13.276782215736642, 52.665570578202079 ], [ 13.276859846452284, 52.665551705679512 ] ], [ [ 13.276829009230481, 52.664831976216462 ], [ 13.276793964284973, 52.664915879681857 ], [ 13.276628977797554, 52.664846240167932 ], [ 13.276829009230481, 52.664831976216462 ] ], [ [ 13.276620817094264, 52.664109667220501 ], [ 13.276592333274793, 52.66424924473403 ], [ 13.276395173809441, 52.664291192040167 ], [ 13.276302757932999, 52.664130573250915 ], [ 13.276620817094264, 52.664109667220501 ] ], [ [ 13.276620817094264, 52.664109667220501 ], [ 13.276643031575611, 52.664050142783957 ], [ 13.276820399379135, 52.664052407385519 ], [ 13.276620817094264, 52.664109667220501 ] ], [ [ 13.276587276657022, 52.664457054363083 ], [ 13.276786859675791, 52.664399794588483 ], [ 13.276760403651346, 52.664567147879573 ], [ 13.276630735575649, 52.6645894247889 ], [ 13.276587276657022, 52.664457054363083 ] ], [ [ 13.276702284739592, 52.665045917531572 ], [ 13.276625113723444, 52.665126854598356 ], [ 13.276562401217859, 52.665062093315427 ], [ 13.276702284739592, 52.665045917531572 ] ], [ [ 13.276575159120902, 52.663260546329475 ], [ 13.276516659159748, 52.663136139197213 ], [ 13.276601298228407, 52.6631023896309 ], [ 13.276699200098182, 52.66319732364699 ], [ 13.276575159120902, 52.663260546329475 ] ], [ [ 13.276447417500874, 52.665509743177196 ], [ 13.276696944470034, 52.665527736520147 ], [ 13.276613003890111, 52.665632458596583 ], [ 13.276307621766414, 52.665430074343433 ], [ 13.276496177585569, 52.665385596215913 ], [ 13.276447417500874, 52.665509743177196 ] ], [ [ 13.276525492386922, 52.66202236501281 ], [ 13.276529735091433, 52.661914534516548 ], [ 13.276647966263797, 52.661916254220287 ], [ 13.276643723849984, 52.662024084723214 ], [ 13.276525492386922, 52.66202236501281 ] ], [ [ 13.276242057932837, 52.664715546663423 ], [ 13.276312166559944, 52.664627991032653 ], [ 13.276109790164901, 52.664584094487672 ], [ 13.276181582236228, 52.664466219848315 ], [ 13.276457268511255, 52.66446671654522 ], [ 13.276507339186974, 52.664546292939079 ], [ 13.276383061391979, 52.664588684597646 ], [ 13.276441755360388, 52.664701294972502 ], [ 13.276174514652608, 52.664766192126642 ], [ 13.276104900805032, 52.664680432005845 ], [ 13.276242057932837, 52.664715546663423 ] ], [ [ 13.276217787478853, 52.662068603763032 ], [ 13.276122728656322, 52.661926102839466 ], [ 13.276411503931062, 52.661912814694915 ], [ 13.276438402583462, 52.661831477936417 ], [ 13.276489129183849, 52.661893942363541 ], [ 13.276217787478853, 52.662068603763032 ] ], [ [ 13.276352025308165, 52.662179635652734 ], [ 13.276408221956517, 52.662077694834061 ], [ 13.276488281891556, 52.662174196361498 ], [ 13.276352025308165, 52.662179635652734 ] ], [ [ 13.276347429811576, 52.663009014970022 ], [ 13.27648730683249, 52.662992839379669 ], [ 13.276410139126666, 52.663073776360669 ], [ 13.276347429811576, 52.663009014970022 ] ], [ [ 13.276442618405047, 52.661122057703487 ], [ 13.27641572029105, 52.661203392830693 ], [ 13.276364995410466, 52.661140930031294 ], [ 13.276442618405047, 52.661122057703487 ] ], [ [ 13.276292832103838, 52.661267615367301 ], [ 13.276379260952492, 52.661229028275422 ], [ 13.276430372515277, 52.661314008810763 ], [ 13.276292832103838, 52.661267615367301 ] ], [ [ 13.276215297138052, 52.663237872769379 ], [ 13.276421117916239, 52.663171696900363 ], [ 13.276385839706773, 52.663318059296373 ], [ 13.276215297138052, 52.663237872769379 ] ], [ [ 13.276313074426906, 52.661407885805737 ], [ 13.276409713329272, 52.661568548011473 ], [ 13.276036190826462, 52.661641206317363 ], [ 13.275925784717987, 52.661576468465185 ], [ 13.276313074426906, 52.661407885805737 ] ], [ [ 13.276346664053964, 52.663651597503339 ], [ 13.276221002727359, 52.66354756632424 ], [ 13.276406973929403, 52.663531131782136 ], [ 13.276346664053964, 52.663651597503339 ] ], [ [ 13.276363100672757, 52.664043788669971 ], [ 13.276312372671097, 52.663981325849534 ], [ 13.276390000749519, 52.663962453607759 ], [ 13.276363100672757, 52.664043788669971 ] ], [ [ 13.276076402508101, 52.66519571875984 ], [ 13.276343322279061, 52.665148588445682 ], [ 13.276381799020463, 52.665220811755461 ], [ 13.276280590502484, 52.665344793305962 ], [ 13.276076402508101, 52.66519571875984 ] ], [ [ 13.276230740960816, 52.665003094468389 ], [ 13.276264417728704, 52.665095970564387 ], [ 13.275979878994784, 52.665189309623813 ], [ 13.275867855121657, 52.665085423309428 ], [ 13.276230740960816, 52.665003094468389 ] ], [ [ 13.276230740960816, 52.665003094468389 ], [ 13.276262272096018, 52.664923301353539 ], [ 13.276371734566091, 52.6649587323951 ], [ 13.276230740960816, 52.665003094468389 ] ], [ [ 13.276265274884592, 52.661119477823348 ], [ 13.276316386102158, 52.661204458406417 ], [ 13.276178846155807, 52.661158064833749 ], [ 13.276265274884592, 52.661119477823348 ] ], [ [ 13.275886540557709, 52.662573515197067 ], [ 13.276090463346096, 52.662555497429352 ], [ 13.276240935904006, 52.66268438620093 ], [ 13.276059739321067, 52.662750534789495 ], [ 13.275886540557709, 52.662573515197067 ] ], [ [ 13.275761974750242, 52.664276009427617 ], [ 13.276206987332976, 52.664103647473226 ], [ 13.276177759461156, 52.664232397853496 ], [ 13.275761974750242, 52.664276009427617 ] ], [ [ 13.276145631380903, 52.661153701252509 ], [ 13.276116256726253, 52.661245502061284 ], [ 13.275965143885559, 52.661310595530026 ], [ 13.27582300527456, 52.661182212857007 ], [ 13.276145631380903, 52.661153701252509 ] ], [ [ 13.275915740685495, 52.663279734914674 ], [ 13.276064999638283, 52.66320248015402 ], [ 13.276133632144031, 52.663328158810259 ], [ 13.275915740685495, 52.663279734914674 ] ], [ [ 13.275957946260103, 52.663778541535024 ], [ 13.276043779139755, 52.663741632363696 ], [ 13.276117799145341, 52.663861804587462 ], [ 13.275957946260103, 52.663778541535024 ] ], [ [ 13.275814689038096, 52.662047987759351 ], [ 13.276061249110686, 52.662191883890756 ], [ 13.275721854958936, 52.662240821193919 ], [ 13.275671999821602, 52.662067439467734 ], [ 13.275814689038096, 52.662047987759351 ] ], [ [ 13.276020061392893, 52.663689659179461 ], [ 13.275866731629275, 52.6637547202943 ], [ 13.275787567003386, 52.663585179402055 ], [ 13.276050852714219, 52.663561914966621 ], [ 13.276020061392893, 52.663689659179461 ] ], [ [ 13.276011239731789, 52.664568332311013 ], [ 13.275969296249436, 52.664691364947657 ], [ 13.275805622627706, 52.66458806273846 ], [ 13.276011239731789, 52.664568332311013 ] ], [ [ 13.275898966218641, 52.662912351797168 ], [ 13.276001240950604, 52.663106004819838 ], [ 13.275932116116548, 52.663143299201465 ], [ 13.275753795119755, 52.662981184074837 ], [ 13.275898966218641, 52.662912351797168 ] ], [ [ 13.275999921305051, 52.664855880088275 ], [ 13.275932767100361, 52.664977685975188 ], [ 13.275852701610786, 52.66488118405691 ], [ 13.275999921305051, 52.664855880088275 ] ], [ [ 13.275759735831528, 52.665876183095804 ], [ 13.275902599355653, 52.665825493496712 ], [ 13.275955993111991, 52.6659028685078 ], [ 13.275759735831528, 52.665876183095804 ] ], [ [ 13.275732312259795, 52.665643195345474 ], [ 13.27573655747174, 52.665535364960434 ], [ 13.275913918817762, 52.665537945781473 ], [ 13.27590967404196, 52.665645776176525 ], [ 13.275732312259795, 52.665643195345474 ] ], [ [ 13.275475241883985, 52.663157933931657 ], [ 13.275403648328265, 52.663144581386298 ], [ 13.275456731488026, 52.663113815202614 ], [ 13.275613595412509, 52.663278761850869 ], [ 13.275801867078625, 52.663246099000339 ], [ 13.275904191676224, 52.66335268911768 ], [ 13.275502569059938, 52.663336060645932 ], [ 13.275410624493423, 52.663240282724587 ], [ 13.275475241883985, 52.663157933931657 ] ], [ [ 13.275867213528304, 52.663924835523524 ], [ 13.275566663911109, 52.663863091961666 ], [ 13.275865010184145, 52.663774995273236 ], [ 13.275867213528304, 52.663924835523524 ] ], [ [ 13.275554170366613, 52.662655585696008 ], [ 13.275522979857806, 52.662739140472631 ], [ 13.275354897838515, 52.662705121233778 ], [ 13.275409107335911, 52.662609080125833 ], [ 13.275554170366613, 52.662655585696008 ] ], [ [ 13.275554170366613, 52.662655585696008 ], [ 13.275524664170167, 52.662527262545204 ], [ 13.275702804007594, 52.662485936073445 ], [ 13.275837216437534, 52.662597224234602 ], [ 13.275748428337236, 52.662682066301244 ], [ 13.275768990358866, 52.662783392093218 ], [ 13.275678033438586, 52.662816908639492 ], [ 13.275554170366613, 52.662655585696008 ] ], [ [ 13.275806900963659, 52.665701632467751 ], [ 13.275593187304812, 52.665795158289157 ], [ 13.275530475403389, 52.665730396471901 ], [ 13.275806900963659, 52.665701632467751 ] ], [ [ 13.275786699761035, 52.661256370804445 ], [ 13.275759800344309, 52.661337705769931 ], [ 13.275709076254369, 52.661275242697691 ], [ 13.275786699761035, 52.661256370804445 ] ], [ [ 13.275623298555992, 52.664718624037789 ], [ 13.275575462836407, 52.664614917534891 ], [ 13.275714228995238, 52.664599974560211 ], [ 13.27576732847754, 52.664669005223907 ], [ 13.275623298555992, 52.664718624037789 ] ], [ [ 13.275687967984284, 52.66226192811245 ], [ 13.275685138101036, 52.662333815074163 ], [ 13.275507789746666, 52.662331234019476 ], [ 13.27551061992062, 52.662259347064435 ], [ 13.275687967984284, 52.66226192811245 ] ], [ [ 13.275538838540307, 52.662986926214757 ], [ 13.275514533626252, 52.663060411845827 ], [ 13.275463807949837, 52.662997948672064 ], [ 13.275538838540307, 52.662986926214757 ] ], [ [ 13.275474892316065, 52.664110167705886 ], [ 13.275674920712893, 52.664095905675779 ], [ 13.275639874185641, 52.664179808796071 ], [ 13.275474892316065, 52.664110167705886 ] ], [ [ 13.27566784545987, 52.664275623021027 ], [ 13.275632798767402, 52.664359526135442 ], [ 13.275467816238885, 52.664289885031813 ], [ 13.27566784545987, 52.664275623021027 ] ], [ [ 13.275397051342885, 52.666087057952744 ], [ 13.275597088805917, 52.666072796135403 ], [ 13.275562040461217, 52.666156699191099 ], [ 13.275397051342885, 52.666087057952744 ] ], [ [ 13.275406252349683, 52.665182997926252 ], [ 13.27529289381725, 52.665038246832502 ], [ 13.27546076931271, 52.665027854587457 ], [ 13.275521946761783, 52.6651073982367 ], [ 13.275406252349683, 52.665182997926252 ] ], [ [ 13.275135779066998, 52.665612913052158 ], [ 13.275267840362305, 52.665420651113301 ], [ 13.275459055978653, 52.665526514300581 ], [ 13.275135779066998, 52.665612913052158 ] ], [ [ 13.275275244960458, 52.663730447995881 ], [ 13.275279491003873, 52.663622617601739 ], [ 13.27545684456417, 52.66362519904186 ], [ 13.275452598956848, 52.663733029445993 ], [ 13.275275244960458, 52.663730447995881 ] ], [ [ 13.274874160175765, 52.663400932461627 ], [ 13.274850528927193, 52.663496398380808 ], [ 13.274715507314959, 52.663535489065538 ], [ 13.274497929947715, 52.663455300040887 ], [ 13.274474599068933, 52.663546854253902 ], [ 13.274093452375588, 52.663166332459348 ], [ 13.27443839055069, 52.663201262054677 ], [ 13.274599808090633, 52.663093226337338 ], [ 13.274757191379148, 52.663229207291977 ], [ 13.274664856039918, 52.663272010654907 ], [ 13.274874160175765, 52.663400932461627 ] ], [ [ 13.274874160175765, 52.663400932461627 ], [ 13.274930383184689, 52.663279827365372 ], [ 13.275228865453011, 52.663406096274535 ], [ 13.275267943080763, 52.663284004449487 ], [ 13.275433321210043, 52.663374671090523 ], [ 13.274975872557759, 52.66348740541644 ], [ 13.274874160175765, 52.663400932461627 ] ], [ [ 13.27537817593959, 52.664428239608753 ], [ 13.275166703550113, 52.66428933034112 ], [ 13.275431370515337, 52.664272181433482 ], [ 13.27537817593959, 52.664428239608753 ] ], [ [ 13.275228717429844, 52.666225971485105 ], [ 13.275068872633886, 52.66604584384914 ], [ 13.275243777366681, 52.666031689793918 ], [ 13.275360685512275, 52.666145039931024 ], [ 13.275228717429844, 52.666225971485105 ] ], [ [ 13.275112478822015, 52.664209326311564 ], [ 13.275061910049507, 52.664068719043655 ], [ 13.275262506668232, 52.664053939164987 ], [ 13.275337222894043, 52.664162234052363 ], [ 13.275112478822015, 52.664209326311564 ] ], [ [ 13.2749963052735, 52.664805309335705 ], [ 13.275293611785761, 52.664765471843452 ], [ 13.275249696759326, 52.664872478401364 ], [ 13.275043195699261, 52.664928564797371 ], [ 13.274873466478894, 52.664647582469684 ], [ 13.275053780706154, 52.664739028443954 ], [ 13.2749963052735, 52.664805309335705 ] ], [ [ 13.275217212994759, 52.665204129827082 ], [ 13.275065730906316, 52.665371033041261 ], [ 13.274836060328241, 52.665256636273767 ], [ 13.275217212994759, 52.665204129827082 ] ], [ [ 13.274764841302304, 52.663854423230454 ], [ 13.274718477721699, 52.663695842311832 ], [ 13.275159839870291, 52.663656839957028 ], [ 13.275128584926779, 52.663754460809564 ], [ 13.274764841302304, 52.663854423230454 ] ], [ [ 13.274866764980805, 52.663167058330117 ], [ 13.274964949305865, 52.663072465458811 ], [ 13.275131352910108, 52.663177371533529 ], [ 13.274866764980805, 52.663167058330117 ] ], [ [ 13.274822099867878, 52.666150722309325 ], [ 13.275003045913616, 52.666136077615477 ], [ 13.275128536789941, 52.666257772923856 ], [ 13.274976872819042, 52.666294233438478 ], [ 13.274822099867878, 52.666150722309325 ] ], [ [ 13.27493332473813, 52.66589799484202 ], [ 13.274777816386964, 52.665753805628491 ], [ 13.275018618417551, 52.665740699710881 ], [ 13.275053449446526, 52.665836806541513 ], [ 13.27493332473813, 52.66589799484202 ] ], [ [ 13.27500519203474, 52.664028909949337 ], [ 13.274769473957456, 52.66394359306684 ], [ 13.275031695239136, 52.663906722946074 ], [ 13.27500519203474, 52.664028909949337 ] ], [ [ 13.274878066407506, 52.664803587918982 ], [ 13.274927649001501, 52.664963303260826 ], [ 13.274789184573377, 52.664849582816736 ], [ 13.274878066407506, 52.664803587918982 ] ], [ [ 13.27485399851221, 52.665414626538286 ], [ 13.274765181230034, 52.665516167011056 ], [ 13.274597094033959, 52.665425179639094 ], [ 13.27485399851221, 52.665414626538286 ] ], [ [ 13.274667204064707, 52.66599974648431 ], [ 13.274521809609835, 52.665821022613599 ], [ 13.274720183138387, 52.665808282833552 ], [ 13.27483182222865, 52.665954133300097 ], [ 13.274667204064707, 52.66599974648431 ] ], [ [ 13.274566813495426, 52.66492138232077 ], [ 13.274755580050133, 52.664909696727435 ], [ 13.274820711522246, 52.664994390888189 ], [ 13.274731687397034, 52.665029321606383 ], [ 13.274566813495426, 52.66492138232077 ] ], [ [ 13.274462851323198, 52.66442350161779 ], [ 13.274793675462508, 52.66446315909073 ], [ 13.274704315372393, 52.664529009620715 ], [ 13.274462851323198, 52.66442350161779 ] ], [ [ 13.274770843341216, 52.664816637177601 ], [ 13.274656120644154, 52.664848400978165 ], [ 13.274564772995179, 52.664744060462745 ], [ 13.274703539881855, 52.664729118678444 ], [ 13.274770843341216, 52.664816637177601 ] ], [ [ 13.27452041921555, 52.664341294880003 ], [ 13.274661411393708, 52.664296936466044 ], [ 13.274629875122613, 52.664376729102649 ], [ 13.27452041921555, 52.664341294880003 ] ], [ [ 13.274436246932487, 52.666341730122198 ], [ 13.274642654593714, 52.666274686690841 ], [ 13.274603805009875, 52.666432709985514 ], [ 13.274436246932487, 52.666341730122198 ] ], [ [ 13.274127849281724, 52.663118348713752 ], [ 13.274184577094294, 52.66288739339241 ], [ 13.274307497160365, 52.662871674712711 ], [ 13.274563261363916, 52.662771301446341 ], [ 13.274621847660349, 52.662870703476273 ], [ 13.274127849281724, 52.663118348713752 ] ], [ [ 13.274184577094294, 52.66288739339241 ], [ 13.274067759753914, 52.662849727762591 ], [ 13.274025812584703, 52.662972759713128 ], [ 13.273862149937599, 52.662869454883889 ], [ 13.274144257669871, 52.662798282660802 ], [ 13.274184577094294, 52.66288739339241 ] ], [ [ 13.274606540442081, 52.664188245265528 ], [ 13.274571491797451, 52.66427214805055 ], [ 13.274406511316364, 52.664202505485243 ], [ 13.274606540442081, 52.664188245265528 ] ], [ [ 13.274540084268621, 52.66406493132591 ], [ 13.274395801992076, 52.664106697588942 ], [ 13.274356618676387, 52.664021747798593 ], [ 13.274540084268621, 52.66406493132591 ] ], [ [ 13.274256420852995, 52.664968209682129 ], [ 13.274459982240794, 52.664905392358285 ], [ 13.274533914836244, 52.665017434293127 ], [ 13.274256420852995, 52.664968209682129 ] ], [ [ 13.274321976105281, 52.665464740407451 ], [ 13.274499277043429, 52.665409461467128 ], [ 13.274532897380329, 52.66550219511732 ], [ 13.274413640963495, 52.665549735054761 ], [ 13.274321976105281, 52.665464740407451 ] ], [ [ 13.274467062609549, 52.664725675146443 ], [ 13.2744628143973, 52.664833505474277 ], [ 13.274285456038461, 52.66483092250575 ], [ 13.274289704686826, 52.664723092187891 ], [ 13.274467062609549, 52.664725675146443 ] ], [ [ 13.274098183071089, 52.665079943314836 ], [ 13.274411579226522, 52.665150447751081 ], [ 13.27422558438291, 52.665202105926085 ], [ 13.274098183071089, 52.665079943314836 ] ], [ [ 13.274098183071089, 52.665079943314836 ], [ 13.274047598911247, 52.665228225570964 ], [ 13.273781239568072, 52.665167255970132 ], [ 13.273858870812811, 52.665148385417432 ], [ 13.273795800178304, 52.66497438952694 ], [ 13.27386958041331, 52.664918076391977 ], [ 13.274098183071089, 52.665079943314836 ] ], [ [ 13.274036600475464, 52.66364048353428 ], [ 13.273965006592903, 52.663627130117682 ], [ 13.274213868629216, 52.663594264184901 ], [ 13.274164353952889, 52.663675533896345 ], [ 13.274409419026426, 52.663812704038797 ], [ 13.274344243032472, 52.663940700537665 ], [ 13.274002269595524, 52.663976636269098 ], [ 13.273589080588282, 52.66386277825714 ], [ 13.273938281025918, 52.663759973487693 ], [ 13.273727778328526, 52.663734130749745 ], [ 13.273697300182203, 52.663626900248993 ], [ 13.274036600475464, 52.66364048353428 ] ], [ [ 13.274409001370881, 52.666199356102076 ], [ 13.274382096156133, 52.666280690642111 ], [ 13.274331368481555, 52.666218226998204 ], [ 13.274409001370881, 52.666199356102076 ] ], [ [ 13.274247058617942, 52.664247196155763 ], [ 13.274174697933665, 52.664234337689088 ], [ 13.274228293453223, 52.66417195455125 ], [ 13.274247058617942, 52.664247196155763 ] ], [ [ 13.274127559079737, 52.665835616509966 ], [ 13.274015497938633, 52.665919643625365 ], [ 13.273923620257687, 52.665853630753183 ], [ 13.274376358058191, 52.665755229785788 ], [ 13.274269123778762, 52.665880999228953 ], [ 13.274127559079737, 52.665835616509966 ] ], [ [ 13.274031282632766, 52.664772254662566 ], [ 13.27417004977665, 52.66475731350544 ], [ 13.274237352205024, 52.66484483229857 ], [ 13.274122629058583, 52.664876595578519 ], [ 13.274031282632766, 52.664772254662566 ] ], [ [ 13.274114811343845, 52.666159107368131 ], [ 13.274234829438765, 52.666352511553121 ], [ 13.274145646716688, 52.666387421423927 ], [ 13.273979461806546, 52.666173677362671 ], [ 13.274114811343845, 52.666159107368131 ] ], [ [ 13.274002234957036, 52.666013611338023 ], [ 13.27418163744672, 52.666126434646401 ], [ 13.273851634791683, 52.666097463247304 ], [ 13.274002234957036, 52.666013611338023 ] ], [ [ 13.273944277157421, 52.665674636527449 ], [ 13.273799988991057, 52.665716402004215 ], [ 13.273760805467104, 52.665631452036564 ], [ 13.273944277157421, 52.665674636527449 ] ], [ [ 13.273689471854057, 52.664371512384974 ], [ 13.273832332768794, 52.664320825248389 ], [ 13.273940531937725, 52.664377575714042 ], [ 13.273689471854057, 52.664371512384974 ] ], [ [ 13.273901367067394, 52.664070082439686 ], [ 13.273897117563518, 52.664177912747427 ], [ 13.273778880459114, 52.664176190248369 ], [ 13.273783130253724, 52.664068359947308 ], [ 13.273901367067394, 52.664070082439686 ] ], [ [ 13.273893960958882, 52.665310787025795 ], [ 13.273809151659274, 52.665412473533543 ], [ 13.273713009744165, 52.665302601729749 ], [ 13.273854621038744, 52.665256215703032 ], [ 13.273893960958882, 52.665310787025795 ] ], [ [ 13.273647653044289, 52.662499103986519 ], [ 13.27389106489337, 52.662546165383915 ], [ 13.273706119542698, 52.662568827352281 ], [ 13.273647653044289, 52.662499103986519 ] ], [ [ 13.273862203708164, 52.666550785977435 ], [ 13.273646575919207, 52.666613198221988 ], [ 13.273606858709551, 52.666535546739773 ], [ 13.273806455044205, 52.666478292118356 ], [ 13.273862203708164, 52.666550785977435 ] ], [ [ 13.273565371665878, 52.665910399267517 ], [ 13.273830538475321, 52.665867253946246 ], [ 13.273787321908625, 52.665949457052257 ], [ 13.273565371665878, 52.665910399267517 ] ], [ [ 13.273670941876382, 52.66241237791445 ], [ 13.27367519166576, 52.662304547587254 ], [ 13.273793423712986, 52.662306270147347 ], [ 13.273789174214311, 52.662414100481243 ], [ 13.273670941876382, 52.66241237791445 ] ], [ [ 13.27356557515434, 52.661471262866307 ], [ 13.27376830386746, 52.661442766157897 ], [ 13.273713626467773, 52.661560519981634 ], [ 13.27356557515434, 52.661471262866307 ] ], [ [ 13.273756092306948, 52.664554709135395 ], [ 13.27355147276006, 52.664593804144261 ], [ 13.273475425409371, 52.664514585505323 ], [ 13.273649309673685, 52.66446201507226 ], [ 13.273756092306948, 52.664554709135395 ] ], [ [ 13.273422278349601, 52.662316859563234 ], [ 13.273357854106212, 52.662185059806141 ], [ 13.273739973837881, 52.662161635104518 ], [ 13.273422278349601, 52.662316859563234 ] ], [ [ 13.273464178627181, 52.665697091015979 ], [ 13.273660259914427, 52.665684952890189 ], [ 13.273732080654183, 52.665778349787018 ], [ 13.273575826209452, 52.665839659540445 ], [ 13.273464178627181, 52.665697091015979 ] ], [ [ 13.273466036920347, 52.665401908850313 ], [ 13.273615307441622, 52.665324657300332 ], [ 13.273652122788263, 52.66544327102185 ], [ 13.273466036920347, 52.665401908850313 ] ], [ [ 13.273379943155538, 52.6634634049528 ], [ 13.273455340147061, 52.663380266598232 ], [ 13.273632692556093, 52.663382850759675 ], [ 13.273629859186045, 52.663454737629969 ], [ 13.273379943155538, 52.6634634049528 ] ], [ [ 13.27344722826785, 52.662085441478979 ], [ 13.273451478557574, 52.661977611158484 ], [ 13.27362882528873, 52.661980195278062 ], [ 13.273624575435056, 52.66208802560859 ], [ 13.27344722826785, 52.662085441478979 ] ], [ [ 13.27335727247527, 52.664038499803155 ], [ 13.273429836767711, 52.664027248335259 ], [ 13.27339319142281, 52.66393912215775 ], [ 13.273209963353748, 52.664142682417364 ], [ 13.27278347204094, 52.664174678015478 ], [ 13.272620484932624, 52.663953849448873 ], [ 13.272693518364752, 52.663852360326565 ], [ 13.272887020913906, 52.66382262315382 ], [ 13.272775492498139, 52.663767647827783 ], [ 13.272941851128584, 52.663709892630557 ], [ 13.273083629776542, 52.663806418566132 ], [ 13.273273817966601, 52.6637251799472 ], [ 13.27320186583977, 52.66380814175038 ], [ 13.273291321818597, 52.663829604962565 ], [ 13.273439960925776, 52.663579179525975 ], [ 13.27358399124255, 52.664012460205235 ], [ 13.27335727247527, 52.664038499803155 ] ], [ [ 13.273338914817014, 52.661832114509508 ], [ 13.273179783537138, 52.661740412025281 ], [ 13.273230047467683, 52.661681473132425 ], [ 13.273532352318409, 52.661930603348772 ], [ 13.273256132424377, 52.661927561598795 ], [ 13.273338914817014, 52.661832114509508 ] ], [ [ 13.273227474981443, 52.664254167451737 ], [ 13.273480454054662, 52.664243770339894 ], [ 13.273450355423485, 52.66432440732509 ], [ 13.273227474981443, 52.664254167451737 ] ], [ [ 13.273326710471437, 52.663213252455151 ], [ 13.273245687363641, 52.663071322514746 ], [ 13.273410391291632, 52.663019970830454 ], [ 13.273443708345196, 52.663111893191598 ], [ 13.273326710471437, 52.663213252455151 ] ], [ [ 13.273258480006843, 52.664868887352398 ], [ 13.273441948006736, 52.664912072595129 ], [ 13.273297661904374, 52.664953837482585 ], [ 13.273258480006843, 52.664868887352398 ] ], [ [ 13.273425441127525, 52.664504761880472 ], [ 13.273276652685993, 52.664577541165379 ], [ 13.273159541719945, 52.66444537689965 ], [ 13.273425441127525, 52.664504761880472 ] ], [ [ 13.273390178876038, 52.664432073507044 ], [ 13.273339454706496, 52.664369609449942 ], [ 13.273417084713204, 52.664350739173862 ], [ 13.273390178876038, 52.664432073507044 ] ], [ [ 13.273367884566069, 52.664098273721621 ], [ 13.273340978803658, 52.664179608047505 ], [ 13.273290254988888, 52.664117143969854 ], [ 13.273367884566069, 52.664098273721621 ] ], [ [ 13.27334391430673, 52.66353480808425 ], [ 13.273198022981489, 52.663500826551974 ], [ 13.273251618960408, 52.663438443852698 ], [ 13.27334391430673, 52.66353480808425 ] ], [ [ 13.273122424461102, 52.665291958400175 ], [ 13.273263421099507, 52.66524760169461 ], [ 13.273231881565655, 52.665327393919384 ], [ 13.273122424461102, 52.665291958400175 ] ], [ [ 13.272970447587115, 52.663172552726095 ], [ 13.273212953546073, 52.663218424084391 ], [ 13.273048762955517, 52.663265956418947 ], [ 13.272970447587115, 52.663172552726095 ] ], [ [ 13.273184461023025, 52.665749947930308 ], [ 13.273123872991244, 52.665870934805341 ], [ 13.272980522250094, 52.665767960550632 ], [ 13.273184461023025, 52.665749947930308 ] ], [ [ 13.273160769917046, 52.664850500961514 ], [ 13.273129981352836, 52.66496877879252 ], [ 13.27296005146345, 52.664909301005622 ], [ 13.273160769917046, 52.664850500961514 ] ], [ [ 13.273020277172257, 52.661881645082524 ], [ 13.273160151721815, 52.661865473396986 ], [ 13.273082979951797, 52.66194640819041 ], [ 13.273020277172257, 52.661881645082524 ] ], [ [ 13.273152667472916, 52.66355567620225 ], [ 13.273117616587085, 52.66363957854643 ], [ 13.272952640823934, 52.663569933989478 ], [ 13.273152667472916, 52.66355567620225 ] ], [ [ 13.273115822256413, 52.664490205175589 ], [ 13.273055501985946, 52.664610669114694 ], [ 13.272929845857579, 52.66450663450432 ], [ 13.273115822256413, 52.664490205175589 ] ], [ [ 13.273012768314835, 52.665603589379238 ], [ 13.272973683166212, 52.665725678711382 ], [ 13.272808301441966, 52.665635008639605 ], [ 13.273012768314835, 52.665603589379238 ] ], [ [ 13.273007505101958, 52.664236877967667 ], [ 13.273004670618663, 52.664308764803877 ], [ 13.272768195826741, 52.664305317901388 ], [ 13.272771030697687, 52.664233431074088 ], [ 13.273007505101958, 52.664236877967667 ] ], [ [ 13.272780434872709, 52.662130494719428 ], [ 13.272707278293602, 52.662194629636708 ], [ 13.272657907196569, 52.662098239800265 ], [ 13.272780434872709, 52.662130494719428 ] ], [ [ 13.272693900602427, 52.663189348408721 ], [ 13.272560784013377, 52.663142416989452 ], [ 13.272667303469371, 52.66310430108237 ], [ 13.272768194962048, 52.663209976380074 ], [ 13.272714598521784, 52.663272360504877 ], [ 13.272693900602427, 52.663189348408721 ] ], [ [ 13.2722904766671, 52.663161726608131 ], [ 13.272535412205515, 52.663213395755207 ], [ 13.272375235781857, 52.663335933174174 ], [ 13.27219855168981, 52.663288612495734 ], [ 13.2722904766671, 52.663161726608131 ] ], [ [ 13.272401262936746, 52.664143890002187 ], [ 13.272153697920391, 52.664164582920698 ], [ 13.272107698567794, 52.664050470196557 ], [ 13.27247076400235, 52.664062367481698 ], [ 13.272401262936746, 52.664143890002187 ] ], [ [ 13.272406395045348, 52.664479863693785 ], [ 13.272375705437792, 52.66464794405637 ], [ 13.272198947399119, 52.664641169731404 ], [ 13.272263723524528, 52.664499311604274 ], [ 13.272406395045348, 52.664479863693785 ] ], [ [ 13.272109818510415, 52.663001011803551 ], [ 13.272198394726425, 52.663091194073878 ], [ 13.272146848777721, 52.663269613642697 ], [ 13.271961864918012, 52.663072150915141 ], [ 13.272109818510415, 52.663001011803551 ] ], [ [ 13.272103710531574, 52.664655270486705 ], [ 13.272139529148152, 52.664710809028556 ], [ 13.271995357536126, 52.664812227309241 ], [ 13.271900965883132, 52.664683764196447 ], [ 13.272103710531574, 52.664655270486705 ] ], [ [ 13.271404907288769, 52.665384535533626 ], [ 13.27160522598709, 52.665295353559372 ], [ 13.271578706397106, 52.665405247185326 ], [ 13.271404907288769, 52.665384535533626 ] ], [ [ 13.270922854399283, 52.665695366795696 ], [ 13.271040916609319, 52.66559328840588 ], [ 13.271239156122235, 52.665577725794755 ], [ 13.271205567288046, 52.665651938456101 ], [ 13.270922854399283, 52.665695366795696 ] ], [ [ 13.27062376262559, 52.665732603472463 ], [ 13.270701396190905, 52.665713735010357 ], [ 13.270674484429009, 52.665795068658831 ], [ 13.27062376262559, 52.665732603472463 ] ], [ [ 13.270573343573192, 52.665893608561404 ], [ 13.270651068572834, 52.665910802924252 ], [ 13.270547727130015, 52.666009003078351 ], [ 13.270497005267885, 52.665946537839304 ], [ 13.270573343573192, 52.665893608561404 ] ], [ [ 13.26887361563405, 52.667764444210682 ], [ 13.268614459691007, 52.667822102249566 ], [ 13.267639263109031, 52.667766792230175 ], [ 13.267445436204325, 52.667656294356561 ], [ 13.267964216182646, 52.667615816420792 ], [ 13.26887361563405, 52.667764444210682 ] ] ] } },
{ "type": "Feature", "properties": { "fid": "F_19941" }, "geometry": { "type": "Polygon", "coordinates": [ [ [ 13.253704192661196, 52.667694227901023 ], [ 13.25361007164048, 52.667572866019121 ], [ 13.253606291284914, 52.667680702762773 ], [ 13.253704192661196, 52.667694227901023 ] ] ] } },
{ "type": "Feature", "properties": { "fid": "F_20000" }, "geometry": { "type": "Polygon", "coordinates": [ [ [ 13.304728175565055, 52.668435209085466 ], [ 13.304748936586082, 52.668518216038386 ], [ 13.304802494307355, 52.668455817151489 ], [ 13.304728175565055, 52.668435209085466 ] ] ] } },
{ "type": "Feature", "properties": { "fid": "F_20003" }, "geometry": { "type": "Polygon", "coordinates": [ [ [ 13.304669050314955, 52.668434363181632 ], [ 13.304597438873031, 52.66842102814234 ], [ 13.304728175565055, 52.668435209085466 ], [ 13.305001178948407, 52.668259715991518 ], [ 13.305087100520238, 52.668332451905108 ], [ 13.305119365045247, 52.668239526142976 ], [ 13.305243751448717, 52.668364842762927 ], [ 13.305230904481785, 52.668148174339414 ], [ 13.305371374032191, 52.668346386179913 ], [ 13.305356972679853, 52.668103457969181 ], [ 13.305481317402441, 52.668039052358196 ], [ 13.305428004375841, 52.667957809650368 ], [ 13.305302309040801, 52.667997032248138 ], [ 13.305141579586046, 52.667882346222768 ], [ 13.304531210823759, 52.667827694199659 ], [ 13.304052712463603, 52.668043935769134 ], [ 13.304162135498704, 52.668458928620652 ], [ 13.304339765302993, 52.668520929928853 ], [ 13.304669050314955, 52.668434363181632 ] ] ] } },
{ "type": "Feature", "properties": { "fid": "F_20005" }, "geometry": { "type": "Polygon", "coordinates": [ [ [ 13.255418751317753, 52.66771948413971 ], [ 13.255998990507347, 52.667724477913545 ], [ 13.256220000914157, 52.667827703738702 ], [ 13.256562542674047, 52.667773581431298 ], [ 13.256609976878167, 52.66751987982461 ], [ 13.256031964236499, 52.667354522030493 ], [ 13.255758072602832, 52.667497806567745 ], [ 13.255632141091551, 52.66748639866708 ], [ 13.255418751317753, 52.66771948413971 ] ] ] } },
{ "type": "Feature", "properties": { "fid": "F_20047" }, "geometry": { "type": "Polygon", "coordinates": [ [ [ 13.2554721468514, 52.667864126854496 ], [ 13.255613170187374, 52.667819789763882 ], [ 13.255503717861227, 52.667784339644371 ], [ 13.2554721468514, 52.667864126854496 ] ] ] } },
{ "type": "Feature", "properties": { "fid": "F_20075" }, "geometry": { "type": "Polygon", "coordinates": [ [ [ 13.265587910205705, 52.667868770153113 ], [ 13.265257691733838, 52.668007686638035 ], [ 13.263844891202787, 52.667856941453515 ], [ 13.265225346662056, 52.668046161943465 ], [ 13.265523195895655, 52.667986074818195 ], [ 13.265587910205705, 52.667868770153113 ] ] ] } },
{ "type": "Feature", "properties": { "fid": "F_20092" }, "geometry": { "type": "Polygon", "coordinates": [ [ [ 13.255469283221096, 52.667936012979141 ], [ 13.2554721468514, 52.667864126854496 ], [ 13.255229030854908, 52.667944960606917 ], [ 13.255469283221096, 52.667936012979141 ] ] ] } },
{ "type": "Feature", "properties": { "fid": "F_20199" }, "geometry": { "type": "Polygon", "coordinates": [ [ [ 13.2535730470502, 52.668015972415226 ], [ 13.253381149014992, 52.668027824599392 ], [ 13.253548843390499, 52.66808071290216 ], [ 13.2535730470502, 52.668015972415226 ] ] ] } },
{ "type": "Feature", "properties": { "fid": "F_20308" }, "geometry": { "type": "Polygon", "coordinates": [ [ [ 13.243161661226141, 52.668005920480105 ], [ 13.243022963593205, 52.667965652004696 ], [ 13.243099654528422, 52.668076929518989 ], [ 13.243161661226141, 52.668005920480105 ] ] ] } },
{ "type": "Feature", "properties": { "fid": "F_20388" }, "geometry": { "type": "Polygon", "coordinates": [ [ [ 13.252741021787058, 52.668111598934544 ], [ 13.252904985822637, 52.668163537552466 ], [ 13.252854966275283, 52.668221171542534 ], [ 13.252995199179257, 52.668179389743933 ], [ 13.253011031303011, 52.668271236380228 ], [ 13.25316116939497, 52.668285303809981 ], [ 13.253088592136052, 52.66829654438336 ], [ 13.253160081136867, 52.668362869492888 ], [ 13.253406494702299, 52.668249145934439 ], [ 13.253440465956562, 52.668373659771653 ], [ 13.25352042097856, 52.668350533821318 ], [ 13.253483867336394, 52.668148714665342 ], [ 13.252741021787058, 52.668111598934544 ] ] ] } },
{ "type": "Feature", "properties": { "fid": "F_20483" }, "geometry": { "type": "Polygon", "coordinates": [ [ [ 13.274073362023785, 52.668711951304289 ], [ 13.274094064933296, 52.668794963129493 ], [ 13.274147666362477, 52.668732578477211 ], [ 13.274073362023785, 52.668711951304289 ] ] ] } },
{ "type": "Feature", "properties": { "fid": "F_20484" }, "geometry": { "type": "Polygon", "coordinates": [ [ [ 13.255630903800895, 52.668333997915198 ], [ 13.255559308149687, 52.668320633369632 ], [ 13.255714658829454, 52.668295210230767 ], [ 13.255739525645474, 52.668103462606474 ], [ 13.255627647821804, 52.668046236861336 ], [ 13.25578997448852, 52.667971060640227 ], [ 13.255738935630323, 52.667919540497195 ], [ 13.255469283221096, 52.667936012979141 ], [ 13.25553944742351, 52.667985319005467 ], [ 13.255486343593187, 52.668016076057022 ], [ 13.255317027198229, 52.667985293552753 ], [ 13.254814680975379, 52.668266048093585 ], [ 13.254531775249742, 52.668159098754458 ], [ 13.254486449984503, 52.667974431463747 ], [ 13.25456521696546, 52.667937958803968 ], [ 13.254413455535218, 52.667771917195836 ], [ 13.254064078715107, 52.667657244724282 ], [ 13.253850163859168, 52.667742440051065 ], [ 13.253704192661196, 52.667694227901023 ], [ 13.253601796899261, 52.667816924505608 ], [ 13.253617557893305, 52.667741153880584 ], [ 13.25348557484647, 52.667747374273702 ], [ 13.253501281987932, 52.667671849265979 ], [ 13.253266786616619, 52.667455418023238 ], [ 13.253274493087215, 52.667134717144606 ], [ 13.253349854202071, 52.66705903544144 ], [ 13.253006020263186, 52.666832842619279 ], [ 13.252490102547446, 52.666760909823566 ], [ 13.252385472730841, 52.666898325026629 ], [ 13.252221534810346, 52.666829579962524 ], [ 13.252253381200072, 52.666989518307048 ], [ 13.252324974596929, 52.667002883193646 ], [ 13.252271869749844, 52.667033638800255 ], [ 13.252077450750887, 52.666950959027808 ], [ 13.251905699759362, 52.667034541531621 ], [ 13.251959234759031, 52.667094668680519 ], [ 13.251868201413863, 52.667175088504194 ], [ 13.251800693155436, 52.667081090883954 ], [ 13.251751016078043, 52.667247745847554 ], [ 13.251850038326769, 52.667227432177121 ], [ 13.25185507615716, 52.667342124715212 ], [ 13.252094317863557, 52.667447838829233 ], [ 13.252717290978245, 52.667346746150621 ], [ 13.252695931524348, 52.667696009980759 ], [ 13.252861688825105, 52.667485340074009 ], [ 13.252879343461981, 52.667610140331853 ], [ 13.252990742019893, 52.667583615575474 ], [ 13.253228313309256, 52.667688582207617 ], [ 13.253067693401487, 52.667885579485834 ], [ 13.253194884289854, 52.667856443089072 ], [ 13.253311867260363, 52.667965867434013 ], [ 13.253463550228275, 52.667954528382815 ], [ 13.253357568623668, 52.667841597833309 ], [ 13.253898118788101, 52.667812949645885 ], [ 13.254006618183617, 52.667972208244578 ], [ 13.253935967469515, 52.668043095477046 ], [ 13.254043165947373, 52.668094828750796 ], [ 13.254219459685727, 52.668027675490123 ], [ 13.254196365279277, 52.668153806809897 ], [ 13.25406160543282, 52.668182236244228 ], [ 13.254047593319104, 52.668286268517733 ], [ 13.254194225607435, 52.66830853646929 ], [ 13.254155331354191, 52.66818969319656 ], [ 13.254385010845025, 52.668423542581849 ], [ 13.254585799173137, 52.668346686840145 ], [ 13.254636391523903, 52.668378970931613 ], [ 13.254562381880733, 52.668426155452188 ], [ 13.254679196760801, 52.66846384026222 ], [ 13.254819409268054, 52.668345281543154 ], [ 13.254985473038481, 52.668378316741943 ], [ 13.254918153522034, 52.668471170354593 ], [ 13.255293007743393, 52.66851172269655 ], [ 13.255360426091562, 52.668441067497675 ], [ 13.255429697742196, 52.668522516120426 ], [ 13.255630903800895, 52.668333997915198 ] ], [ [ 13.253117384090487, 52.667130153272247 ], [ 13.253195027422278, 52.667111296371097 ], [ 13.253168082321338, 52.6671926257373 ], [ 13.253117384090487, 52.667130153272247 ] ], [ [ 13.252429311964352, 52.667028077327487 ], [ 13.252397733243063, 52.66710786364483 ], [ 13.252288289029016, 52.667072408996553 ], [ 13.252429311964352, 52.667028077327487 ] ], [ [ 13.25403198483709, 52.667780784929491 ], [ 13.253981284703821, 52.667718312823595 ], [ 13.254058928725453, 52.667699455363902 ], [ 13.25403198483709, 52.667780784929491 ] ] ] } },
{ "type": "Feature", "properties": { "fid": "F_20505" }, "geometry": { "type": "Polygon", "coordinates": [ [ [ 13.254679196760801, 52.66846384026222 ], [ 13.254560949291548, 52.668462098493798 ], [ 13.254590278733302, 52.668546977884304 ], [ 13.254679196760801, 52.66846384026222 ] ] ] } },
{ "type": "Feature", "properties": { "fid": "F_20516" }, "geometry": { "type": "Polygon", "coordinates": [ [ [ 13.273613117391562, 52.668381570262426 ], [ 13.273538102767164, 52.668362495289784 ], [ 13.273615951293602, 52.66830968345289 ], [ 13.273393476005181, 52.66842941748024 ], [ 13.273430049423144, 52.66850732337096 ], [ 13.27382085997732, 52.668542167776629 ], [ 13.273861902386358, 52.66864563547955 ], [ 13.273594315320294, 52.668590652348151 ], [ 13.273675007595287, 52.668762570493072 ], [ 13.273831196157012, 52.668852279959729 ], [ 13.273992052354066, 52.668840802418927 ], [ 13.273933898438125, 52.668729218374942 ], [ 13.274073362023785, 52.668711951304289 ], [ 13.274174059535923, 52.668588403190569 ], [ 13.274013092988756, 52.668411050562931 ], [ 13.274143818967364, 52.668425265166427 ], [ 13.274148068516286, 52.6683174349224 ], [ 13.273957248945548, 52.668326964348523 ], [ 13.274029820223561, 52.668315712580004 ], [ 13.273572413952396, 52.667913444573202 ], [ 13.273526190498133, 52.667966733634024 ], [ 13.273751983032817, 52.668259245884038 ], [ 13.273617368240116, 52.668273740047731 ], [ 13.273690966765267, 52.668328758389087 ], [ 13.273613117391562, 52.668381570262426 ] ], [ [ 13.273613117391562, 52.668381570262426 ], [ 13.273731365836124, 52.668383293022046 ], [ 13.273727115251353, 52.668491123241218 ], [ 13.27360886651598, 52.668489400474904 ], [ 13.273613117391562, 52.668381570262426 ] ] ] } },
{ "type": "Feature", "properties": { "fid": "F_20692" }, "geometry": { "type": "Polygon", "coordinates": [ [ [ 13.269118264768148, 52.668351961331403 ], [ 13.268774594670949, 52.668333330142048 ], [ 13.268669546059213, 52.668479251511769 ], [ 13.268480142796246, 52.668472268859873 ], [ 13.268495686907306, 52.668548867525693 ], [ 13.268074316090194, 52.668667864799048 ], [ 13.268259148044347, 52.668717031500677 ], [ 13.268245105974307, 52.668862525885977 ], [ 13.268169534193749, 52.668896243486259 ], [ 13.26834207474244, 52.668942157853046 ], [ 13.268418148988026, 52.669063365840692 ], [ 13.2687076850243, 52.66911687263768 ], [ 13.269160359413648, 52.669004406868275 ], [ 13.269384055974655, 52.669111088991308 ], [ 13.269254022979654, 52.668904644144249 ], [ 13.269297976661866, 52.668798235740113 ], [ 13.269663130866729, 52.668648613467575 ], [ 13.269442924042197, 52.668637092020823 ], [ 13.269407109661822, 52.668527729029734 ], [ 13.270153214938828, 52.668263501938085 ], [ 13.269665409946352, 52.66835877480289 ], [ 13.269422407337146, 52.668140619263028 ], [ 13.269146174152333, 52.668148665164445 ], [ 13.26907547285464, 52.668228779843638 ], [ 13.269192125087617, 52.668266834225705 ], [ 13.269118264768148, 52.668351961331403 ] ], [ [ 13.269118264768148, 52.668351961331403 ], [ 13.269245605888058, 52.66836514631985 ], [ 13.26913422503527, 52.668431989751916 ], [ 13.269118264768148, 52.668351961331403 ] ], [ [ 13.269418146183027, 52.668248449241709 ], [ 13.269379775369741, 52.668368247958945 ], [ 13.269271476791337, 52.668313914196879 ], [ 13.269418146183027, 52.668248449241709 ] ], [ [ 13.269134061676276, 52.668721104224495 ], [ 13.269087860153109, 52.668618402911164 ], [ 13.269330391887909, 52.66866428239765 ], [ 13.269134061676276, 52.668721104224495 ] ], [ [ 13.268569095398783, 52.668775506973972 ], [ 13.268435006205449, 52.668862438153397 ], [ 13.268365905374093, 52.668727810979043 ], [ 13.268569095398783, 52.668775506973972 ] ], [ [ 13.268569095398783, 52.668775506973972 ], [ 13.26864187134283, 52.668693034667143 ], [ 13.26882756881848, 52.668725828552283 ], [ 13.268726094451907, 52.668825845596778 ], [ 13.268569095398783, 52.668775506973972 ] ] ] } },
{ "type": "Feature", "properties": { "fid": "F_20700" }, "geometry": { "type": "Polygon", "coordinates": [ [ [ 13.28712030670243, 52.669404764022573 ], [ 13.287099314599482, 52.669284152248878 ], [ 13.287045200359785, 52.669379303743725 ], [ 13.28712030670243, 52.669404764022573 ] ] ] } },
{ "type": "Feature", "properties": { "fid": "F_20703" }, "geometry": { "type": "Polygon", "coordinates": [ [ [ 13.242192614001942, 52.668566976079667 ], [ 13.241946537780112, 52.668479086356747 ], [ 13.242149694869212, 52.668478324311501 ], [ 13.24229897297975, 52.668302123698957 ], [ 13.242931633370286, 52.668443579918694 ], [ 13.242887453681245, 52.668340213117673 ], [ 13.242654253436312, 52.668254657649626 ], [ 13.243186613381308, 52.668235404187214 ], [ 13.243235797934062, 52.668321652656061 ], [ 13.243505186530337, 52.668214382061464 ], [ 13.243407974358027, 52.668171411143 ], [ 13.243536183059124, 52.668120347161299 ], [ 13.243099654528422, 52.668076929518989 ], [ 13.242698984533657, 52.6681905584758 ], [ 13.242692817235223, 52.668055232464752 ], [ 13.242505541258168, 52.668140047406844 ], [ 13.242572537707913, 52.668227245763539 ], [ 13.242479217300938, 52.668291397421434 ], [ 13.242463405510771, 52.668199548994217 ], [ 13.242195492249056, 52.668081501976715 ], [ 13.242515638441459, 52.667888447716891 ], [ 13.242121158227889, 52.667894676696193 ], [ 13.241976320933436, 52.668060268298824 ], [ 13.241798952571969, 52.668057636606989 ], [ 13.241796066484032, 52.668129522204239 ], [ 13.241927769069783, 52.668119165796277 ], [ 13.241852303361817, 52.668202285065121 ], [ 13.24198400615497, 52.668191928596549 ], [ 13.241723955622771, 52.668452130077583 ], [ 13.241913970749176, 52.668541276015716 ], [ 13.24172106937062, 52.668524015667117 ], [ 13.241716739969444, 52.668631844049585 ], [ 13.241536482744836, 52.668701097529805 ], [ 13.241834404378016, 52.668754214081162 ], [ 13.242005755025678, 52.66871037875125 ], [ 13.241934229198959, 52.668597122019257 ], [ 13.242192614001942, 52.668566976079667 ] ] ] } },
{ "type": "Feature", "properties": { "fid": "F_20717" }, "geometry": { "type": "Polygon", "coordinates": [ [ [ 13.274712405102969, 52.669008969918401 ], [ 13.27470815683702, 52.669116800181783 ], [ 13.274873148565826, 52.669032259458334 ], [ 13.274963000228883, 52.669158019279799 ], [ 13.274797451936662, 52.669226571361989 ], [ 13.275256978852491, 52.669224287989493 ], [ 13.275289105987572, 52.669136548347048 ], [ 13.275072139057437, 52.669003879879519 ], [ 13.274712405102969, 52.669008969918401 ] ], [ [ 13.275134512509739, 52.669135316067482 ], [ 13.274988601186244, 52.669101336600804 ], [ 13.275042201670558, 52.669038953184703 ], [ 13.275134512509739, 52.669135316067482 ] ] ] } },
{ "type": "Feature", "properties": { "fid": "F_20719" }, "geometry": { "type": "Polygon", "coordinates": [ [ [ 13.274484402339935, 52.668789865703644 ], [ 13.274555874603312, 52.66888237946042 ], [ 13.274502273563167, 52.668944764299233 ], [ 13.274311277163797, 52.668679452386414 ], [ 13.274193027883685, 52.668677730198638 ], [ 13.274206048827148, 52.668874316139181 ], [ 13.274384123971258, 52.66896871675894 ], [ 13.274259800693921, 52.669093641351083 ], [ 13.274562430433926, 52.669130991513832 ], [ 13.274702643116404, 52.669276889273455 ], [ 13.27470815683702, 52.669116800181783 ], [ 13.274649031592816, 52.669115939295665 ], [ 13.274653280004173, 52.669008109035616 ], [ 13.275084678591217, 52.668849021829992 ], [ 13.274824288147743, 52.668843087555828 ], [ 13.274899691915001, 52.668759948409956 ], [ 13.274767995328009, 52.66877033988321 ], [ 13.274880176217827, 52.668631682877184 ], [ 13.274143818967364, 52.668425265166427 ], [ 13.274367569106451, 52.668752200269658 ], [ 13.274484402339935, 52.668789865703644 ] ], [ [ 13.274484402339935, 52.668789865703644 ], [ 13.274454946116897, 52.668661771429093 ], [ 13.274582292333182, 52.66858725436115 ], [ 13.274671675303717, 52.66872965556459 ], [ 13.274484402339935, 52.668789865703644 ] ] ] } },
{ "type": "Feature", "properties": { "fid": "F_21271" }, "geometry": { "type": "Polygon", "coordinates": [ [ [ 13.246377934881304, 52.669825606714575 ], [ 13.246404894291395, 52.669744279049993 ], [ 13.246327243444597, 52.669763131428141 ], [ 13.246377934881304, 52.669825606714575 ] ] ] } },
{ "type": "Feature", "properties": { "fid": "F_21348" }, "geometry": { "type": "Polygon", "coordinates": [ [ [ 13.246399136868988, 52.669888050557006 ], [ 13.246261988377595, 52.669852901451023 ], [ 13.246331551356917, 52.669938678597461 ], [ 13.246399136868988, 52.669888050557006 ] ] ] } },
{ "type": "Feature", "properties": { "fid": "F_21385" }, "geometry": { "type": "Polygon", "coordinates": [ [ [ 13.246513069864584, 52.669997629135032 ], [ 13.246835779228153, 52.669969196475876 ], [ 13.246789659651673, 52.669796771123721 ], [ 13.246578338035972, 52.669867485629808 ], [ 13.246513069864584, 52.669997629135032 ] ] ] } },
{ "type": "Feature", "properties": { "fid": "F_21434" }, "geometry": { "type": "Polygon", "coordinates": [ [ [ 13.24674669392388, 52.67007301444611 ], [ 13.246824346051323, 52.670054161810583 ], [ 13.24677365287995, 52.669991685050967 ], [ 13.24674669392388, 52.67007301444611 ] ] ] } },
{ "type": "Feature", "properties": { "fid": "F_21494" }, "geometry": { "type": "Polygon", "coordinates": [ [ [ 13.303382859472794, 52.669566799103229 ], [ 13.30323836926879, 52.669538072283522 ], [ 13.303423737789497, 52.669445513452374 ], [ 13.303541411864121, 52.669226130221332 ], [ 13.303864799949386, 52.669171965975345 ], [ 13.30384603402892, 52.668970665902165 ], [ 13.303690115744921, 52.668936156678704 ], [ 13.303799505827936, 52.668866814407302 ], [ 13.303722352681588, 52.668439814685449 ], [ 13.303457631895046, 52.66855757916985 ], [ 13.303374114485349, 52.668754657870188 ], [ 13.302868655134464, 52.668716952646264 ], [ 13.302565688412111, 52.668627110427046 ], [ 13.302560477584608, 52.668539093345963 ], [ 13.30298723548808, 52.668283395855525 ], [ 13.303309980871612, 52.668242606147416 ], [ 13.303555689691628, 52.668058946224441 ], [ 13.303436544527525, 52.667612890055217 ], [ 13.302703582471786, 52.667351682118806 ], [ 13.302071603226686, 52.66729105387072 ], [ 13.301624100323046, 52.667056879199329 ], [ 13.30100564893578, 52.666980881061285 ], [ 13.29997578888954, 52.667141276163726 ], [ 13.299860677119907, 52.667059126664832 ], [ 13.299813997847259, 52.667477012212736 ], [ 13.300231242875117, 52.667654107305651 ], [ 13.299923334155185, 52.668084751060157 ], [ 13.300095114524533, 52.668592290823874 ], [ 13.300475194288614, 52.668750887937406 ], [ 13.300688238785623, 52.668590894074306 ], [ 13.300853469573106, 52.668685000126722 ], [ 13.300693497760605, 52.669444340815758 ], [ 13.300898058961886, 52.669686622719276 ], [ 13.300844307265164, 52.670078820852538 ], [ 13.3011267785174, 52.670366525148978 ], [ 13.301133845916729, 52.670485915488733 ], [ 13.30090748127061, 52.670655097014027 ], [ 13.300765756549655, 52.670948853269884 ], [ 13.301277786590394, 52.670454737575355 ], [ 13.301857804679633, 52.670887698423151 ], [ 13.302253327139834, 52.670470914112748 ], [ 13.302818547466181, 52.670504753458218 ], [ 13.303095389595702, 52.670230735604797 ], [ 13.303688553536624, 52.670032033224281 ], [ 13.303627889059975, 52.669888591129649 ], [ 13.303367804473547, 52.669811481663302 ], [ 13.303145170388163, 52.669640117454961 ], [ 13.303382859472794, 52.669566799103229 ] ], [ [ 13.302537105870906, 52.669367859404254 ], [ 13.302683090939958, 52.669305030502564 ], [ 13.303231051929354, 52.669555476417152 ], [ 13.302732616093342, 52.669570393043628 ], [ 13.302537105870906, 52.669367859404254 ] ], [ [ 13.300790106241003, 52.667929797029316 ], [ 13.301250400961949, 52.668039143849192 ], [ 13.301205528527223, 52.668177966619723 ], [ 13.30083591554359, 52.668214987899539 ], [ 13.300727902374833, 52.668122211056989 ], [ 13.300790106241003, 52.667929797029316 ] ], [ [ 13.30100061463412, 52.667688408421554 ], [ 13.301100000885913, 52.667748204532785 ], [ 13.300908747825529, 52.667769117394201 ], [ 13.300878833667291, 52.667887186196438 ], [ 13.300828238497695, 52.667793443232434 ], [ 13.30100061463412, 52.667688408421554 ] ], [ [ 13.301374015208445, 52.667301898527008 ], [ 13.301637753805307, 52.66727607361517 ], [ 13.301678375386608, 52.667387935663783 ], [ 13.301350347650104, 52.667574345794456 ], [ 13.301268859054513, 52.667528661165314 ], [ 13.301374015208445, 52.667301898527008 ] ] ] } },
{ "type": "Feature", "properties": { "fid": "F_21651" }, "geometry": { "type": "Polygon", "coordinates": [ [ [ 13.245669472797767, 52.670380748472155 ], [ 13.245810513950618, 52.670336423222302 ], [ 13.245701063529125, 52.670300964076446 ], [ 13.245669472797767, 52.670380748472155 ] ] ] } },
{ "type": "Feature", "properties": { "fid": "F_21740" }, "geometry": { "type": "Polygon", "coordinates": [ [ [ 13.247026494792912, 52.670472759974885 ], [ 13.247047147072747, 52.670555776065044 ], [ 13.247100788961825, 52.670493404018238 ], [ 13.247026494792912, 52.670472759974885 ] ] ] } },
{ "type": "Feature", "properties": { "fid": "F_21770" }, "geometry": { "type": "Polygon", "coordinates": [ [ [ 13.245898777986014, 52.670563964035601 ], [ 13.245901657594795, 52.67049207831009 ], [ 13.245761841101411, 52.670532503583942 ], [ 13.245898777986014, 52.670563964035601 ] ] ] } },
{ "type": "Feature", "properties": { "fid": "F_21845" }, "geometry": { "type": "Polygon", "coordinates": [ [ [ 13.246850555204345, 52.670434192875561 ], [ 13.246444015129333, 52.670329081597117 ], [ 13.246502994872435, 52.670249229273423 ], [ 13.246311082587475, 52.670256766956797 ], [ 13.246391281178907, 52.670306051873709 ], [ 13.245901657594795, 52.67049207831009 ], [ 13.245957904282825, 52.6705648392795 ], [ 13.246656611516498, 52.670419241020589 ], [ 13.246730275464964, 52.670502514744129 ], [ 13.24664653276864, 52.670600633692473 ], [ 13.246820820918842, 52.67062059751008 ], [ 13.246865838223037, 52.670724906939554 ], [ 13.246924450523625, 52.670658533893651 ], [ 13.24705945579962, 52.670701113222819 ], [ 13.24706095842045, 52.670593242941912 ], [ 13.246944161474898, 52.670555129984699 ], [ 13.247085036787217, 52.670334545270968 ], [ 13.246952893148894, 52.670123776901193 ], [ 13.246890697765098, 52.670170376361497 ], [ 13.246594465885385, 52.670024172508846 ], [ 13.246616929048942, 52.670358807755512 ], [ 13.246795763154317, 52.670325067133376 ], [ 13.246733742025128, 52.67039650037237 ], [ 13.246873987615505, 52.670354725943504 ], [ 13.246924576489231, 52.670387013288213 ], [ 13.246850555204345, 52.670434192875561 ] ], [ [ 13.246850555204345, 52.670434192875561 ], [ 13.246932012339968, 52.670474365060485 ], [ 13.246790434035709, 52.670520895783739 ], [ 13.246850555204345, 52.670434192875561 ] ] ] } },
{ "type": "Feature", "properties": { "fid": "F_21865" }, "geometry": { "type": "Polygon", "coordinates": [ [ [ 13.246309783185403, 52.670641975864129 ], [ 13.246036301034076, 52.670645003925593 ], [ 13.245990714369482, 52.670726531010558 ], [ 13.246175988284847, 52.670759968800667 ], [ 13.246309783185403, 52.670641975864129 ] ] ] } },
{ "type": "Feature", "properties": { "fid": "F_21906" }, "geometry": { "type": "Polygon", "coordinates": [ [ [ 13.246373227864105, 52.670535022289585 ], [ 13.246311222658122, 52.670606032994051 ], [ 13.246503043218109, 52.670662817987612 ], [ 13.246426596639864, 52.670679668786264 ], [ 13.246433576217521, 52.670821310761774 ], [ 13.2466856780974, 52.670762911750955 ], [ 13.246582956944534, 52.670590017043473 ], [ 13.246373227864105, 52.670535022289585 ] ] ] } },
{ "type": "Feature", "properties": { "fid": "F_22031" }, "geometry": { "type": "Polygon", "coordinates": [ [ [ 13.263393224465444, 52.668016445997694 ], [ 13.262906003449885, 52.668123992079046 ], [ 13.262354847168801, 52.668018203707355 ], [ 13.26229526728272, 52.668233763812033 ], [ 13.262212947276174, 52.667657833793093 ], [ 13.262121435759996, 52.667816170753028 ], [ 13.262207583630872, 52.668779684243908 ], [ 13.262049338300779, 52.669040070441888 ], [ 13.262142317166537, 52.669097046894166 ], [ 13.26192262104643, 52.670949663909632 ], [ 13.262049718205082, 52.671251146896523 ], [ 13.262309950207499, 52.669281785957509 ], [ 13.262674090199528, 52.669030634834392 ], [ 13.262358092550796, 52.668978868688292 ], [ 13.262465362964649, 52.66830827416964 ], [ 13.262410524183343, 52.668198752356211 ], [ 13.262902247248039, 52.668168804340027 ], [ 13.263393224465444, 52.668016445997694 ] ] ] } },
{ "type": "Feature", "properties": { "fid": "F_22143" }, "geometry": { "type": "Polygon", "coordinates": [ [ [ 13.257940586415875, 52.671245106573046 ], [ 13.257800825990639, 52.671207770918443 ], [ 13.257899424082817, 52.671331442860811 ], [ 13.257940586415875, 52.671245106573046 ] ] ] } },
{ "type": "Feature", "properties": { "fid": "F_22254" }, "geometry": { "type": "Polygon", "coordinates": [ [ [ 13.252848453832321, 52.671349956165585 ], [ 13.252793628826378, 52.671241255378867 ], [ 13.25259685911602, 52.67139943738399 ], [ 13.252848453832321, 52.671349956165585 ] ] ] } },
{ "type": "Feature", "properties": { "fid": "F_22359" }, "geometry": { "type": "Polygon", "coordinates": [ [ [ 13.243379429240763, 52.671425747464859 ], [ 13.243577282233716, 52.671413543074046 ], [ 13.243445537509555, 52.67135090062915 ], [ 13.243379429240763, 52.671425747464859 ] ] ] } },
{ "type": "Feature", "properties": { "fid": "F_22464" }, "geometry": { "type": "Polygon", "coordinates": [ [ [ 13.276132218009392, 52.672014648060276 ], [ 13.276106312287864, 52.671931875967722 ], [ 13.275956304024833, 52.671891710081781 ], [ 13.275969544159027, 52.671999005638739 ], [ 13.276132218009392, 52.672014648060276 ] ] ] } },
{ "type": "Feature", "properties": { "fid": "F_22643" }, "geometry": { "type": "Polygon", "coordinates": [ [ [ 13.273582579286442, 52.672157349375155 ], [ 13.273464320662429, 52.672155626381681 ], [ 13.273461486117613, 52.672227513138573 ], [ 13.273579744935542, 52.672229236136516 ], [ 13.273582579286442, 52.672157349375155 ] ] ] } },
{ "type": "Feature", "properties": { "fid": "F_22751" }, "geometry": { "type": "Polygon", "coordinates": [ [ [ 13.275603634090729, 52.672413764480353 ], [ 13.275529601585415, 52.672293591991313 ], [ 13.275443751351897, 52.672330500593191 ], [ 13.275603634090729, 52.672413764480353 ] ] ] } },
{ "type": "Feature", "properties": { "fid": "F_22773" }, "geometry": { "type": "Polygon", "coordinates": [ [ [ 13.258672081760082, 52.672190925070709 ], [ 13.258803721576312, 52.672181234344066 ], [ 13.258693794646071, 52.672113502281313 ], [ 13.258672081760082, 52.672190925070709 ] ] ] } },
{ "type": "Feature", "properties": { "fid": "F_22777" }, "geometry": { "type": "Polygon", "coordinates": [ [ [ 13.258832926837314, 52.672109699059618 ], [ 13.258882278147384, 52.672206094335898 ], [ 13.259046942332928, 52.672148280842372 ], [ 13.258832926837314, 52.672109699059618 ] ] ] } },
{ "type": "Feature", "properties": { "fid": "F_22794" }, "geometry": { "type": "Polygon", "coordinates": [ [ [ 13.272509743778459, 52.672357498348433 ], [ 13.272458911965121, 52.6724160944405 ], [ 13.272684296606045, 52.672431970954833 ], [ 13.272509743778459, 52.672357498348433 ] ] ] } },
{ "type": "Feature", "properties": { "fid": "F_22818" }, "geometry": { "type": "Polygon", "coordinates": [ [ [ 13.257550063648528, 52.672138467466475 ], [ 13.257782288408693, 52.672249774330304 ], [ 13.257707106032216, 52.672152857201361 ], [ 13.257550063648528, 52.672138467466475 ] ] ] } },
{ "type": "Feature", "properties": { "fid": "F_22928" }, "geometry": { "type": "Polygon", "coordinates": [ [ [ 13.256480021127658, 52.672266584547394 ], [ 13.256500928263009, 52.672387199300324 ], [ 13.256555112420465, 52.672292062405489 ], [ 13.256480021127658, 52.672266584547394 ] ] ] } },
{ "type": "Feature", "properties": { "fid": "F_22975" }, "geometry": { "type": "Polygon", "coordinates": [ [ [ 13.256004126598327, 52.672331509695915 ], [ 13.255864313242954, 52.672371946907859 ], [ 13.255994948626785, 52.672445868103281 ], [ 13.256004126598327, 52.672331509695915 ] ] ] } },
{ "type": "Feature", "properties": { "fid": "F_23016" }, "geometry": { "type": "Polygon", "coordinates": [ [ [ 13.274743922806621, 52.672713723843302 ], [ 13.274781789963571, 52.672802200312461 ], [ 13.274884499866083, 52.672740389817072 ], [ 13.274743922806621, 52.672713723843302 ] ] ] } },
{ "type": "Feature", "properties": { "fid": "F_23022" }, "geometry": { "type": "Polygon", "coordinates": [ [ [ 13.256687827095522, 52.672491957507816 ], [ 13.256791949440389, 52.672550877334636 ], [ 13.256943057491361, 52.672507163294689 ], [ 13.256687827095522, 52.672491957507816 ] ] ] } },
{ "type": "Feature", "properties": { "fid": "F_23238" }, "geometry": { "type": "Polygon", "coordinates": [ [ [ 13.255277392335874, 52.672752381082248 ], [ 13.255274527879989, 52.672824267139795 ], [ 13.255743269572706, 52.6729390601689 ], [ 13.255601505784309, 52.672784756956531 ], [ 13.255277392335874, 52.672752381082248 ] ] ] } },
{ "type": "Feature", "properties": { "fid": "F_23239" }, "geometry": { "type": "Polygon", "coordinates": [ [ [ 13.257697415521223, 52.672895880344612 ], [ 13.257576295204196, 52.672966027629791 ], [ 13.257781117274932, 52.672945367523106 ], [ 13.257697415521223, 52.672895880344612 ] ] ] } },
{ "type": "Feature", "properties": { "fid": "F_23350" }, "geometry": { "type": "Polygon", "coordinates": [ [ [ 13.256624492570403, 52.673095884691364 ], [ 13.256546839991309, 52.673114743743248 ], [ 13.256597549880578, 52.673177214781681 ], [ 13.256624492570403, 52.673095884691364 ] ] ] } },
{ "type": "Feature", "properties": { "fid": "F_23431" }, "geometry": { "type": "Polygon", "coordinates": [ [ [ 13.258143637894882, 52.67328424234443 ], [ 13.257959655921805, 52.673240375188449 ], [ 13.258019108595587, 52.67330829554011 ], [ 13.258143637894882, 52.67328424234443 ] ] ] } },
{ "type": "Feature", "properties": { "fid": "F_23671" }, "geometry": { "type": "Polygon", "coordinates": [ [ [ 13.257792792379224, 52.673472708280137 ], [ 13.257707521721086, 52.6735079976214 ], [ 13.257869574610691, 52.673617693531334 ], [ 13.257700370334648, 52.673687712972615 ], [ 13.257767789306191, 52.673769272780312 ], [ 13.257989878483, 52.673601093757398 ], [ 13.257792792379224, 52.673472708280137 ] ] ] } },
{ "type": "Feature", "properties": { "fid": "F_23829" }, "geometry": { "type": "Polygon", "coordinates": [ [ [ 13.295924360954688, 52.674430397210884 ], [ 13.295423950236945, 52.674180971116449 ], [ 13.295338421354817, 52.674232598456108 ], [ 13.29434758071595, 52.674054624271669 ], [ 13.292388912393244, 52.673868406307683 ], [ 13.292302209865712, 52.673916693431565 ], [ 13.295004778661982, 52.674319288685133 ], [ 13.295499685630807, 52.674428468917007 ], [ 13.295605782685135, 52.674569811657953 ], [ 13.295924360954688, 52.674430397210884 ] ] ] } },
{ "type": "Feature", "properties": { "fid": "F_23897" }, "geometry": { "type": "Polygon", "coordinates": [ [ [ 13.273814461005669, 52.673779108485824 ], [ 13.274040484302779, 52.673548440379754 ], [ 13.27374867756008, 52.673334025070595 ], [ 13.274008858375144, 52.673350371900142 ], [ 13.273821927155433, 52.673189268707759 ], [ 13.274425186972286, 52.673226293900996 ], [ 13.274541036946907, 52.673358122118941 ], [ 13.274615817270382, 52.673343827372733 ], [ 13.274591719170578, 52.673187380171463 ], [ 13.274360990490496, 52.673040971573847 ], [ 13.274117903473762, 52.673072131576248 ], [ 13.274002622367487, 52.672895532339417 ], [ 13.274361319283893, 52.672801364213719 ], [ 13.274465156434111, 52.672644233681503 ], [ 13.274743922806621, 52.672713723843302 ], [ 13.274587419260792, 52.67262641529237 ], [ 13.274592728937604, 52.672423880543285 ], [ 13.275241925669885, 52.672021658264313 ], [ 13.27543371554402, 52.672090213935185 ], [ 13.275319260913742, 52.672202341657204 ], [ 13.275853402033006, 52.672250872676486 ], [ 13.275617385602803, 52.672401233190691 ], [ 13.275659206147077, 52.672675083433965 ], [ 13.275760624850756, 52.672923303080765 ], [ 13.275832893955135, 52.672929834066629 ], [ 13.275889159543759, 52.672853806097095 ], [ 13.276063100351154, 52.672869542828437 ], [ 13.275976774666244, 52.672677053591897 ], [ 13.276193879076903, 52.672550684290982 ], [ 13.276070740650862, 52.672416065441048 ], [ 13.276084458320712, 52.67221549574181 ], [ 13.276247646460995, 52.672088255252852 ], [ 13.275858436490967, 52.672178086637011 ], [ 13.275703244717967, 52.67211176759087 ], [ 13.275636775141818, 52.671976778190796 ], [ 13.27585563632919, 52.672013697207582 ], [ 13.27574397252828, 52.671844509069686 ], [ 13.276046936813174, 52.671783257649921 ], [ 13.276507746739822, 52.672110862387186 ], [ 13.276909257931397, 52.672107025078184 ], [ 13.277092533308371, 52.67222573173995 ], [ 13.277338264165802, 52.672137497192303 ], [ 13.27710737191409, 52.672010180982639 ], [ 13.277524888694265, 52.671884282623616 ], [ 13.277396578756061, 52.672159435696969 ], [ 13.277486534586066, 52.672178198538518 ], [ 13.27754712070872, 52.672057207895975 ], [ 13.277690502501374, 52.672160178431398 ], [ 13.277485120614749, 52.672214141992974 ], [ 13.278249930212667, 52.672207397356239 ], [ 13.278438259155282, 52.672048173193495 ], [ 13.278667429550715, 52.671986053147968 ], [ 13.278754915349253, 52.672149619095251 ], [ 13.27940964081556, 52.672005472738952 ], [ 13.279376230276331, 52.671680222302065 ], [ 13.279260593136126, 52.671632816583873 ], [ 13.279345329108716, 52.671465009196488 ], [ 13.279019641612306, 52.671490886496024 ], [ 13.278917012234148, 52.671458314301347 ], [ 13.279149973732837, 52.671395212329983 ], [ 13.279161720287554, 52.671292163105974 ], [ 13.278788258868623, 52.671325669670829 ], [ 13.27856224697102, 52.671237342448052 ], [ 13.278099294711495, 52.671276939740615 ], [ 13.277957631433996, 52.671337854357276 ], [ 13.277983065424817, 52.671442550112282 ], [ 13.277837592689693, 52.67145560885708 ], [ 13.277793083064411, 52.671219350942984 ], [ 13.277697853915303, 52.67131813390484 ], [ 13.277769462475629, 52.671331483533102 ], [ 13.277638725606723, 52.67131727448519 ], [ 13.277618165522338, 52.671476828804167 ], [ 13.277298674635293, 52.671240489458121 ], [ 13.27706723086726, 52.671407813648941 ], [ 13.276958219241411, 52.671320884287148 ], [ 13.276503151155731, 52.671328526068919 ], [ 13.276225919337518, 52.671244768025893 ], [ 13.276284400861178, 52.671599691684001 ], [ 13.275941710082883, 52.671681667766975 ], [ 13.275446749697462, 52.671695414025869 ], [ 13.275472624436921, 52.671589673241449 ], [ 13.275276922697016, 52.671498740111232 ], [ 13.275073063475055, 52.67156763112073 ], [ 13.274997917792673, 52.671507708802679 ], [ 13.274940278476544, 52.671567260475207 ], [ 13.275154629651409, 52.6716284716437 ], [ 13.275082052169582, 52.671639725683214 ], [ 13.275105591272455, 52.671696332358977 ], [ 13.275269816233909, 52.671837942871051 ], [ 13.275101343561859, 52.6718041625955 ], [ 13.274777000410722, 52.671500261628111 ], [ 13.274559211591413, 52.671575849704595 ], [ 13.2744995424046, 52.671468826161032 ], [ 13.274939115040139, 52.671416820338095 ], [ 13.274745529982647, 52.671312537081292 ], [ 13.274507164943524, 52.671395271704114 ], [ 13.274454067256485, 52.671300021047379 ], [ 13.27462341503518, 52.671167904474054 ], [ 13.274364161236017, 52.671187343823433 ], [ 13.274445443913708, 52.671066938717196 ], [ 13.274597301175382, 52.671082846665506 ], [ 13.274529604756822, 52.671019344785975 ], [ 13.274158660620525, 52.671050856148824 ], [ 13.274307530698897, 52.670914593265906 ], [ 13.273986944246195, 52.670904498931144 ], [ 13.274082607890989, 52.670779491394583 ], [ 13.273635803405197, 52.670611038690282 ], [ 13.27313481422433, 52.670797379636284 ], [ 13.273063987892062, 52.671094577429699 ], [ 13.272879846415412, 52.671193429392787 ], [ 13.272876961190333, 52.671266579225033 ], [ 13.273029557014905, 52.671356764121391 ], [ 13.272822123494407, 52.671477701927259 ], [ 13.272735647660207, 52.671230927191331 ], [ 13.271887254227096, 52.67152124904355 ], [ 13.272093090368895, 52.671642888783843 ], [ 13.271878454711089, 52.671597087724443 ], [ 13.271749613107506, 52.671677654431925 ], [ 13.270912710314912, 52.671809355407412 ], [ 13.270603142487447, 52.671975509016143 ], [ 13.27234792351712, 52.672408400370934 ], [ 13.271965271465037, 52.671940573003901 ], [ 13.272176191601606, 52.671951341267025 ], [ 13.272444216488358, 52.671799767830223 ], [ 13.272440519424556, 52.671655873701027 ], [ 13.272740186278233, 52.671800236053343 ], [ 13.272730367444563, 52.671893849327098 ], [ 13.273496275501977, 52.672066865109812 ], [ 13.273644542844886, 52.672086324063116 ], [ 13.273740396380349, 52.671860555426171 ], [ 13.273848949387023, 52.671961899409688 ], [ 13.273707923262377, 52.671979355331878 ], [ 13.273804863490367, 52.672073346259779 ], [ 13.273582579286442, 52.672157349375155 ], [ 13.273855038153981, 52.672249349657491 ], [ 13.273791829703919, 52.672318934537003 ], [ 13.273579744935542, 52.672229236136516 ], [ 13.273390681132941, 52.672457929660766 ], [ 13.273253493089765, 52.672310598345533 ], [ 13.272684296606045, 52.672431970954833 ], [ 13.27384138744749, 52.672740001907229 ], [ 13.273707224100711, 52.672881869553237 ], [ 13.272887384020212, 52.672735514711228 ], [ 13.272686151643562, 52.672816662094228 ], [ 13.272342803253206, 52.672799206277084 ], [ 13.271956908280854, 52.672597129440483 ], [ 13.271586743324237, 52.672550674194049 ], [ 13.271816129793772, 52.672760847023447 ], [ 13.27172960936657, 52.672852323607003 ], [ 13.271758183622479, 52.672938926497764 ], [ 13.271951703861365, 52.672835894213755 ], [ 13.271829527703607, 52.67310282474822 ], [ 13.272346211945411, 52.673032425110065 ], [ 13.272468429528972, 52.672933865326719 ], [ 13.272660525811469, 52.672959862599505 ], [ 13.272561334424864, 52.673097128074588 ], [ 13.272731336582096, 52.673175011785965 ], [ 13.272407546542842, 52.67330905524701 ], [ 13.272610252928132, 52.67340192038867 ], [ 13.272388662883277, 52.673493656420341 ], [ 13.272197165356616, 52.673563776398609 ], [ 13.271962790230173, 52.67344035048734 ], [ 13.271692344669891, 52.673076940545556 ], [ 13.271497924152783, 52.673013977935369 ], [ 13.271284653108363, 52.672814557278585 ], [ 13.271189026256579, 52.672841733773197 ], [ 13.271716900125959, 52.673517172654364 ], [ 13.272023659515181, 52.673754342903244 ], [ 13.271987525086782, 52.67384239144485 ], [ 13.272193961817765, 52.67393664628154 ], [ 13.271781291541695, 52.674324898232655 ], [ 13.272353678815234, 52.674060000679752 ], [ 13.272537043923668, 52.67414559647591 ], [ 13.272666100953964, 52.673894200745657 ], [ 13.272854394402652, 52.673882757460206 ], [ 13.273032884270078, 52.67407142994827 ], [ 13.273456479316636, 52.674036615600556 ], [ 13.273814461005669, 52.673779108485824 ] ], [ [ 13.273814461005669, 52.673779108485824 ], [ 13.273428566221165, 52.673504844571397 ], [ 13.273594318142992, 52.673401580630284 ], [ 13.273814461005669, 52.673779108485824 ] ], [ [ 13.278438259155282, 52.672048173193495 ], [ 13.278201741904894, 52.672044736782333 ], [ 13.278157849236468, 52.672130268620961 ], [ 13.277938957512781, 52.672040373250184 ], [ 13.278144026022849, 52.672007934137916 ], [ 13.278173166959398, 52.671890208546664 ], [ 13.278414790133331, 52.671967650760472 ], [ 13.278438259155282, 52.672048173193495 ] ], [ [ 13.274158660620525, 52.671050856148824 ], [ 13.27429729874733, 52.671189248937743 ], [ 13.273931790895142, 52.671386891992348 ], [ 13.27385010367014, 52.671283375584977 ], [ 13.274120866458892, 52.671162517132707 ], [ 13.273955677106281, 52.671044017639723 ], [ 13.274073226533364, 52.670991100019293 ], [ 13.274158660620525, 52.671050856148824 ] ], [ [ 13.273986944246195, 52.670904498931144 ], [ 13.2738767836127, 52.67099017028211 ], [ 13.273789395573059, 52.67085285394716 ], [ 13.273986944246195, 52.670904498931144 ] ], [ [ 13.278321653622271, 52.67167452851092 ], [ 13.278952090512334, 52.671706867085987 ], [ 13.279008611253346, 52.671781090519552 ], [ 13.278691215872165, 52.671816745662007 ], [ 13.278321653622271, 52.67167452851092 ] ], [ [ 13.278742329102906, 52.671635702969347 ], [ 13.278670221469811, 52.67155277068953 ], [ 13.278932485377897, 52.671515892339215 ], [ 13.278742329102906, 52.671635702969347 ] ], [ [ 13.278150350446982, 52.671341672280754 ], [ 13.278333850418441, 52.671384850173752 ], [ 13.278189547375659, 52.671426620833422 ], [ 13.278150350446982, 52.671341672280754 ] ], [ [ 13.277490925995185, 52.671515825126306 ], [ 13.277241049902946, 52.671550965194122 ], [ 13.277174077165125, 52.671433689598523 ], [ 13.277457098846375, 52.671422526426348 ], [ 13.277490925995185, 52.671515825126306 ] ], [ [ 13.276932322564191, 52.672002068485405 ], [ 13.276886651727581, 52.671896391723479 ], [ 13.277083942785012, 52.671884633593407 ], [ 13.276932322564191, 52.672002068485405 ] ], [ [ 13.276808100636087, 52.671377126407805 ], [ 13.276786421066381, 52.67145455116686 ], [ 13.276676467736392, 52.671386835559517 ], [ 13.276808100636087, 52.671377126407805 ] ], [ [ 13.275298640977367, 52.671776477361561 ], [ 13.275177144985594, 52.671650521785253 ], [ 13.275377695521595, 52.671644028881694 ], [ 13.275419921713235, 52.6717655994604 ], [ 13.275298640977367, 52.671776477361561 ] ], [ [ 13.274779328065883, 52.671815138778925 ], [ 13.275088083889139, 52.671860584270647 ], [ 13.274802721088358, 52.671974016079318 ], [ 13.274779328065883, 52.671815138778925 ] ], [ [ 13.274779328065883, 52.671815138778925 ], [ 13.274533228120301, 52.67169384708788 ], [ 13.274603245716776, 52.671617090892937 ], [ 13.274779328065883, 52.671815138778925 ] ], [ [ 13.274220523436361, 52.672154331496586 ], [ 13.27432978655915, 52.672154850991895 ], [ 13.274384011856117, 52.672025079000015 ], [ 13.274614790609387, 52.672045086890506 ], [ 13.2745262420706, 52.672190392538127 ], [ 13.274220523436361, 52.672154331496586 ] ], [ [ 13.274177854898387, 52.671568012717628 ], [ 13.274119998876284, 52.671473255095535 ], [ 13.274321879025436, 52.671412873525071 ], [ 13.274370358369683, 52.671481591025461 ], [ 13.274177854898387, 52.671568012717628 ] ], [ [ 13.27436102077019, 52.671954975540963 ], [ 13.274278149191748, 52.672035705701987 ], [ 13.274167734448586, 52.671894737040482 ], [ 13.274303463912338, 52.67188013769713 ], [ 13.27436102077019, 52.671954975540963 ] ], [ [ 13.273932688406775, 52.671796522717003 ], [ 13.273986622270682, 52.671683620702986 ], [ 13.274151165617091, 52.671745302304977 ], [ 13.274072936110777, 52.671835480190644 ], [ 13.273932688406775, 52.671796522717003 ] ], [ [ 13.273806903413869, 52.672530494903178 ], [ 13.273924953332431, 52.672370498772445 ], [ 13.274107659524976, 52.672344818337969 ], [ 13.274149858549581, 52.67241024897023 ], [ 13.273983887171392, 52.67255734163129 ], [ 13.273806903413869, 52.672530494903178 ] ], [ [ 13.274117576709459, 52.672093214603954 ], [ 13.274079215107776, 52.672213014848779 ], [ 13.273970901199631, 52.672158685285702 ], [ 13.274117576709459, 52.672093214603954 ] ], [ [ 13.273886300471716, 52.671605806066857 ], [ 13.27379575538529, 52.671669039162325 ], [ 13.273704395946098, 52.671564697995564 ], [ 13.273886300471716, 52.671605806066857 ] ], [ [ 13.273489657903855, 52.672543873202635 ], [ 13.273628954365591, 52.672481701256025 ], [ 13.273881890318256, 52.672623095853254 ], [ 13.273775631249563, 52.672679322208964 ], [ 13.273489657903855, 52.672543873202635 ] ], [ [ 13.273546599424851, 52.671051702777817 ], [ 13.273723243211192, 52.670996133262264 ], [ 13.273735113978857, 52.671140238426354 ], [ 13.273546599424851, 52.671051702777817 ] ], [ [ 13.273646316363967, 52.671537231148228 ], [ 13.273520299522152, 52.671595698143371 ], [ 13.27346917066316, 52.671419769022059 ], [ 13.273671467543966, 52.671403399750687 ], [ 13.273646316363967, 52.671537231148228 ] ], [ [ 13.273503982143946, 52.671845012997842 ], [ 13.273338975139083, 52.671775368803779 ], [ 13.273539039221383, 52.671761110700395 ], [ 13.273503982143946, 52.671845012997842 ] ], [ [ 13.273388542663724, 52.672993775437099 ], [ 13.273297181510497, 52.672889433963547 ], [ 13.2734359746735, 52.672874493906335 ], [ 13.273479091114552, 52.672930542694608 ], [ 13.273388542663724, 52.672993775437099 ] ], [ [ 13.273284088833385, 52.671439461354666 ], [ 13.273052610453796, 52.67150831466342 ], [ 13.273118726699414, 52.6713774499596 ], [ 13.273318115148411, 52.671362287352991 ], [ 13.273284088833385, 52.671439461354666 ] ], [ [ 13.27306373952249, 52.673066818091215 ], [ 13.27328709226269, 52.673106792031156 ], [ 13.273154854725242, 52.673223995880264 ], [ 13.273008336794575, 52.673201771352772 ], [ 13.27306373952249, 52.673066818091215 ] ], [ [ 13.272915511997592, 52.673382486372972 ], [ 13.2728676737224, 52.673278778896645 ], [ 13.273006468257673, 52.673263839355137 ], [ 13.273059573636337, 52.67333287118835 ], [ 13.272915511997592, 52.673382486372972 ] ], [ [ 13.272956907036232, 52.672935770653687 ], [ 13.272812846600928, 52.672985385726811 ], [ 13.272765008982129, 52.672881678208071 ], [ 13.272903802287754, 52.672866738775497 ], [ 13.272956907036232, 52.672935770653687 ] ], [ [ 13.272637937407291, 52.67154936747125 ], [ 13.272838000656357, 52.671535110544156 ], [ 13.272897970067405, 52.671620117279197 ], [ 13.272637937407291, 52.67154936747125 ] ], [ [ 13.272568455891113, 52.673310592146429 ], [ 13.272768527220901, 52.673296335409219 ], [ 13.272733467375373, 52.673380237434863 ], [ 13.272568455891113, 52.673310592146429 ] ], [ [ 13.272654871930717, 52.673594471495392 ], [ 13.272563511318351, 52.673490129470544 ], [ 13.27270230662087, 52.673475190292407 ], [ 13.272745422690475, 52.673531239339241 ], [ 13.272654871930717, 52.673594471495392 ] ], [ [ 13.272565729758066, 52.671531141724074 ], [ 13.27240234354924, 52.67159877266166 ], [ 13.272301773845502, 52.671509012963014 ], [ 13.272565729758066, 52.671531141724074 ] ], [ [ 13.272260021118031, 52.673575651201567 ], [ 13.27234468376205, 52.673541904932399 ], [ 13.272438911169855, 52.673633274901015 ], [ 13.272357661901252, 52.673700630877782 ], [ 13.272260021118031, 52.673575651201567 ] ], [ [ 13.272303008329867, 52.671599239585902 ], [ 13.272375035835113, 52.67169490605513 ], [ 13.272211644511689, 52.671754178378769 ], [ 13.272102821138892, 52.671657254734228 ], [ 13.272303008329867, 52.671599239585902 ] ], [ [ 13.271717232309502, 52.672621344054747 ], [ 13.271989052395577, 52.672669069132887 ], [ 13.271883748442248, 52.672722691759454 ], [ 13.271717232309502, 52.672621344054747 ] ], [ [ 13.27182485521231, 52.671740158697936 ], [ 13.271842448861232, 52.671869664542889 ], [ 13.271559502990895, 52.671796506603428 ], [ 13.27182485521231, 52.671740158697936 ] ], [ [ 13.271812957055214, 52.672023662044886 ], [ 13.271887265880503, 52.672044290662924 ], [ 13.271833657091877, 52.672106674197373 ], [ 13.271716478490429, 52.671902280612684 ], [ 13.271874939935824, 52.671952215371448 ], [ 13.271812957055214, 52.672023662044886 ] ], [ [ 13.271469644225844, 52.672095480993313 ], [ 13.271235148062898, 52.671997708325215 ], [ 13.271401891481265, 52.671945738201593 ], [ 13.271469644225844, 52.672095480993313 ] ] ] } },
{ "type": "Feature", "properties": { "fid": "F_23901" }, "geometry": { "type": "Polygon", "coordinates": [ [ [ 13.295606634418567, 52.674682281353171 ], [ 13.295555470437348, 52.674597308833 ], [ 13.295469031515665, 52.674635909749625 ], [ 13.295606634418567, 52.674682281353171 ] ] ] } },
{ "type": "Feature", "properties": { "fid": "F_24021" }, "geometry": { "type": "Polygon", "coordinates": [ [ [ 13.258113257374081, 52.674340557738127 ], [ 13.258258052058554, 52.674282874136232 ], [ 13.258169824896548, 52.674218868436995 ], [ 13.258113257374081, 52.674340557738127 ] ] ] } },
{ "type": "Feature", "properties": { "fid": "F_24109" }, "geometry": { "type": "Polygon", "coordinates": [ [ [ 13.297965097951419, 52.674680215479164 ], [ 13.298081832140726, 52.674541882797264 ], [ 13.298794876314313, 52.674172657238529 ], [ 13.298741504489074, 52.674083069490059 ], [ 13.297967513079698, 52.6742936739764 ], [ 13.297312837069565, 52.674347784822004 ], [ 13.297312971527788, 52.674545624408694 ], [ 13.297075227382974, 52.674765718147981 ], [ 13.29699257482434, 52.674960645438546 ], [ 13.29675347304509, 52.675023218938328 ], [ 13.296963971145717, 52.675077363425309 ], [ 13.297109856770749, 52.67500182441124 ], [ 13.297190867903524, 52.674783675492122 ], [ 13.297487136158452, 52.674823773866081 ], [ 13.297384638329135, 52.675036169411996 ], [ 13.297749537014608, 52.674952152754202 ], [ 13.297836064335009, 52.674844362556819 ], [ 13.298120320633517, 52.674740114596538 ], [ 13.297965097951419, 52.674680215479164 ] ] ] } },
{ "type": "Feature", "properties": { "fid": "F_24126" }, "geometry": { "type": "Polygon", "coordinates": [ [ [ 13.257687403722425, 52.67314748185936 ], [ 13.257947338297406, 52.673071490008077 ], [ 13.257957715880314, 52.673145027752604 ], [ 13.258349274349222, 52.673234038189754 ], [ 13.258374303588058, 52.673173155801258 ], [ 13.258255944627885, 52.673120857562573 ], [ 13.258432790488071, 52.673137155708247 ], [ 13.258481537326283, 52.673222583890762 ], [ 13.258651572350438, 52.673079593175601 ], [ 13.258714272898189, 52.673144365423333 ], [ 13.258574356381727, 52.673160519657593 ], [ 13.258597004619011, 52.673220101386313 ], [ 13.2588297595636, 52.673317172276533 ], [ 13.258867148817675, 52.673236750305826 ], [ 13.258995731953821, 52.673214669338329 ], [ 13.259103031064399, 52.673081168571471 ], [ 13.25934404018634, 52.673165417558621 ], [ 13.259288205862282, 52.673063115809185 ], [ 13.259428750447464, 52.673031147317552 ], [ 13.259574759598141, 52.673190565110843 ], [ 13.25949517810861, 52.672821202746015 ], [ 13.259682551497219, 52.67264675080677 ], [ 13.259415040264503, 52.672658379835035 ], [ 13.259309639764442, 52.67252396922521 ], [ 13.259305353038528, 52.672631798546441 ], [ 13.259009705530511, 52.672627455204321 ], [ 13.259079881163588, 52.672676759195113 ], [ 13.259026774017254, 52.672707517782634 ], [ 13.258834168414872, 52.672650530980732 ], [ 13.258652365745544, 52.672445543315497 ], [ 13.258401816827135, 52.672428410854188 ], [ 13.258583067829594, 52.67239019410615 ], [ 13.258610093944288, 52.672261942342288 ], [ 13.258538490947178, 52.672248579542625 ], [ 13.25866922293384, 52.672262811264858 ], [ 13.258672081760082, 52.672190925070709 ], [ 13.258166641089627, 52.672338573578401 ], [ 13.257994531905577, 52.672196015895679 ], [ 13.257721164337983, 52.672299045713778 ], [ 13.257473619469547, 52.672155325415829 ], [ 13.257531149952536, 52.672114305833276 ], [ 13.25730633765351, 52.672041459282681 ], [ 13.257394301149972, 52.67193837433539 ], [ 13.257190830947831, 52.671899417829252 ], [ 13.257387904095006, 52.671867967065609 ], [ 13.256929381855178, 52.67175529814542 ], [ 13.257012140984177, 52.671716969017581 ], [ 13.256939747251989, 52.671679940027857 ], [ 13.257021078358513, 52.671545059255365 ], [ 13.256849978232665, 52.671253599125841 ], [ 13.257050811458512, 52.671303950504928 ], [ 13.257074487003967, 52.671208486994409 ], [ 13.25727246455139, 52.671084804989007 ], [ 13.257447167440986, 52.671139879884514 ], [ 13.257584924735607, 52.671039562416169 ], [ 13.257457251352186, 52.670997910762566 ], [ 13.257514208076381, 52.670903078161885 ], [ 13.257637476757727, 52.670929053613307 ], [ 13.257677358921203, 52.671066174269512 ], [ 13.257861687788347, 52.671168680788554 ], [ 13.257887178838665, 52.671100464944693 ], [ 13.25794630623759, 52.671101334214619 ], [ 13.257940586415875, 52.671245106573046 ], [ 13.258058841610618, 52.671246845033437 ], [ 13.258137850463646, 52.671301267772783 ], [ 13.258386463598544, 52.671199856442044 ], [ 13.258467290017204, 52.671056783493043 ], [ 13.258746183619605, 52.671096477399786 ], [ 13.258816352735822, 52.670800752458192 ], [ 13.259111162637694, 52.670848037829586 ], [ 13.259190532115859, 52.670957007836797 ], [ 13.260044517002683, 52.671007938583251 ], [ 13.260049033402861, 52.671185507410705 ], [ 13.259864882845834, 52.671235081166145 ], [ 13.260200105403873, 52.671378450680059 ], [ 13.260062352462736, 52.671545326423661 ], [ 13.259902317793717, 52.671328559928916 ], [ 13.259908858842941, 52.67161500070609 ], [ 13.26049993038418, 52.671574456621961 ], [ 13.260209253168703, 52.671501931159931 ], [ 13.260451041894274, 52.671372580683425 ], [ 13.260531629342388, 52.671229907303335 ], [ 13.260632763029667, 52.671265987874449 ], [ 13.260696039862252, 52.671446737163599 ], [ 13.260803761097375, 52.671372595882026 ], [ 13.26069466217267, 52.670945449216795 ], [ 13.260519582080066, 52.671049226741651 ], [ 13.260668328117974, 52.671137157479258 ], [ 13.260347443364635, 52.67122841562378 ], [ 13.260219418177329, 52.671189359673875 ], [ 13.25997403632665, 52.670790151547273 ], [ 13.259940769708868, 52.670931975224583 ], [ 13.259758492426798, 52.670933687471624 ], [ 13.259701364818705, 52.670855248741567 ], [ 13.259612185621187, 52.670963289910297 ], [ 13.259349312635845, 52.670916246650989 ], [ 13.259342230695804, 52.670637350547587 ], [ 13.260001143609268, 52.67075532468364 ], [ 13.260119250500754, 52.670681494568818 ], [ 13.260416621728153, 52.670693042812147 ], [ 13.260277533064091, 52.670549358146317 ], [ 13.259772151684267, 52.670535492426481 ], [ 13.259306682141336, 52.670310042041152 ], [ 13.258548790421329, 52.67031717084464 ], [ 13.258551889357706, 52.670088840750104 ], [ 13.258229084098248, 52.669943048358398 ], [ 13.257236361445758, 52.669742923636065 ], [ 13.257121823275289, 52.669870713358513 ], [ 13.257001117344592, 52.669704958033662 ], [ 13.255370886663465, 52.669419471733512 ], [ 13.254384807347803, 52.66934857853316 ], [ 13.254494659794796, 52.669413539032931 ], [ 13.254492290785647, 52.669508436818525 ], [ 13.253963839122513, 52.669393249304726 ], [ 13.255291780092419, 52.669818547917323 ], [ 13.255897875870781, 52.669661048610152 ], [ 13.256165856674752, 52.669697356343967 ], [ 13.25630738215642, 52.669793564452632 ], [ 13.256159163193528, 52.669924195242821 ], [ 13.256230762614429, 52.669937557814428 ], [ 13.25610003743973, 52.669923325094871 ], [ 13.256094311801641, 52.67006709734094 ], [ 13.256330815610584, 52.670070577773807 ], [ 13.256260648187144, 52.670021270564376 ], [ 13.25631375304388, 52.669990513178682 ], [ 13.256775679502011, 52.670164064660248 ], [ 13.256839616538484, 52.670221165165543 ], [ 13.256807371416038, 52.670309124925836 ], [ 13.256891856202163, 52.670347842095936 ], [ 13.256791285816194, 52.670416043108837 ], [ 13.256676120122014, 52.670313199726628 ], [ 13.256633491813599, 52.670406592051144 ], [ 13.256395174012193, 52.670381855865053 ], [ 13.256353692936102, 52.6705541285626 ], [ 13.256230570318884, 52.67062422854373 ], [ 13.256168596868768, 52.670475051221793 ], [ 13.255876113554468, 52.670520777802544 ], [ 13.255750435223522, 52.670627100681827 ], [ 13.2559400538501, 52.670612911157747 ], [ 13.255905023195531, 52.67073630320666 ], [ 13.255736519498914, 52.670718615447605 ], [ 13.255709489675374, 52.670816679892454 ], [ 13.25578109040578, 52.670830042745195 ], [ 13.255727983246366, 52.670860799862751 ], [ 13.255410990952821, 52.670884213771792 ], [ 13.255354728054726, 52.670811457155466 ], [ 13.255076119148486, 52.67078612345405 ], [ 13.254804579549322, 52.67093901102956 ], [ 13.25433462357797, 52.671051325707417 ], [ 13.25427654222708, 52.671207180385714 ], [ 13.254523603338754, 52.671070931554411 ], [ 13.254388705245388, 52.67145152038789 ], [ 13.254118417650519, 52.671383741220211 ], [ 13.25393347225082, 52.67144621760022 ], [ 13.253957400654292, 52.671591919360878 ], [ 13.253780681079553, 52.671673746131638 ], [ 13.253588011967166, 52.671656296280545 ], [ 13.253524069955741, 52.67155125567232 ], [ 13.253756602109116, 52.671572330524221 ], [ 13.253857923008537, 52.671256943489901 ], [ 13.253786323164825, 52.671243577842993 ], [ 13.253945616649192, 52.671214807212607 ], [ 13.253895107632639, 52.671129632071903 ], [ 13.253387151869353, 52.671193598985738 ], [ 13.253062491529279, 52.671117360047006 ], [ 13.252793628826378, 52.671241255378867 ], [ 13.252911883686881, 52.671242998974066 ], [ 13.252907581409515, 52.671350827951834 ], [ 13.252848453832321, 52.671349956165585 ], [ 13.252946496770019, 52.671403959527957 ], [ 13.252818248043759, 52.67151477318 ], [ 13.253333134180144, 52.671450628220818 ], [ 13.253390285826558, 52.671537975311104 ], [ 13.253201397267228, 52.671768747118946 ], [ 13.253346636258424, 52.67186641777549 ], [ 13.253515053678427, 52.671801571670763 ], [ 13.25356217007929, 52.671929458695644 ], [ 13.253652628910956, 52.671850942678134 ], [ 13.253910371866013, 52.67193314956598 ], [ 13.25396096779461, 52.671965433958412 ], [ 13.253768930896452, 52.672036112865399 ], [ 13.253549710931429, 52.672006418280333 ], [ 13.253574734241791, 52.672094607691314 ], [ 13.254344880504087, 52.672413916652445 ], [ 13.254429439203642, 52.672380830773427 ], [ 13.254309052929235, 52.672325637945612 ], [ 13.254420148360305, 52.672224773279424 ], [ 13.254550837800357, 52.672369781670582 ], [ 13.254733239964022, 52.672303104446812 ], [ 13.254994487440712, 52.672363795035714 ], [ 13.254962300810137, 52.672250406351104 ], [ 13.2551761713509, 52.672258578040065 ], [ 13.255183140124553, 52.672124588416885 ], [ 13.255298309650703, 52.672227433270635 ], [ 13.255539894687331, 52.672093876821812 ], [ 13.255477693868601, 52.672179904215788 ], [ 13.255622157410707, 52.672208687381108 ], [ 13.255445654837908, 52.672296684688497 ], [ 13.255605261825322, 52.672313047731308 ], [ 13.255684207959565, 52.672273679995953 ], [ 13.255592795200515, 52.67204947215231 ], [ 13.255723029989362, 52.671961953672927 ], [ 13.255843181729206, 52.672050997906346 ], [ 13.256095261583839, 52.672037252765669 ], [ 13.256145859263583, 52.672069536239427 ], [ 13.256092190273238, 52.672104938813874 ], [ 13.256246968062156, 52.672155437430455 ], [ 13.256004126598327, 52.672331509695915 ], [ 13.256800839311465, 52.672245629809254 ], [ 13.256619384799944, 52.672283876512786 ], [ 13.256653114707518, 52.672377023588425 ], [ 13.256829071034288, 52.672415576261123 ], [ 13.256850787291977, 52.672338153841125 ], [ 13.256960711887515, 52.672405887591587 ], [ 13.256827640098649, 52.67245151932174 ], [ 13.257100928120858, 52.672470360396552 ], [ 13.257072219091086, 52.672540215103773 ], [ 13.256727986532836, 52.672607220140364 ], [ 13.256675174059232, 52.672702006870885 ], [ 13.256796239361471, 52.672755504425723 ], [ 13.256633079338943, 52.67288022637085 ], [ 13.256585921782856, 52.673031729191898 ], [ 13.256662676135262, 52.673083380817367 ], [ 13.25697519772506, 52.672872193565972 ], [ 13.257139403999421, 52.673084792172091 ], [ 13.257093621394734, 52.673153552853336 ], [ 13.25722638613834, 52.673164356064106 ], [ 13.257092675661724, 52.67322487009303 ], [ 13.256985075127664, 52.673128793294083 ], [ 13.256931484124847, 52.673324069082078 ], [ 13.256090890654864, 52.673123997103581 ], [ 13.25634483212616, 52.673363941110289 ], [ 13.256579715827966, 52.673395089062616 ], [ 13.256273217291136, 52.673468339254704 ], [ 13.256725579978278, 52.673528941148504 ], [ 13.256722717818949, 52.673600827251946 ], [ 13.256825345563708, 52.673486559431545 ], [ 13.256957118159978, 52.673580726060017 ], [ 13.256843896522339, 52.673625825004699 ], [ 13.257156580457073, 52.673891795100076 ], [ 13.257220846976116, 52.673714658286912 ], [ 13.257413717334719, 52.673799854445825 ], [ 13.257277479899662, 52.67392054626189 ], [ 13.257388417114406, 52.674091111747309 ], [ 13.257690432484878, 52.673902965114124 ], [ 13.25792169581703, 52.674060073616829 ], [ 13.258941081913616, 52.674422964733253 ], [ 13.2590172446019, 52.674556420885011 ], [ 13.259170484308621, 52.674535914186791 ], [ 13.258593586216374, 52.67413918960861 ], [ 13.258787733615142, 52.673976271105104 ], [ 13.258462210274274, 52.674074936359069 ], [ 13.258153824574785, 52.674036142465887 ], [ 13.256886172245924, 52.673386796311355 ], [ 13.257124644539427, 52.673341275912314 ], [ 13.257230624595758, 52.673240771879044 ], [ 13.25724100100696, 52.673314309674346 ], [ 13.257359902931453, 52.673299938778577 ], [ 13.257516380245406, 52.673445094740437 ], [ 13.257656815893418, 52.673466406133102 ], [ 13.257605971637034, 52.673311053945525 ], [ 13.257740812977833, 52.673292123545558 ], [ 13.257687403722425, 52.67314748185936 ] ], [ [ 13.257687403722425, 52.67314748185936 ], [ 13.257453203377398, 52.673231630371916 ], [ 13.257272024943456, 52.673115488826767 ], [ 13.257124016883003, 52.672811637935091 ], [ 13.257284514964075, 52.672792223853378 ], [ 13.257458035398077, 52.672964288648714 ], [ 13.257413017454354, 52.67276814206005 ], [ 13.257697415521223, 52.672895880344612 ], [ 13.257740813009883, 52.672719683202303 ], [ 13.257902509075423, 52.67271118993407 ], [ 13.258036914436087, 52.672888719658808 ], [ 13.257845383679651, 52.672990284118804 ], [ 13.257317894187207, 52.672996206962807 ], [ 13.257332622849678, 52.673142264882415 ], [ 13.257823416257494, 52.673027609974412 ], [ 13.257687403722425, 52.67314748185936 ] ], [ [ 13.258867148817675, 52.673236750305826 ], [ 13.258771141917398, 52.673220254508443 ], [ 13.258812306550976, 52.673128052189135 ], [ 13.258737290508064, 52.673108967846659 ], [ 13.25881373589289, 52.673092109094746 ], [ 13.258971417906277, 52.673145701771581 ], [ 13.258867148817675, 52.673236750305826 ] ], [ [ 13.25881373589289, 52.673092109094746 ], [ 13.258633720817061, 52.673037098161586 ], [ 13.258959695850514, 52.672906547969973 ], [ 13.258984166278253, 52.673078334020325 ], [ 13.25881373589289, 52.673092109094746 ] ], [ [ 13.259288205862282, 52.673063115809185 ], [ 13.259086868828222, 52.673039770191494 ], [ 13.259035285807268, 52.67283746941078 ], [ 13.259194416477614, 52.67279463974964 ], [ 13.259327220353024, 52.672972601022977 ], [ 13.259288205862282, 52.673063115809185 ] ], [ [ 13.257887178838665, 52.671100464944693 ], [ 13.25775639872041, 52.670981148432823 ], [ 13.257956099689981, 52.67091577372836 ], [ 13.258029441372951, 52.671038635797913 ], [ 13.257887178838665, 52.671100464944693 ] ], [ [ 13.258058841610618, 52.671246845033437 ], [ 13.258090410504957, 52.671167057158314 ], [ 13.25819987337265, 52.671202504959304 ], [ 13.258058841610618, 52.671246845033437 ] ], [ [ 13.259415039111085, 52.672849194326183 ], [ 13.259388101752563, 52.672930525099858 ], [ 13.259337388131632, 52.672868055221556 ], [ 13.259415039111085, 52.672849194326183 ] ], [ [ 13.258592897400774, 52.672729222944803 ], [ 13.258427645385753, 52.672677115408469 ], [ 13.258492263930702, 52.672524724871671 ], [ 13.258659216946562, 52.672514412936536 ], [ 13.258758746477657, 52.672681241981508 ], [ 13.258592897400774, 52.672729222944803 ] ], [ [ 13.258701211438437, 52.670695313024758 ], [ 13.258594118918486, 52.670500834938501 ], [ 13.258742119217388, 52.670429713006577 ], [ 13.258701211438437, 52.670695313024758 ] ], [ [ 13.258210044985006, 52.671026293357478 ], [ 13.258140149930176, 52.67093700635354 ], [ 13.258439926482719, 52.670916459009376 ], [ 13.258210044985006, 52.671026293357478 ] ], [ [ 13.258343779741875, 52.67241168306829 ], [ 13.2582930682051, 52.672349212755691 ], [ 13.258370718693225, 52.672330352539063 ], [ 13.258343779741875, 52.67241168306829 ] ], [ [ 13.258176692058386, 52.670884054465184 ], [ 13.258051661690832, 52.670819893940887 ], [ 13.258313937498762, 52.670783061333388 ], [ 13.258176692058386, 52.670884054465184 ] ], [ [ 13.257447057824114, 52.670266818819073 ], [ 13.257371967706099, 52.670241339871282 ], [ 13.25742614721683, 52.670146202506153 ], [ 13.257447057824114, 52.670266818819073 ] ], [ [ 13.257447057824114, 52.670266818819073 ], [ 13.257962558429888, 52.670112998995833 ], [ 13.258305477570982, 52.670297421452013 ], [ 13.258123612388287, 52.670367289926517 ], [ 13.257897183265547, 52.670292102661612 ], [ 13.257819800631292, 52.670578363451625 ], [ 13.257728196068236, 52.670575892718134 ], [ 13.257414447262653, 52.670320459940314 ], [ 13.257447057824114, 52.670266818819073 ] ], [ [ 13.257917987281459, 52.66999675873204 ], [ 13.25810888501332, 52.669988836684801 ], [ 13.25808684352673, 52.670103252559535 ], [ 13.257917987281459, 52.66999675873204 ] ], [ [ 13.257711717833246, 52.672536449588279 ], [ 13.257546615840491, 52.672629796358329 ], [ 13.257330950893548, 52.672577104016035 ], [ 13.257711717833246, 52.672536449588279 ] ], [ [ 13.257711717833246, 52.672536449588279 ], [ 13.257975722136067, 52.67238275974838 ], [ 13.258048744537005, 52.672524123743884 ], [ 13.257870801512723, 52.672696359759961 ], [ 13.257711717833246, 52.672536449588279 ] ], [ [ 13.257758586935109, 52.670933434425287 ], [ 13.257651353048244, 52.670745504046991 ], [ 13.257845211780326, 52.670668278573338 ], [ 13.257758586935109, 52.670933434425287 ] ], [ [ 13.257279616585617, 52.672661641442524 ], [ 13.25754829352811, 52.672698343580784 ], [ 13.257458890713398, 52.672764180649686 ], [ 13.257279616585617, 52.672661641442524 ] ], [ [ 13.25754005127734, 52.672390068993877 ], [ 13.257491349250788, 52.67249483935759 ], [ 13.257335862736655, 52.672453690116342 ], [ 13.25754005127734, 52.672390068993877 ] ], [ [ 13.257165841560887, 52.672225730152611 ], [ 13.257369816344823, 52.672207745084904 ], [ 13.25725770682449, 52.672291755848427 ], [ 13.257165841560887, 52.672225730152611 ] ], [ [ 13.257315484427417, 52.670350807356989 ], [ 13.257189392115134, 52.670421566524631 ], [ 13.257068329926847, 52.670256735119239 ], [ 13.257271109522728, 52.670228267119953 ], [ 13.257315484427417, 52.670350807356989 ] ], [ [ 13.257265437290512, 52.672612158416847 ], [ 13.257112191244669, 52.672648256888827 ], [ 13.257297812594691, 52.672530363145746 ], [ 13.257265437290512, 52.672612158416847 ] ], [ [ 13.257021728751724, 52.670548276248326 ], [ 13.257086833832618, 52.67063297985684 ], [ 13.256997784304154, 52.670667896998928 ], [ 13.256913269226912, 52.670559939094517 ], [ 13.257021728751724, 52.670548276248326 ] ], [ [ 13.256997873679683, 52.672633843991207 ], [ 13.257048960235634, 52.672718832520864 ], [ 13.256911405338167, 52.672672416533715 ], [ 13.256997873679683, 52.672633843991207 ] ], [ [ 13.256868148502171, 52.671977838497767 ], [ 13.256831613778161, 52.671852462731131 ], [ 13.25704876793603, 52.671854620945965 ], [ 13.256965929946203, 52.671950056017465 ], [ 13.257037532922995, 52.671963418127675 ], [ 13.256868148502171, 52.671977838497767 ] ], [ [ 13.256868672475742, 52.669934634718402 ], [ 13.256966890512087, 52.670061935852281 ], [ 13.256920644606756, 52.670115219868741 ], [ 13.256992244581697, 52.67012858198445 ], [ 13.256802392538614, 52.670113480298703 ], [ 13.256809546685538, 52.669933764924252 ], [ 13.256868672475742, 52.669934634718402 ] ], [ [ 13.256868672475742, 52.669934634718402 ], [ 13.25679953086137, 52.669844673100748 ], [ 13.256951739819462, 52.669815882045476 ], [ 13.257036571501404, 52.669924267152162 ], [ 13.256868672475742, 52.669934634718402 ] ], [ [ 13.256691812507432, 52.671394514151437 ], [ 13.256831825257294, 52.671494122532451 ], [ 13.256631193851842, 52.671441634106792 ], [ 13.256615706414344, 52.671563979262991 ], [ 13.256546523456775, 52.671475369091141 ], [ 13.256691812507432, 52.671394514151437 ] ], [ [ 13.256650001016704, 52.671382063168522 ], [ 13.25655868332564, 52.671277709133861 ], [ 13.25669747662222, 52.671262788683933 ], [ 13.256764753596489, 52.671350317094934 ], [ 13.256650001016704, 52.671382063168522 ] ], [ [ 13.256540664105524, 52.671783980735 ], [ 13.256739432776291, 52.671694975327995 ], [ 13.256713356809493, 52.671811931657814 ], [ 13.256540664105524, 52.671783980735 ] ], [ [ 13.25659852794954, 52.671666736474783 ], [ 13.256547819758246, 52.671604265436514 ], [ 13.256625469643044, 52.671585406356414 ], [ 13.25659852794954, 52.671666736474783 ] ], [ [ 13.2565474447675, 52.671711607340683 ], [ 13.256456874727355, 52.671774826968594 ], [ 13.256365556702599, 52.671670472788641 ], [ 13.2565474447675, 52.671711607340683 ] ], [ [ 13.256391820116034, 52.671510040326879 ], [ 13.256451757371456, 52.671595055110835 ], [ 13.256191752273054, 52.671524269441306 ], [ 13.256391820116034, 52.671510040326879 ] ], [ [ 13.256213896647946, 52.671190731228911 ], [ 13.256305286929649, 52.671222388658705 ], [ 13.256332121204734, 52.671345005340569 ], [ 13.256092367703435, 52.671252197910299 ], [ 13.256213896647946, 52.671190731228911 ] ], [ [ 13.256203372391633, 52.671417865681008 ], [ 13.256137086970933, 52.67148240827121 ], [ 13.256052572504462, 52.671374449771861 ], [ 13.256203372391633, 52.671417865681008 ] ], [ [ 13.256176649834648, 52.670665245200063 ], [ 13.256032328671306, 52.670706988719488 ], [ 13.255993175510826, 52.670622033203109 ], [ 13.256176649834648, 52.670665245200063 ] ], [ [ 13.256059873080648, 52.671015635439375 ], [ 13.255916546385338, 52.670912640826529 ], [ 13.256120515503142, 52.670894657857524 ], [ 13.256059873080648, 52.671015635439375 ] ], [ [ 13.255769434053683, 52.671800674176431 ], [ 13.255684919903683, 52.671692715422928 ], [ 13.255793382542507, 52.671681053730104 ], [ 13.255835720504248, 52.671736131804003 ], [ 13.255769434053683, 52.671800674176431 ] ], [ [ 13.255625528927085, 52.67094029875912 ], [ 13.255807413253219, 52.670981434420028 ], [ 13.255716843692507, 52.671044653493524 ], [ 13.255625528927085, 52.67094029875912 ] ], [ [ 13.255380917893341, 52.671639017619817 ], [ 13.255359200386058, 52.671716438127824 ], [ 13.255249280008593, 52.671648702920194 ], [ 13.255461669658899, 52.671557566284662 ], [ 13.255640009736599, 52.671614875455553 ], [ 13.255380917893341, 52.671639017619817 ] ], [ [ 13.255140246318563, 52.671214351939987 ], [ 13.255281279882231, 52.671170016995916 ], [ 13.255249703177556, 52.671249804038794 ], [ 13.255140246318563, 52.671214351939987 ] ], [ [ 13.254949832369965, 52.672064239451508 ], [ 13.254791360561457, 52.67217668172669 ], [ 13.254518180126235, 52.672178083172582 ], [ 13.254833341626687, 52.672026874756902 ], [ 13.254949832369965, 52.672064239451508 ] ], [ [ 13.254949832369965, 52.672064239451508 ], [ 13.254824326101367, 52.671773975147808 ], [ 13.25502218251482, 52.671804020082504 ], [ 13.254954129730557, 52.671956410369539 ], [ 13.255214312844446, 52.67197235794972 ], [ 13.255072746065228, 52.672097762840714 ], [ 13.254949832369965, 52.672064239451508 ] ], [ [ 13.255095870087382, 52.671757393561471 ], [ 13.254941649799093, 52.671663209193085 ], [ 13.255145838009863, 52.671599592186425 ], [ 13.255190820690197, 52.671723845549856 ], [ 13.255095870087382, 52.671757393561471 ] ], [ [ 13.255081377568851, 52.671365384889143 ], [ 13.255015090590096, 52.671429926838741 ], [ 13.254930579006874, 52.671321967562818 ], [ 13.255081377568851, 52.671365384889143 ] ], [ [ 13.254984210489621, 52.67120160673359 ], [ 13.254957266008942, 52.67128293645974 ], [ 13.254906560607354, 52.671220464739086 ], [ 13.254984210489621, 52.67120160673359 ] ], [ [ 13.254659453387236, 52.671402405840766 ], [ 13.254860225657399, 52.671343637327311 ], [ 13.2548293828014, 52.671461909813601 ], [ 13.254659453387236, 52.671402405840766 ] ], [ [ 13.25481255827356, 52.671055222279236 ], [ 13.254777466038679, 52.67113911874177 ], [ 13.254612492060868, 52.671069448741619 ], [ 13.25481255827356, 52.671055222279236 ] ], [ [ 13.25465731030747, 52.67203703111722 ], [ 13.254579645035841, 52.67190692150583 ], [ 13.254661352841911, 52.67188017016862 ], [ 13.254735085804022, 52.671982491415392 ], [ 13.25465731030747, 52.67203703111722 ] ], [ [ 13.254619417081418, 52.671447982976218 ], [ 13.254558769727529, 52.671568959736838 ], [ 13.254415444824309, 52.671465963332253 ], [ 13.254619417081418, 52.671447982976218 ] ], [ [ 13.254222211686274, 52.671927892175709 ], [ 13.254423406591432, 52.671912629339772 ], [ 13.254475857314365, 52.67199040469837 ], [ 13.254379208830597, 52.672069864583193 ], [ 13.254222211686274, 52.671927892175709 ] ], [ [ 13.254420265115701, 52.671644326657002 ], [ 13.254329692183434, 52.671707544634494 ], [ 13.254238379403054, 52.671603188858803 ], [ 13.254420265115701, 52.671644326657002 ] ], [ [ 13.254237423229947, 52.672125674223864 ], [ 13.254304696539835, 52.672213203988562 ], [ 13.254189939955769, 52.672244947640586 ], [ 13.254098626419966, 52.672140591759515 ], [ 13.254237423229947, 52.672125674223864 ] ], [ [ 13.254136363398159, 52.671692615784778 ], [ 13.254138455580986, 52.67181620305729 ], [ 13.253931855206817, 52.671724002079152 ], [ 13.254136363398159, 52.671692615784778 ] ], [ [ 13.254013807622954, 52.671798702434003 ], [ 13.253953158094721, 52.671919678859261 ], [ 13.253809833504222, 52.671816681730348 ], [ 13.254013807622954, 52.671798702434003 ] ], [ [ 13.253206087044285, 52.671283300444564 ], [ 13.25306973409508, 52.671363349981021 ], [ 13.253007047999242, 52.671298576520044 ], [ 13.253178359786842, 52.671236829117255 ], [ 13.25340503905392, 52.671305373077644 ], [ 13.253229401449909, 52.671442181340176 ], [ 13.253206087044285, 52.671283300444564 ] ] ] } },
{ "type": "Feature", "properties": { "fid": "F_24247" }, "geometry": { "type": "Polygon", "coordinates": [ [ [ 13.295377818986598, 52.674929174556986 ], [ 13.295430207022521, 52.674775326589177 ], [ 13.294673655820461, 52.675267339312306 ], [ 13.294941048732815, 52.675235099050568 ], [ 13.295377818986598, 52.674929174556986 ] ] ] } },
{ "type": "Feature", "properties": { "fid": "F_24254" }, "geometry": { "type": "Polygon", "coordinates": [ [ [ 13.251118141404691, 52.671998758787453 ], [ 13.250314067476856, 52.671867440915882 ], [ 13.250310781908743, 52.671977496930303 ], [ 13.249696019046011, 52.671770967388476 ], [ 13.249465281342582, 52.671787085806443 ], [ 13.249305797825537, 52.671927392148177 ], [ 13.249069442416754, 52.671970189190098 ], [ 13.249701271636697, 52.672364804090769 ], [ 13.253960093688887, 52.674338139920138 ], [ 13.254515284315657, 52.674700849549261 ], [ 13.254784329475676, 52.674510733584967 ], [ 13.254701411462678, 52.674072409803728 ], [ 13.254451752709796, 52.67373929611491 ], [ 13.25335453393121, 52.673071560762239 ], [ 13.252749767851052, 52.672814969099264 ], [ 13.252570961727949, 52.672640098542693 ], [ 13.251118141404691, 52.671998758787453 ] ] ] } },
{ "type": "Feature", "properties": { "fid": "F_24307" }, "geometry": { "type": "Polygon", "coordinates": [ [ [ 13.259228187310574, 52.674572725949304 ], [ 13.25926501907519, 52.674629863685787 ], [ 13.259026731597965, 52.674663328650858 ], [ 13.258925380078795, 52.674748097739716 ], [ 13.258996988237309, 52.674761458704111 ], [ 13.258850583471133, 52.674777886738539 ], [ 13.2588139582145, 52.674867030520133 ], [ 13.259242606214737, 52.67485422217645 ], [ 13.259655947144797, 52.67473408600339 ], [ 13.259228187310574, 52.674572725949304 ] ] ] } },
{ "type": "Feature", "properties": { "fid": "F_24616" }, "geometry": { "type": "Polygon", "coordinates": [ [ [ 13.249855176941367, 52.675189911502677 ], [ 13.249932836904476, 52.67517105691217 ], [ 13.249882133511758, 52.675108581445095 ], [ 13.249855176941367, 52.675189911502677 ] ] ] } },
{ "type": "Feature", "properties": { "fid": "F_24934" }, "geometry": { "type": "Polygon", "coordinates": [ [ [ 13.282364499266897, 52.676025222503114 ], [ 13.28247222967574, 52.676114375868579 ], [ 13.282818136399959, 52.676087269490353 ], [ 13.282638569189976, 52.675826072064297 ], [ 13.282287561812035, 52.675914037911618 ], [ 13.28244252763853, 52.67599038949789 ], [ 13.282364499266897, 52.676025222503114 ] ] ] } },
{ "type": "Feature", "properties": { "fid": "F_25100" }, "geometry": { "type": "Polygon", "coordinates": [ [ [ 13.250189861547344, 52.675698351815647 ], [ 13.250295803850426, 52.675824454322722 ], [ 13.250349695306619, 52.67554809260416 ], [ 13.250201017653719, 52.675395682752153 ], [ 13.250189861547344, 52.675698351815647 ] ] ] } },
{ "type": "Feature", "properties": { "fid": "F_25117" }, "geometry": { "type": "Polygon", "coordinates": [ [ [ 13.250662928545003, 52.675705336288409 ], [ 13.250345298567723, 52.675843922834936 ], [ 13.250625190505264, 52.675822997192036 ], [ 13.250662928545003, 52.675705336288409 ] ] ] } },
{ "type": "Feature", "properties": { "fid": "F_25183" }, "geometry": { "type": "Polygon", "coordinates": [ [ [ 13.284001193019176, 52.676205098909399 ], [ 13.284073774961096, 52.676193841092008 ], [ 13.2838980945995, 52.675997990844195 ], [ 13.283645073015494, 52.675924926679201 ], [ 13.283469383474433, 52.675768463349101 ], [ 13.283404192897137, 52.67581229782612 ], [ 13.283249469897166, 52.675697723398187 ], [ 13.283238071818829, 52.675802340841614 ], [ 13.282998160443714, 52.675793579793023 ], [ 13.282974606827535, 52.67593077202153 ], [ 13.283055857301481, 52.6759909356214 ], [ 13.283285257133095, 52.675983072494859 ], [ 13.283672646704169, 52.676277257081473 ], [ 13.284177859110635, 52.676427777632931 ], [ 13.284351281653155, 52.676393377393964 ], [ 13.284001193019176, 52.676205098909399 ] ] ] } },
{ "type": "Feature", "properties": { "fid": "F_25250" }, "geometry": { "type": "Polygon", "coordinates": [ [ [ 13.250693904515725, 52.676039602034635 ], [ 13.250771142774369, 52.675958682579946 ], [ 13.250631215429458, 52.675974827338472 ], [ 13.250693904515725, 52.676039602034635 ] ] ] } },
{ "type": "Feature", "properties": { "fid": "F_25252" }, "geometry": { "type": "Polygon", "coordinates": [ [ [ 13.250189861547344, 52.675698351815647 ], [ 13.249453323529385, 52.675676603614377 ], [ 13.24992174368302, 52.675390031936729 ], [ 13.250000654852288, 52.675426616514322 ], [ 13.24998246839599, 52.675532114391451 ], [ 13.250097446779806, 52.6754788306188 ], [ 13.250177391799086, 52.675355805503244 ], [ 13.250131424811979, 52.675217820869506 ], [ 13.249996163427673, 52.675169303712003 ], [ 13.250009316564228, 52.675312214680844 ], [ 13.249876205130539, 52.675354817121125 ], [ 13.249855176941367, 52.675189911502677 ], [ 13.249596653154294, 52.675229940797038 ], [ 13.249593390610123, 52.675130552226726 ], [ 13.249300296948361, 52.675064462898575 ], [ 13.249425772283052, 52.674949801922189 ], [ 13.249245995367472, 52.674809101451046 ], [ 13.249269444325257, 52.674673159971533 ], [ 13.249153859853241, 52.674587477945607 ], [ 13.248960137211043, 52.674657561202444 ], [ 13.248802250002255, 52.674600913053254 ], [ 13.248698205950848, 52.674708059176808 ], [ 13.248771196667871, 52.674869536534025 ], [ 13.248950480010492, 52.674921372088363 ], [ 13.249003705831434, 52.675499762256955 ], [ 13.248802767477894, 52.67555073916656 ], [ 13.248681105121442, 52.675752381424005 ], [ 13.248733816110727, 52.675804051628056 ], [ 13.248971832654316, 52.67587661614467 ], [ 13.2490717669184, 52.676022159480439 ], [ 13.249255745813196, 52.675848376597898 ], [ 13.250189861547344, 52.675698351815647 ] ], [ [ 13.248948061605869, 52.675680008595215 ], [ 13.248921102994412, 52.675761336769476 ], [ 13.248870401228048, 52.675698862540692 ], [ 13.248948061605869, 52.675680008595215 ] ], [ [ 13.249403840864014, 52.675474838203279 ], [ 13.249490321284517, 52.675436271261361 ], [ 13.249541396334727, 52.67552126289177 ], [ 13.249403840864014, 52.675474838203279 ] ], [ [ 13.249529342040345, 52.675434002857529 ], [ 13.249605692603367, 52.675350383164613 ], [ 13.249740763494007, 52.675416315333841 ], [ 13.249529342040345, 52.675434002857529 ] ], [ [ 13.249356028076374, 52.675271060401151 ], [ 13.249615772307676, 52.675258303725101 ], [ 13.249525766708885, 52.675342441150953 ], [ 13.249356028076374, 52.675271060401151 ] ], [ [ 13.24912977146924, 52.675077834168555 ], [ 13.249269599558716, 52.675037405048514 ], [ 13.249243580639062, 52.675142242731681 ], [ 13.24912977146924, 52.675077834168555 ] ] ] } },
{ "type": "Feature", "properties": { "fid": "F_25387" }, "geometry": { "type": "Polygon", "coordinates": [ [ [ 13.295304746401968, 52.676811153688384 ], [ 13.295232165199057, 52.676822420031669 ], [ 13.295258025811442, 52.676879476782936 ], [ 13.295816220203998, 52.676678711658738 ], [ 13.29634423282854, 52.676627984249208 ], [ 13.296615676268125, 52.676492492219531 ], [ 13.296743194536074, 52.676295926663983 ], [ 13.295415513282848, 52.676288407644257 ], [ 13.295000761379628, 52.676377303367879 ], [ 13.294741137336519, 52.676572967671852 ], [ 13.295304746401968, 52.676811153688384 ] ] ] } },
{ "type": "Feature", "properties": { "fid": "F_25500" }, "geometry": { "type": "Polygon", "coordinates": [ [ [ 13.284605788697116, 52.67672059684574 ], [ 13.284907448719567, 52.676743718321816 ], [ 13.284784249170112, 52.676613004206772 ], [ 13.284245492808466, 52.676468286726177 ], [ 13.284375800439728, 52.676721358483299 ], [ 13.284592272568647, 52.676865012084406 ], [ 13.284605788697116, 52.67672059684574 ] ] ] } },
{ "type": "Feature", "properties": { "fid": "F_25631" }, "geometry": { "type": "Polygon", "coordinates": [ [ [ 13.248665503734857, 52.676550105013938 ], [ 13.248622200395484, 52.676430439759663 ], [ 13.248477387089009, 52.676488109764463 ], [ 13.248665503734857, 52.676550105013938 ] ] ] } },
{ "type": "Feature", "properties": { "fid": "F_25824" }, "geometry": { "type": "Polygon", "coordinates": [ [ [ 13.244282077716353, 52.676310635484803 ], [ 13.244045329392726, 52.676279312649697 ], [ 13.243761087556408, 52.676110329077034 ], [ 13.243919152036968, 52.676037160880995 ], [ 13.243814545500303, 52.675983647674187 ], [ 13.243760882635065, 52.675764697843761 ], [ 13.243862609209694, 52.67560475306135 ], [ 13.243216458683676, 52.675719065223987 ], [ 13.243115752165519, 52.675638689863341 ], [ 13.242965720047279, 52.675747026550468 ], [ 13.2430350208252, 52.676073013445446 ], [ 13.243169622409384, 52.676220288099785 ], [ 13.243685689845584, 52.676409339684042 ], [ 13.243749167943214, 52.676749868336728 ], [ 13.244327483282298, 52.676813419580967 ], [ 13.244310515724143, 52.676709929309808 ], [ 13.24438771561001, 52.676674195755339 ], [ 13.244282077716353, 52.676310635484803 ] ], [ [ 13.243928613027988, 52.676413905097689 ], [ 13.244067426606403, 52.676398999631864 ], [ 13.244051162631928, 52.676491898524759 ], [ 13.243976385729562, 52.676517623639036 ], [ 13.243928613027988, 52.676413905097689 ] ], [ [ 13.243288233535147, 52.676152664475943 ], [ 13.243470127366376, 52.676193819126446 ], [ 13.243379529252994, 52.676257028469308 ], [ 13.243288233535147, 52.676152664475943 ] ], [ [ 13.243225780352324, 52.676007355169553 ], [ 13.243493390577227, 52.675958922381909 ], [ 13.243448159524986, 52.676083529418712 ], [ 13.243225780352324, 52.676007355169553 ] ], [ [ 13.243601779861699, 52.675764745558048 ], [ 13.243679442545302, 52.675745895086344 ], [ 13.243652474130952, 52.675827221976199 ], [ 13.243601779861699, 52.675764745558048 ] ] ] } },
{ "type": "Feature", "properties": { "fid": "F_26000" }, "geometry": { "type": "Polygon", "coordinates": [ [ [ 13.300084790922313, 52.677945212694631 ], [ 13.300161942046353, 52.677864260344784 ], [ 13.300022025504793, 52.677880463521113 ], [ 13.300084790922313, 52.677945212694631 ] ] ] } },
{ "type": "Feature", "properties": { "fid": "F_26022" }, "geometry": { "type": "Polygon", "coordinates": [ [ [ 13.30435655963848, 52.678032245079194 ], [ 13.304295791154338, 52.677872839627696 ], [ 13.304194983188085, 52.677975845150421 ], [ 13.30435655963848, 52.678032245079194 ] ] ] } },
{ "type": "Feature", "properties": { "fid": "F_26025" }, "geometry": { "type": "Polygon", "coordinates": [ [ [ 13.301336422669614, 52.677992891244926 ], [ 13.301402442745418, 52.677918011419543 ], [ 13.301204575181529, 52.677930312252258 ], [ 13.301336422669614, 52.677992891244926 ] ] ] } },
{ "type": "Feature", "properties": { "fid": "F_26296" }, "geometry": { "type": "Polygon", "coordinates": [ [ [ 13.256912941176553, 52.67773949615156 ], [ 13.256892265271624, 52.677656481661984 ], [ 13.256838628281427, 52.677718856467912 ], [ 13.256912941176553, 52.67773949615156 ] ] ] } },
{ "type": "Feature", "properties": { "fid": "F_26503" }, "geometry": { "type": "Polygon", "coordinates": [ [ [ 13.247565122467767, 52.677709520845369 ], [ 13.247493514126537, 52.67769615133561 ], [ 13.247605438842495, 52.677688675537304 ], [ 13.247742384239983, 52.677518378315817 ], [ 13.247865118176527, 52.677606064453414 ], [ 13.247981392827109, 52.677587710163557 ], [ 13.247640084674492, 52.677315023952254 ], [ 13.247741573343815, 52.67712175939711 ], [ 13.248417309606847, 52.677049864260212 ], [ 13.248383681323944, 52.67693137800962 ], [ 13.248759699801662, 52.676813062374393 ], [ 13.248786663602026, 52.676756547461501 ], [ 13.248595430177213, 52.676719354062271 ], [ 13.248710418031806, 52.676664104418933 ], [ 13.248700741782839, 52.676588188484281 ], [ 13.248470031991962, 52.676599036791259 ], [ 13.248414213121496, 52.676515291086126 ], [ 13.247893331635925, 52.676539796347093 ], [ 13.247608285443706, 52.676631235205534 ], [ 13.247511271223802, 52.676644849974259 ], [ 13.247477174308663, 52.676797982420048 ], [ 13.247319572610367, 52.676860732273894 ], [ 13.247409426919114, 52.676900429503512 ], [ 13.24736336559795, 52.677012470935061 ], [ 13.247587996596737, 52.677111727162448 ], [ 13.247343005640051, 52.677191972365677 ], [ 13.246798827940902, 52.677130643795607 ], [ 13.246786993307062, 52.677042016446123 ], [ 13.246609757030807, 52.677095746151707 ], [ 13.246584368803189, 52.676990216994255 ], [ 13.246706873049861, 52.676977543155459 ], [ 13.246677453208529, 52.676857590333874 ], [ 13.24603305263118, 52.676893764487993 ], [ 13.246265044207746, 52.677115370533059 ], [ 13.246169430673172, 52.677244395737077 ], [ 13.245701348810599, 52.677414337185837 ], [ 13.245805886965838, 52.677658923064463 ], [ 13.245929514237732, 52.677492085000438 ], [ 13.246042621579978, 52.677667029181606 ], [ 13.246416896968656, 52.677599040846808 ], [ 13.246696455647053, 52.677729648901746 ], [ 13.246767030486575, 52.677838797835896 ], [ 13.247194941680659, 52.677837242672958 ], [ 13.247565122467767, 52.677709520845369 ] ], [ [ 13.247640084674492, 52.677315023952254 ], [ 13.247439695864117, 52.677274147167637 ], [ 13.247598508739102, 52.677225516779799 ], [ 13.247640084674492, 52.677315023952254 ] ], [ [ 13.247608285443706, 52.676631235205534 ], [ 13.24780913953315, 52.67665504859378 ], [ 13.247659922864637, 52.676755555269374 ], [ 13.247608285443706, 52.676631235205534 ] ], [ [ 13.247693062594758, 52.676973128498112 ], [ 13.247831876771803, 52.676958218628037 ], [ 13.247884946536587, 52.677027261397356 ], [ 13.247740844829915, 52.677076845594414 ], [ 13.247693062594758, 52.676973128498112 ] ], [ [ 13.247034337879404, 52.677665706224317 ], [ 13.247031459383317, 52.677737591905874 ], [ 13.246854051347793, 52.677734967444927 ], [ 13.246856930134831, 52.677663081770156 ], [ 13.247034337879404, 52.677665706224317 ] ], [ [ 13.246727832997944, 52.677602307556185 ], [ 13.246631722866285, 52.677493784472532 ], [ 13.246923262718379, 52.677484242420796 ], [ 13.24688971329897, 52.677566614627146 ], [ 13.246727832997944, 52.677602307556185 ] ], [ [ 13.246556789958539, 52.677304811754958 ], [ 13.246446869560872, 52.677237068439659 ], [ 13.246578525996984, 52.677227393088579 ], [ 13.246556789958539, 52.677304811754958 ] ], [ [ 13.246526588871225, 52.677046803905512 ], [ 13.246460815896951, 52.677168754394629 ], [ 13.246318935982373, 52.677115535343539 ], [ 13.246526588871225, 52.677046803905512 ] ], [ [ 13.246216128301789, 52.676915315521569 ], [ 13.246398028142311, 52.676956465723649 ], [ 13.246307432600284, 52.677019677320068 ], [ 13.246216128301789, 52.676915315521569 ] ], [ [ 13.246376582794278, 52.677533628056054 ], [ 13.246233690189529, 52.677574941914841 ], [ 13.246163976922572, 52.677485843156568 ], [ 13.246376582794278, 52.677533628056054 ] ], [ [ 13.246341291246566, 52.677338552314765 ], [ 13.246225849508207, 52.677414409673972 ], [ 13.246140959226906, 52.677301310311542 ], [ 13.246281409629212, 52.67725896056826 ], [ 13.246341291246566, 52.677338552314765 ] ] ] } },
{ "type": "Feature", "properties": { "fid": "F_26550" }, "geometry": { "type": "Polygon", "coordinates": [ [ [ 13.303632973379472, 52.678381527861553 ], [ 13.303561346064487, 52.678368192084591 ], [ 13.303886737876626, 52.678359046609685 ], [ 13.303914864066879, 52.678123033642677 ], [ 13.30393562952729, 52.678206040658857 ], [ 13.304101495069652, 52.678182687783803 ], [ 13.30411143467593, 52.677977195817547 ], [ 13.303905544669844, 52.677932192994312 ], [ 13.303939258491409, 52.678003866213352 ], [ 13.303861699178803, 52.678038878043601 ], [ 13.303787643831145, 52.677895858136679 ], [ 13.303885707104948, 52.67786103555548 ], [ 13.303713003348545, 52.677843215747913 ], [ 13.303745971904178, 52.678041488810109 ], [ 13.303612040802181, 52.678073550650105 ], [ 13.303543816501977, 52.678247178331326 ], [ 13.303523053573064, 52.678164171278901 ], [ 13.303420535635631, 52.678278478726682 ], [ 13.303182044967658, 52.678247511775972 ], [ 13.303363605899539, 52.678336913813041 ], [ 13.302997985082008, 52.678608325281118 ], [ 13.303264268384945, 52.678709810577175 ], [ 13.303223827818666, 52.67851127236289 ], [ 13.303539138364544, 52.678514029426033 ], [ 13.303632973379472, 52.678381527861553 ] ], [ [ 13.30337507973832, 52.678388283319741 ], [ 13.30351608901289, 52.678343890805898 ], [ 13.303484594458793, 52.678423691292309 ], [ 13.30337507973832, 52.678388283319741 ] ] ] } },
{ "type": "Feature", "properties": { "fid": "F_26551" }, "geometry": { "type": "Polygon", "coordinates": [ [ [ 13.29982561630568, 52.678404583182633 ], [ 13.30042435413792, 52.678083015943201 ], [ 13.300530259641233, 52.677875705542277 ], [ 13.301077555281621, 52.677932073670405 ], [ 13.301177230066255, 52.67775531586792 ], [ 13.301395455840803, 52.677899244484884 ], [ 13.301315720445967, 52.677749784671342 ], [ 13.300941894288632, 52.677587734503255 ], [ 13.300729280381208, 52.67767668532958 ], [ 13.300222832312372, 52.677668895364924 ], [ 13.300136810853921, 52.677778589947337 ], [ 13.300321560038141, 52.677941567067961 ], [ 13.300212140231235, 52.678060375839934 ], [ 13.299794225543389, 52.677855894062851 ], [ 13.298322572078877, 52.677867363242086 ], [ 13.298399204297416, 52.678216425165985 ], [ 13.298909777195687, 52.67842232812356 ], [ 13.29922304274216, 52.678226318342418 ], [ 13.299534251510842, 52.678280691792708 ], [ 13.29951241057312, 52.678490471982798 ], [ 13.299336058490438, 52.67859031946125 ], [ 13.299560804148362, 52.678664138217748 ], [ 13.29982561630568, 52.678404583182633 ] ] ] } },
{ "type": "Feature", "properties": { "fid": "F_26552" }, "geometry": { "type": "Polygon", "coordinates": [ [ [ 13.257492859290778, 52.678035737463134 ], [ 13.257997380546659, 52.677913961228946 ], [ 13.257694542239797, 52.67786476475321 ], [ 13.257522054735107, 52.677944622333563 ], [ 13.257492859290778, 52.678035737463134 ] ] ] } },
{ "type": "Feature", "properties": { "fid": "F_26569" }, "geometry": { "type": "Polygon", "coordinates": [ [ [ 13.259975176769697, 52.678108176082169 ], [ 13.26000565434388, 52.678017044626408 ], [ 13.260244679669476, 52.677958161815745 ], [ 13.260176873235379, 52.677897687006244 ], [ 13.259660192706406, 52.678024965433359 ], [ 13.25964406755425, 52.678102470398805 ], [ 13.25989014683636, 52.678050364912799 ], [ 13.259975176769697, 52.678108176082169 ] ] ] } },
{ "type": "Feature", "properties": { "fid": "F_26574" }, "geometry": { "type": "Polygon", "coordinates": [ [ [ 13.259048304926715, 52.677865326036674 ], [ 13.258836456496224, 52.677779503766104 ], [ 13.258672049309498, 52.67784118470172 ], [ 13.258629325769897, 52.677728766236541 ], [ 13.258433193071831, 52.677861644829228 ], [ 13.258083117846537, 52.677935433217648 ], [ 13.258257992017151, 52.678097630400266 ], [ 13.25841404717192, 52.67807056266679 ], [ 13.258466908784971, 52.677956844540127 ], [ 13.259048304926715, 52.677865326036674 ] ] ] } },
{ "type": "Feature", "properties": { "fid": "F_26623" }, "geometry": { "type": "Polygon", "coordinates": [ [ [ 13.26462007208182, 52.678258013520349 ], [ 13.264647003254536, 52.678176681572623 ], [ 13.264569344947292, 52.678195545818944 ], [ 13.26462007208182, 52.678258013520349 ] ] ] } },
{ "type": "Feature", "properties": { "fid": "F_26626" }, "geometry": { "type": "Polygon", "coordinates": [ [ [ 13.258690706285101, 52.678175881462437 ], [ 13.258792438883711, 52.678090803722789 ], [ 13.25858962367897, 52.678119273986162 ], [ 13.258690706285101, 52.678175881462437 ] ] ] } },
{ "type": "Feature", "properties": { "fid": "F_26643" }, "geometry": { "type": "Polygon", "coordinates": [ [ [ 13.259616068451423, 52.67821079484996 ], [ 13.259569209138483, 52.678087533812594 ], [ 13.259476086595964, 52.678148961097769 ], [ 13.259616068451423, 52.67821079484996 ] ] ] } },
{ "type": "Feature", "properties": { "fid": "F_26646" }, "geometry": { "type": "Polygon", "coordinates": [ [ [ 13.265392126082244, 52.678283400551386 ], [ 13.265415786635558, 52.678187936991627 ], [ 13.265283751741084, 52.678305976960033 ], [ 13.265392126082244, 52.678283400551386 ] ] ] } },
{ "type": "Feature", "properties": { "fid": "F_26662" }, "geometry": { "type": "Polygon", "coordinates": [ [ [ 13.26481581674472, 52.678327679689616 ], [ 13.264762428145302, 52.678250299853268 ], [ 13.264619511156885, 52.678300975462143 ], [ 13.26481581674472, 52.678327679689616 ] ] ] } },
{ "type": "Feature", "properties": { "fid": "F_26689" }, "geometry": { "type": "Polygon", "coordinates": [ [ [ 13.264240168919105, 52.677990903060724 ], [ 13.264090056897954, 52.67811701875479 ], [ 13.263936727054931, 52.678117002244008 ], [ 13.263967771935338, 52.678305653096629 ], [ 13.264213704294214, 52.678366152966724 ], [ 13.264240168919105, 52.677990903060724 ] ] ] } },
{ "type": "Feature", "properties": { "fid": "F_26788" }, "geometry": { "type": "Polygon", "coordinates": [ [ [ 13.258603590115484, 52.678375741325539 ], [ 13.258578037074551, 52.678291021259625 ], [ 13.258226598530062, 52.678414629177595 ], [ 13.258603590115484, 52.678375741325539 ] ] ] } },
{ "type": "Feature", "properties": { "fid": "F_26866" }, "geometry": { "type": "Polygon", "coordinates": [ [ [ 13.249275755386195, 52.677842697870716 ], [ 13.249290732837848, 52.678026303986599 ], [ 13.249528815205652, 52.678144895142005 ], [ 13.249401827770438, 52.677990031850271 ], [ 13.249736627454695, 52.6779041351259 ], [ 13.249888952762532, 52.67801712199676 ], [ 13.249595480721968, 52.678013859253703 ], [ 13.249766425570423, 52.678121782334031 ], [ 13.249588997384796, 52.678114878541308 ], [ 13.24895563366956, 52.678449358092877 ], [ 13.249095903178286, 52.67840758129234 ], [ 13.24914650288032, 52.678439867740487 ], [ 13.249072470139213, 52.678487048557855 ], [ 13.249164557553378, 52.678472094240234 ], [ 13.249244648189542, 52.678366947509289 ], [ 13.249341871548255, 52.678441700447003 ], [ 13.249434344643783, 52.678266090757724 ], [ 13.249698600547832, 52.678253644646006 ], [ 13.249690637100395, 52.678364317964935 ], [ 13.249966711276032, 52.678320437273612 ], [ 13.249880515875024, 52.678156973510035 ], [ 13.250075086563188, 52.677980378608076 ], [ 13.249877649154639, 52.67787566299549 ], [ 13.250071509979131, 52.677782523162783 ], [ 13.249894400393453, 52.67768859142803 ], [ 13.249915621697623, 52.677586685654155 ], [ 13.249830680704143, 52.677491253670262 ], [ 13.249942488774469, 52.677379006832126 ], [ 13.249776347363635, 52.677317865034937 ], [ 13.249203376650531, 52.677530682909122 ], [ 13.249099784270543, 52.677804133885267 ], [ 13.249184146590034, 52.677912903904961 ], [ 13.249275755386195, 52.677842697870716 ] ], [ [ 13.249275755386195, 52.677842697870716 ], [ 13.249209913439932, 52.677757029779286 ], [ 13.249306393670825, 52.67772317590385 ], [ 13.249355729952757, 52.677819574933856 ], [ 13.249275755386195, 52.677842697870716 ] ], [ [ 13.249429808045642, 52.677771517131966 ], [ 13.249761778433273, 52.677526200150133 ], [ 13.249770998011078, 52.67772991475799 ], [ 13.249429808045642, 52.677771517131966 ] ] ] } },
{ "type": "Feature", "properties": { "fid": "F_26873" }, "geometry": { "type": "Polygon", "coordinates": [ [ [ 13.276581159664394, 52.673370179315583 ], [ 13.27616832991559, 52.673366598421936 ], [ 13.282072560689741, 52.674615164742804 ], [ 13.283695687690926, 52.675123196363344 ], [ 13.284586155892956, 52.675526881396245 ], [ 13.28576490425927, 52.6762488357422 ], [ 13.286557602986306, 52.676969658260454 ], [ 13.287352436621161, 52.678042662943135 ], [ 13.287716279275898, 52.679069344685146 ], [ 13.28777050354703, 52.678615610624639 ], [ 13.287202716050389, 52.677492155064783 ], [ 13.286721171385929, 52.67691356367299 ], [ 13.286078398847511, 52.676334131092986 ], [ 13.28494875438216, 52.675584564926353 ], [ 13.283596137341389, 52.674957985006941 ], [ 13.282471344295558, 52.674591530316761 ], [ 13.279519153003287, 52.673915665094654 ], [ 13.276581159664394, 52.673370179315583 ] ] ] } },
{ "type": "Feature", "properties": { "fid": "F_26893" }, "geometry": { "type": "Polygon", "coordinates": [ [ [ 13.258059913176922, 52.678655463415367 ], [ 13.258257795365679, 52.678643234770639 ], [ 13.258215576811857, 52.678592881585807 ], [ 13.258059913176922, 52.678655463415367 ] ] ] } },
{ "type": "Feature", "properties": { "fid": "F_26928" }, "geometry": { "type": "Polygon", "coordinates": [ [ [ 13.258059913176922, 52.678655463415367 ], [ 13.25786203178755, 52.678667691741957 ], [ 13.25790424736031, 52.67871804336415 ], [ 13.258059913176922, 52.678655463415367 ] ] ] } },
{ "type": "Feature", "properties": { "fid": "F_26936" }, "geometry": { "type": "Polygon", "coordinates": [ [ [ 13.287779620278593, 52.679170320194068 ], [ 13.287806509140658, 52.679088982639513 ], [ 13.287728858842438, 52.679107862130387 ], [ 13.287779620278593, 52.679170320194068 ] ] ] } },
{ "type": "Feature", "properties": { "fid": "F_26937" }, "geometry": { "type": "Polygon", "coordinates": [ [ [ 13.260012884388983, 52.67864819067087 ], [ 13.260210975260666, 52.678629218569952 ], [ 13.260207369825268, 52.678047856773873 ], [ 13.259913182451102, 52.678179193913813 ], [ 13.260102619969226, 52.678205628969266 ], [ 13.260030027888952, 52.678216873650975 ], [ 13.259963747502898, 52.678395720762971 ], [ 13.26003536193379, 52.678409081145674 ], [ 13.259618807215016, 52.678552493675973 ], [ 13.259820674534126, 52.678641662492446 ], [ 13.259782194160316, 52.678735326927111 ], [ 13.259956285013963, 52.678769932438001 ], [ 13.260012884388983, 52.67864819067087 ] ], [ [ 13.260012884388983, 52.67864819067087 ], [ 13.259849040046191, 52.678620058059046 ], [ 13.259879588828598, 52.678545663463261 ], [ 13.260085377254383, 52.678550001577833 ], [ 13.260012884388983, 52.67864819067087 ] ] ] } },
{ "type": "Feature", "properties": { "fid": "F_26939" }, "geometry": { "type": "Polygon", "coordinates": [ [ [ 13.302297075634424, 52.679261493701141 ], [ 13.302163241847126, 52.679245176768205 ], [ 13.302461393803974, 52.679213325544119 ], [ 13.302433622304131, 52.679169483673483 ], [ 13.30273969780588, 52.679042444577455 ], [ 13.30258908799552, 52.679026238514453 ], [ 13.302764234315669, 52.678925298874042 ], [ 13.302526697392016, 52.678820501950042 ], [ 13.302919023024749, 52.678866914448598 ], [ 13.303025667276183, 52.678722232573442 ], [ 13.302878797048532, 52.678756409831259 ], [ 13.302720110631286, 52.678661242292165 ], [ 13.302658492346337, 52.678473587123023 ], [ 13.302890447939292, 52.678543796443087 ], [ 13.302920523011156, 52.678443254972578 ], [ 13.302834145405358, 52.678381872244692 ], [ 13.302422365396946, 52.678390568136955 ], [ 13.301628819373141, 52.678582460578134 ], [ 13.301605740451935, 52.67848099739642 ], [ 13.301468581342519, 52.678587732584511 ], [ 13.301230453511515, 52.678559295617227 ], [ 13.301195737903578, 52.678670289431857 ], [ 13.301267365924049, 52.678683625003679 ], [ 13.301115789340182, 52.678693445932709 ], [ 13.30132598388515, 52.678875857420124 ], [ 13.301437369726957, 52.678877225687195 ], [ 13.301364786579986, 52.678888495767517 ], [ 13.301449899113644, 52.679249037589059 ], [ 13.30170297331418, 52.679230011049313 ], [ 13.301857774620574, 52.679271126367141 ], [ 13.301837986634329, 52.679341067693429 ], [ 13.302146465364553, 52.679389757075654 ], [ 13.302297075634424, 52.679261493701141 ] ], [ [ 13.302367366677483, 52.678974789879987 ], [ 13.302237363685474, 52.678847054020096 ], [ 13.302335745926211, 52.678786632460778 ], [ 13.302386385835264, 52.678818896500857 ], [ 13.302312409084298, 52.678866111044712 ], [ 13.302430687611629, 52.678867805406135 ], [ 13.302426506088135, 52.678975637049241 ], [ 13.302294784560956, 52.67898605889792 ], [ 13.302367366677483, 52.678974789879987 ] ], [ [ 13.302191908175596, 52.679012547160262 ], [ 13.302231202913232, 52.679063574189932 ], [ 13.302158060209244, 52.679127727237095 ], [ 13.302108605747694, 52.679031349240013 ], [ 13.302191908175596, 52.679012547160262 ] ], [ [ 13.301602738168544, 52.678855942398521 ], [ 13.301575875023666, 52.678937283301018 ], [ 13.301525094032526, 52.678874830983197 ], [ 13.301602738168544, 52.678855942398521 ] ] ] } },
{ "type": "Feature", "properties": { "fid": "F_26952" }, "geometry": { "type": "Polygon", "coordinates": [ [ [ 13.249483555308146, 52.678565049966302 ], [ 13.249504215717495, 52.678648065592363 ], [ 13.24955786431617, 52.678585692570117 ], [ 13.249483555308146, 52.678565049966302 ] ] ] } },
{ "type": "Feature", "properties": { "fid": "F_26998" }, "geometry": { "type": "Polygon", "coordinates": [ [ [ 13.257526244183246, 52.678683581693882 ], [ 13.257369179454098, 52.678669189902337 ], [ 13.257293691776169, 52.678572778533912 ], [ 13.25717458769642, 52.6786059719607 ], [ 13.257170679627798, 52.678714317062855 ], [ 13.25705314328229, 52.678676624339445 ], [ 13.25716369831793, 52.678872276646906 ], [ 13.257526244183246, 52.678683581693882 ] ] ] } },
{ "type": "Feature", "properties": { "fid": "F_27000" }, "geometry": { "type": "Polygon", "coordinates": [ [ [ 13.249072470139213, 52.678487048557855 ], [ 13.248954195959284, 52.678485300965896 ], [ 13.248766719636595, 52.678734279437329 ], [ 13.249265676604153, 52.678699066870095 ], [ 13.249072470139213, 52.678487048557855 ] ] ] } },
{ "type": "Feature", "properties": { "fid": "F_27008" }, "geometry": { "type": "Polygon", "coordinates": [ [ [ 13.257893943419344, 52.67836531107784 ], [ 13.257762420061109, 52.678374528476077 ], [ 13.257841360588081, 52.678423013697845 ], [ 13.257727830165852, 52.678443611973151 ], [ 13.257783854094074, 52.678483893713889 ], [ 13.257730738911208, 52.678514651623502 ], [ 13.257593965580341, 52.678468793004299 ], [ 13.257371512510552, 52.678141687273822 ], [ 13.257492859290778, 52.678035737463134 ], [ 13.257290890470447, 52.678061075156371 ], [ 13.25702692069906, 52.677849064880853 ], [ 13.256966353115741, 52.677884138105341 ], [ 13.257392453829379, 52.678273224364844 ], [ 13.25661548864492, 52.678577659848941 ], [ 13.256996867922313, 52.678603868485531 ], [ 13.257451902504128, 52.678487987547015 ], [ 13.257526244183246, 52.678683581693882 ], [ 13.257624973943297, 52.678655548046478 ], [ 13.257640227657951, 52.678793149850698 ], [ 13.257931625496674, 52.678905326088419 ], [ 13.257759747086086, 52.678637634501733 ], [ 13.258206906620519, 52.678502581116234 ], [ 13.25814058946519, 52.67836991846147 ], [ 13.2579153707691, 52.678427297193004 ], [ 13.257893943419344, 52.67836531107784 ] ] ] } },
{ "type": "Feature", "properties": { "fid": "F_27009" }, "geometry": { "type": "Polygon", "coordinates": [ [ [ 13.263851136372649, 52.678848341166912 ], [ 13.26377871066757, 52.67881131603685 ], [ 13.263938312763473, 52.678737405191121 ], [ 13.26379414884817, 52.678579759202734 ], [ 13.264010176226556, 52.67865088395304 ], [ 13.264061689225731, 52.678814566042163 ], [ 13.264231603238834, 52.678585095773812 ], [ 13.264396204382399, 52.678532649053551 ], [ 13.264076075091742, 52.67849475246755 ], [ 13.264194083056669, 52.678444589035529 ], [ 13.264429023356442, 52.678451103211231 ], [ 13.264559929384049, 52.678693583617985 ], [ 13.264827735087691, 52.678661909923363 ], [ 13.26489495022952, 52.67851728078525 ], [ 13.265014003984099, 52.678484448216885 ], [ 13.26548840034423, 52.67845867631722 ], [ 13.265195428402361, 52.678385814918308 ], [ 13.26512666517954, 52.678204988081944 ], [ 13.265025551840008, 52.678392459442293 ], [ 13.264815492815815, 52.678445577678296 ], [ 13.264480081365944, 52.678410918394398 ], [ 13.264521604335142, 52.678354665386365 ], [ 13.263901776380475, 52.678413632583982 ], [ 13.264059069575913, 52.678491166303182 ], [ 13.263571048511411, 52.678450668343345 ], [ 13.263477116664742, 52.678581102109241 ], [ 13.263420266590217, 52.678490499411446 ], [ 13.263359815048913, 52.678650960581251 ], [ 13.263478322529698, 52.678642089522135 ], [ 13.263572201634146, 52.678748671060198 ], [ 13.263441447640748, 52.67873444621555 ], [ 13.263358611020877, 52.678829885670723 ], [ 13.263394101077367, 52.678937454426993 ], [ 13.263569476692355, 52.678937530150755 ], [ 13.263431466732895, 52.678986048247737 ], [ 13.263651331675909, 52.678966650278745 ], [ 13.26362843586454, 52.678853700537374 ], [ 13.263851136372649, 52.678848341166912 ] ], [ [ 13.263634420966801, 52.67875195450538 ], [ 13.263540024888986, 52.678623484975191 ], [ 13.263742839413169, 52.678595006233913 ], [ 13.263788658714459, 52.678721463881836 ], [ 13.263634420966801, 52.67875195450538 ] ] ] } },
{ "type": "Feature", "properties": { "fid": "F_27022" }, "geometry": { "type": "Polygon", "coordinates": [ [ [ 13.257579659234974, 52.678828223376335 ], [ 13.257499106040923, 52.678852519348382 ], [ 13.257549620235705, 52.678946279953571 ], [ 13.257579659234974, 52.678828223376335 ] ] ] } },
{ "type": "Feature", "properties": { "fid": "F_27048" }, "geometry": { "type": "Polygon", "coordinates": [ [ [ 13.263431466732895, 52.678986048247737 ], [ 13.263299424081691, 52.679104085923704 ], [ 13.263407801389755, 52.679081511358348 ], [ 13.263431466732895, 52.678986048247737 ] ] ] } },
{ "type": "Feature", "properties": { "fid": "F_27049" }, "geometry": { "type": "Polygon", "coordinates": [ [ [ 13.257018856288306, 52.678983745792323 ], [ 13.256985418893539, 52.678891412687264 ], [ 13.256900734223443, 52.678925147762975 ], [ 13.257018856288306, 52.678983745792323 ] ] ] } },
{ "type": "Feature", "properties": { "fid": "F_27066" }, "geometry": { "type": "Polygon", "coordinates": [ [ [ 13.249945157850934, 52.678859580645899 ], [ 13.250212077319841, 52.678958084354029 ], [ 13.250421131991393, 52.678794680587458 ], [ 13.250426878062209, 52.678650908988836 ], [ 13.25014973546144, 52.678748176769567 ], [ 13.250110720129721, 52.678661378108963 ], [ 13.25030860335419, 52.678649162744485 ], [ 13.250024411348605, 52.678357253471674 ], [ 13.249865594618248, 52.678444203190885 ], [ 13.25008740187665, 52.678586277203138 ], [ 13.249582066607315, 52.678697980791746 ], [ 13.249502699283825, 52.678808142651405 ], [ 13.249452557269123, 52.678687445491079 ], [ 13.249274792008386, 52.678701940442394 ], [ 13.249438605193436, 52.678782716932076 ], [ 13.248918604055048, 52.678860080263988 ], [ 13.248766719636595, 52.678734279437329 ], [ 13.248645568850902, 52.678804417265198 ], [ 13.249143148752719, 52.678939083137877 ], [ 13.249568713450779, 52.678948829363037 ], [ 13.249945157850934, 52.678859580645899 ] ] ] } },
{ "type": "Feature", "properties": { "fid": "F_27077" }, "geometry": { "type": "Polygon", "coordinates": [ [ [ 13.257249870293432, 52.679084920664714 ], [ 13.257276815665209, 52.679003590524644 ], [ 13.25719915281873, 52.679022449898625 ], [ 13.257249870293432, 52.679084920664714 ] ] ] } },
{ "type": "Feature", "properties": { "fid": "F_27086" }, "geometry": { "type": "Polygon", "coordinates": [ [ [ 13.248787073508684, 52.678994652756963 ], [ 13.248818667866626, 52.678914867685897 ], [ 13.248677602803557, 52.678959194611231 ], [ 13.248787073508684, 52.678994652756963 ] ] ] } },
{ "type": "Feature", "properties": { "fid": "F_27087" }, "geometry": { "type": "Polygon", "coordinates": [ [ [ 13.25875919925266, 52.679112075987689 ], [ 13.258815835611387, 52.678990249162609 ], [ 13.258641847828127, 52.679004304403605 ], [ 13.258583880105498, 52.679145377733718 ], [ 13.25875919925266, 52.679112075987689 ] ] ] } },
{ "type": "Feature", "properties": { "fid": "F_27108" }, "geometry": { "type": "Polygon", "coordinates": [ [ [ 13.250470214142247, 52.679047153965868 ], [ 13.250284801345558, 52.678886845241706 ], [ 13.250369439456106, 52.679067318365774 ], [ 13.250470214142247, 52.679047153965868 ] ] ] } },
{ "type": "Feature", "properties": { "fid": "F_27119" }, "geometry": { "type": "Polygon", "coordinates": [ [ [ 13.26339131506715, 52.679321883547715 ], [ 13.263425763290483, 52.679129820832145 ], [ 13.263342268240264, 52.679160609083233 ], [ 13.26339131506715, 52.679321883547715 ] ] ] } },
{ "type": "Feature", "properties": { "fid": "F_27222" }, "geometry": { "type": "Polygon", "coordinates": [ [ [ 13.255841750393285, 52.679378082732853 ], [ 13.25584998992224, 52.679257580345769 ], [ 13.255582037269862, 52.679455792693339 ], [ 13.255841750393285, 52.679378082732853 ] ] ] } },
{ "type": "Feature", "properties": { "fid": "F_27245" }, "geometry": { "type": "Polygon", "coordinates": [ [ [ 13.255779747572674, 52.679449098314542 ], [ 13.255660038113623, 52.679483300388199 ], [ 13.255732400819378, 52.679536923240832 ], [ 13.255779747572674, 52.679449098314542 ] ] ] } },
{ "type": "Feature", "properties": { "fid": "F_27269" }, "geometry": { "type": "Polygon", "coordinates": [ [ [ 13.255302341185013, 52.679549962884956 ], [ 13.255590494470873, 52.679536555389944 ], [ 13.255497756989167, 52.67943188187693 ], [ 13.255335873728679, 52.679467588160989 ], [ 13.255302341185013, 52.679549962884956 ] ] ] } },
{ "type": "Feature", "properties": { "fid": "F_27317" }, "geometry": { "type": "Polygon", "coordinates": [ [ [ 13.259633766195003, 52.679254012547197 ], [ 13.25926498794275, 52.679212297841374 ], [ 13.259372847949175, 52.679267441367571 ], [ 13.259186370538803, 52.679494868679349 ], [ 13.259518138183029, 52.679708871225067 ], [ 13.259649487292457, 52.679750275884729 ], [ 13.259752568205853, 52.679701702391469 ], [ 13.259786615406719, 52.679729900455762 ], [ 13.260072441851353, 52.679630752842371 ], [ 13.260326286886963, 52.67969574951595 ], [ 13.260481616132079, 52.679527076388325 ], [ 13.260539477055854, 52.679666286549335 ], [ 13.260707686207276, 52.679591241988696 ], [ 13.26059677614789, 52.679324415454815 ], [ 13.260407089398864, 52.679460851335378 ], [ 13.260313378892596, 52.679180490299572 ], [ 13.260170298103473, 52.679153998661526 ], [ 13.260239905215352, 52.67867117295669 ], [ 13.26015592326876, 52.678702568090863 ], [ 13.260093670783588, 52.678888744477781 ], [ 13.259964681206862, 52.678878825379854 ], [ 13.260001254508525, 52.679165372026446 ], [ 13.259907851136278, 52.679093582651454 ], [ 13.259794911811872, 52.679156370445789 ], [ 13.259772888563223, 52.679063169704996 ], [ 13.259508434223672, 52.679192430229669 ], [ 13.259633766195003, 52.679254012547197 ] ], [ [ 13.260170298103473, 52.679153998661526 ], [ 13.260093071303114, 52.679234924300921 ], [ 13.260030363727481, 52.679170154452954 ], [ 13.260170298103473, 52.679153998661526 ] ], [ [ 13.259633766195003, 52.679254012547197 ], [ 13.259927892183283, 52.679177781354177 ], [ 13.260015286853506, 52.679236169925097 ], [ 13.259603096922456, 52.679420052303499 ], [ 13.259484312602655, 52.679388191364517 ], [ 13.259633766195003, 52.679254012547197 ] ], [ [ 13.259732422291405, 52.679422971144355 ], [ 13.259922314785875, 52.679438070098662 ], [ 13.260073420009164, 52.679358262220035 ], [ 13.260175475152653, 52.679425367977039 ], [ 13.260121840515231, 52.679487745917974 ], [ 13.260101159567679, 52.679404731979254 ], [ 13.259889486728159, 52.679519612956298 ], [ 13.259732422291405, 52.679422971144355 ] ] ] } },
{ "type": "Feature", "properties": { "fid": "F_27324" }, "geometry": { "type": "Polygon", "coordinates": [ [ [ 13.249508198052776, 52.679428552651657 ], [ 13.249252096540213, 52.679451109734856 ], [ 13.249205876145995, 52.679613793698842 ], [ 13.249508198052776, 52.679428552651657 ] ] ] } },
{ "type": "Feature", "properties": { "fid": "F_27328" }, "geometry": { "type": "Polygon", "coordinates": [ [ [ 13.255302341185013, 52.679549962884956 ], [ 13.255200490765473, 52.679619548048443 ], [ 13.254932944698806, 52.679546577354877 ], [ 13.254884071484073, 52.679651696406843 ], [ 13.255259845048595, 52.679682498048265 ], [ 13.255302341185013, 52.679549962884956 ] ] ] } },
{ "type": "Feature", "properties": { "fid": "F_27343" }, "geometry": { "type": "Polygon", "coordinates": [ [ [ 13.256007710165598, 52.679668237813388 ], [ 13.255889432358028, 52.679666497114084 ], [ 13.25591877138592, 52.6797513761082 ], [ 13.256007710165598, 52.679668237813388 ] ] ] } },
{ "type": "Feature", "properties": { "fid": "F_27367" }, "geometry": { "type": "Polygon", "coordinates": [ [ [ 13.240296279576382, 52.679322237322062 ], [ 13.240378724485927, 52.679095189898923 ], [ 13.240804412042499, 52.678809599758971 ], [ 13.240342835389116, 52.677942364980474 ], [ 13.240494650458794, 52.677623135700642 ], [ 13.24108001496649, 52.677773188130097 ], [ 13.241248178493056, 52.677932203533373 ], [ 13.241143410249009, 52.679178470241283 ], [ 13.241556858052753, 52.679086776293595 ], [ 13.242284827028989, 52.678013278614138 ], [ 13.242158258150846, 52.677174074459565 ], [ 13.241759779544042, 52.676512694336104 ], [ 13.241675385074343, 52.676140527635717 ], [ 13.241431893073763, 52.675910295062593 ], [ 13.241284860265987, 52.675174393601409 ], [ 13.2410149647207, 52.675041387778293 ], [ 13.240898358017368, 52.67468988358241 ], [ 13.240936671495563, 52.674105156920831 ], [ 13.24075788582936, 52.674154131054649 ], [ 13.240750641671383, 52.674317477356283 ], [ 13.240516991174692, 52.674177000782088 ], [ 13.240520821113821, 52.674029284342524 ], [ 13.245701742364421, 52.672344837903978 ], [ 13.248446842745164, 52.671535756832768 ], [ 13.249907204558356, 52.671216992940536 ], [ 13.250397552892688, 52.671619136670486 ], [ 13.250475588729028, 52.671503247323763 ], [ 13.250026168722778, 52.671090030540796 ], [ 13.248029558464456, 52.671534980747879 ], [ 13.240908096985551, 52.673811891022801 ], [ 13.239995125083173, 52.673954659897461 ], [ 13.239995519920461, 52.6738944849048 ], [ 13.240712721021433, 52.673729108287709 ], [ 13.240577444316717, 52.673488310264375 ], [ 13.240218787070495, 52.673185945711801 ], [ 13.240155330304693, 52.672906034427754 ], [ 13.239982817753331, 52.672723160135881 ], [ 13.240008518031063, 52.672374858292521 ], [ 13.239778207129737, 52.672149487810636 ], [ 13.239139249898292, 52.671949531829362 ], [ 13.239014588390047, 52.671697212328645 ], [ 13.239091402809056, 52.671379732375541 ], [ 13.239283237117213, 52.671022940923763 ], [ 13.239528271752238, 52.670814344200082 ], [ 13.239473141876742, 52.670737750378336 ], [ 13.239188981109114, 52.67076847437599 ], [ 13.238226861384209, 52.671252896557206 ], [ 13.238540349571746, 52.671757824809845 ], [ 13.238643833247586, 52.67383236098361 ], [ 13.238929222507785, 52.674156558092676 ], [ 13.239620064099178, 52.674018997588959 ], [ 13.238567810531666, 52.674347232851567 ], [ 13.238517224299018, 52.674314941986928 ], [ 13.238784290467645, 52.674148504263826 ], [ 13.238487277101619, 52.67385331869302 ], [ 13.238452573355042, 52.67406853584481 ], [ 13.238331912727528, 52.674133245342738 ], [ 13.23824853160936, 52.674782011765942 ], [ 13.236811826084347, 52.675063143460022 ], [ 13.236815909444642, 52.674784938805374 ], [ 13.236904987078375, 52.674907344822941 ], [ 13.237297098312697, 52.674788303382897 ], [ 13.23722362771964, 52.674661704001693 ], [ 13.237003244864555, 52.674767057198778 ], [ 13.236713743192436, 52.674637786527548 ], [ 13.236796025877933, 52.674272485645162 ], [ 13.237510791825809, 52.673889251184249 ], [ 13.237443225667826, 52.673429053991512 ], [ 13.236762622889763, 52.673251135526222 ], [ 13.236780185035775, 52.672641445809326 ], [ 13.237566088999225, 52.672543505703636 ], [ 13.237921944681769, 52.672548779802327 ], [ 13.238065038238124, 52.672641557262672 ], [ 13.238111294492573, 52.672588298733722 ], [ 13.237997780378134, 52.67252035400422 ], [ 13.238050900943231, 52.672489604953746 ], [ 13.238447362434773, 52.672592838564746 ], [ 13.238484434821304, 52.672090698053665 ], [ 13.238103959210239, 52.672409474413371 ], [ 13.23799447617907, 52.672263286684135 ], [ 13.237873320042917, 52.672259974850078 ], [ 13.237782306464046, 52.672367269108193 ], [ 13.237447957811302, 52.671803727225075 ], [ 13.237122050447676, 52.672000089593254 ], [ 13.236641164587571, 52.671990634526786 ], [ 13.236525936920115, 52.672060057401339 ], [ 13.236224343836437, 52.672057096992873 ], [ 13.235838037194691, 52.671912195137764 ], [ 13.235689297369067, 52.672120339140946 ], [ 13.23558580804197, 52.672853572180017 ], [ 13.235244380293617, 52.673003179085448 ], [ 13.234648457264916, 52.673044736808059 ], [ 13.234989712713933, 52.673330596471793 ], [ 13.234813659472767, 52.673294820625173 ], [ 13.233383539747786, 52.672050021582827 ], [ 13.233388867922036, 52.671978172554724 ], [ 13.233097293759371, 52.671830056088126 ], [ 13.234422135579893, 52.671418918225065 ], [ 13.234355042084747, 52.671382006415996 ], [ 13.234527664681671, 52.671204300736989 ], [ 13.234373094316151, 52.670979066187634 ], [ 13.234081133644311, 52.670988957171566 ], [ 13.234440473167538, 52.670880641685763 ], [ 13.234547043844946, 52.670683143774383 ], [ 13.235171757455801, 52.670242193895803 ], [ 13.235077935082915, 52.670038497668919 ], [ 13.234792345995492, 52.669826711666069 ], [ 13.234067600931725, 52.669637620517818 ], [ 13.23330369544116, 52.66928127163294 ], [ 13.232600461035549, 52.669680404659928 ], [ 13.231163016299513, 52.670038809876488 ], [ 13.231063372541474, 52.670141368808544 ], [ 13.231177877203214, 52.670309168060207 ], [ 13.231369330151194, 52.670362388183854 ], [ 13.231266546606861, 52.670393202399623 ], [ 13.230693374840188, 52.669990406667829 ], [ 13.230786519608154, 52.669929002122544 ], [ 13.230833289430992, 52.670052273920021 ], [ 13.23101280107387, 52.670034197268862 ], [ 13.231465521545424, 52.669820287674597 ], [ 13.230330479767005, 52.668871465636094 ], [ 13.232467124920378, 52.668387390418673 ], [ 13.23152643334193, 52.668357794583081 ], [ 13.23121650713388, 52.667720474406693 ], [ 13.230529741374221, 52.667231342015498 ], [ 13.230343994192753, 52.666699569504637 ], [ 13.2300683203212, 52.666246302911411 ], [ 13.230172484121427, 52.666190471047472 ], [ 13.229004151700625, 52.665869968444838 ], [ 13.228738996639642, 52.666078787302688 ], [ 13.228294804168454, 52.666075361594714 ], [ 13.228355986336227, 52.666543670034876 ], [ 13.228201770764667, 52.666545088626421 ], [ 13.228243591331326, 52.666149632098104 ], [ 13.227888450030161, 52.666192630069382 ], [ 13.227879499257321, 52.666322463962182 ], [ 13.227654875213268, 52.666472390986655 ], [ 13.227575670692712, 52.666638436675413 ], [ 13.22763037115943, 52.666785606229617 ], [ 13.227507141282102, 52.666953485849575 ], [ 13.227399824148172, 52.666462746093615 ], [ 13.227265105437192, 52.666626186348857 ], [ 13.227048441873073, 52.666568348980739 ], [ 13.226975863740867, 52.6667129289036 ], [ 13.226683489383445, 52.666297072000404 ], [ 13.226495314083049, 52.666311113867835 ], [ 13.226327422460935, 52.666513321713417 ], [ 13.226358382132291, 52.666604733619188 ], [ 13.226752817666805, 52.666821260112755 ], [ 13.226844013116521, 52.666948446105302 ], [ 13.226526978463585, 52.666786355932445 ], [ 13.226943206838618, 52.667007849458443 ], [ 13.227925888633349, 52.667091538282747 ], [ 13.228042528799792, 52.667690383275243 ], [ 13.228261298118881, 52.668086172147568 ], [ 13.229744319988466, 52.669345361306547 ], [ 13.233238688202553, 52.671966715783469 ], [ 13.234220862847327, 52.672890883730581 ], [ 13.234894318677979, 52.673356414862511 ], [ 13.235197882864405, 52.673318174997874 ], [ 13.23538225189932, 52.673476261118999 ], [ 13.235187773408448, 52.673410252979984 ], [ 13.235088957667754, 52.673563733151958 ], [ 13.235141717117369, 52.673623865164153 ], [ 13.235306001694653, 52.673571534680711 ], [ 13.235172212018295, 52.673555142445359 ], [ 13.235275000302121, 52.673524326543266 ], [ 13.235633760633807, 52.67355158397735 ], [ 13.235742503416311, 52.673849064326191 ], [ 13.235647420252034, 52.673942090912995 ], [ 13.235356980625095, 52.673869207145103 ], [ 13.235526588517144, 52.673970425827882 ], [ 13.235457733005699, 52.673984037878839 ], [ 13.235654886394563, 52.674208738156572 ], [ 13.236367621944, 52.675611905006178 ], [ 13.236466660186757, 52.67560280908657 ], [ 13.236378449099893, 52.675630722682669 ], [ 13.236976235635826, 52.676868969196192 ], [ 13.237717864352708, 52.677891025575569 ], [ 13.238042694514832, 52.678086167462155 ], [ 13.239395802698544, 52.679273205637863 ], [ 13.238298546365005, 52.678279096014919 ], [ 13.238940067874545, 52.678357907444465 ], [ 13.238930152717506, 52.678468972109044 ], [ 13.23904649988016, 52.67846192021377 ], [ 13.239301467163285, 52.678665443315147 ], [ 13.239378154982102, 52.678894784143409 ], [ 13.239300036887821, 52.679005607079418 ], [ 13.2390931970198, 52.678786748742709 ], [ 13.238975504440592, 52.678770529326343 ], [ 13.239169149077302, 52.679023629295202 ], [ 13.239267071966525, 52.679037164886275 ], [ 13.239397025597555, 52.679242800022436 ], [ 13.239526327177074, 52.679292994028415 ], [ 13.239402197996858, 52.679278841029152 ], [ 13.239705150058548, 52.67954576641651 ], [ 13.240296279576382, 52.679322237322062 ] ], [ [ 13.241501503411818, 52.678410907580854 ], [ 13.241554850836724, 52.678488297539879 ], [ 13.241358559626299, 52.678461554896373 ], [ 13.241501503411818, 52.678410907580854 ] ], [ [ 13.237716996900621, 52.677664378977092 ], [ 13.237394331402596, 52.677222689040121 ], [ 13.237542763782717, 52.677273961155294 ], [ 13.237576970889366, 52.677417536950458 ], [ 13.23788812395906, 52.677704977623534 ], [ 13.23791586872796, 52.677818182676766 ], [ 13.238047860088985, 52.677875654418301 ], [ 13.237994196106589, 52.677938022102047 ], [ 13.237716996900621, 52.677664378977092 ] ], [ [ 13.237658440434949, 52.676211963524885 ], [ 13.237012760546101, 52.675918613855458 ], [ 13.236937773037956, 52.675858757863665 ], [ 13.236982642549263, 52.675676145018109 ], [ 13.237176253992677, 52.675613367225559 ], [ 13.237745355013407, 52.67578351268714 ], [ 13.237850745113123, 52.675946566463693 ], [ 13.237803964016518, 52.676136984325105 ], [ 13.237658440434949, 52.676211963524885 ] ], [ [ 13.236886450861363, 52.676492197893609 ], [ 13.236964117631031, 52.676473351861603 ], [ 13.236937136297666, 52.676554677101471 ], [ 13.236886450861363, 52.676492197893609 ] ], [ [ 13.236721100570449, 52.676234404268001 ], [ 13.236774764141531, 52.67617203878654 ], [ 13.236924491430726, 52.676384414727345 ], [ 13.236870827737663, 52.676446781919374 ], [ 13.236721100570449, 52.676234404268001 ] ], [ [ 13.235858914018802, 52.674031181529585 ], [ 13.236025907881526, 52.674140207433148 ], [ 13.235815000069305, 52.674154541052758 ], [ 13.23602660529089, 52.674208967201963 ], [ 13.235991820464257, 52.674303698889759 ], [ 13.235729710728533, 52.674189814408777 ], [ 13.235858914018802, 52.674031181529585 ] ], [ [ 13.233811523249411, 52.671213876124959 ], [ 13.233620198377622, 52.671134021284892 ], [ 13.23367073914182, 52.671011165724657 ], [ 13.233602067652328, 52.67086382497353 ], [ 13.233759104792776, 52.670851170662907 ], [ 13.233849716220158, 52.670939130437993 ], [ 13.233921476775787, 52.671065055206199 ], [ 13.233811523249411, 52.671213876124959 ] ], [ [ 13.232666975991298, 52.670926763008154 ], [ 13.233225518016772, 52.670879180227523 ], [ 13.23354302720565, 52.670940300659858 ], [ 13.233024168346642, 52.671057860525316 ], [ 13.232666975991298, 52.670926763008154 ] ], [ [ 13.23198531724665, 52.670824717870566 ], [ 13.232185488443363, 52.670859154992279 ], [ 13.232080140988019, 52.67091274187262 ], [ 13.231867064841975, 52.67082295340763 ], [ 13.231937206687501, 52.670872273195357 ], [ 13.231884082980152, 52.670903019479304 ], [ 13.231554923837672, 52.670635471217913 ], [ 13.231696514667053, 52.670588958790162 ], [ 13.231636366160274, 52.670675653784052 ], [ 13.231754618152573, 52.670677418473737 ], [ 13.231751715307238, 52.67074930365073 ], [ 13.232119932269898, 52.670742487272349 ], [ 13.23198531724665, 52.670824717870566 ] ], [ [ 13.232087299276344, 52.670443117842304 ], [ 13.231922364743456, 52.670373416581192 ], [ 13.232122434237642, 52.670359228464861 ], [ 13.232087299276344, 52.670443117842304 ] ], [ [ 13.229892532831169, 52.666981261329141 ], [ 13.229966812784269, 52.667001916005127 ], [ 13.229913151068157, 52.66706428015457 ], [ 13.229892532831169, 52.666981261329141 ] ], [ [ 13.229892532831169, 52.666981261329141 ], [ 13.229280412471399, 52.66714417383097 ], [ 13.229348818779979, 52.667260851834769 ], [ 13.229718459505779, 52.667218100097479 ], [ 13.229441562375868, 52.667362121223682 ], [ 13.229511732131733, 52.667479809422161 ], [ 13.229807988879859, 52.667524677429583 ], [ 13.230042295588769, 52.667666819749222 ], [ 13.230186892221296, 52.667561120782423 ], [ 13.230101417471449, 52.667667702869046 ], [ 13.230219661246045, 52.66766946902024 ], [ 13.230308660431467, 52.667512118332141 ], [ 13.230651680028119, 52.667811576568738 ], [ 13.230738541450418, 52.667706438860549 ], [ 13.230832489231863, 52.66784769430825 ], [ 13.230520877965271, 52.668269659847248 ], [ 13.23046576348303, 52.668193887266987 ], [ 13.230274490315441, 52.668189327826383 ], [ 13.230390427446066, 52.667889385551099 ], [ 13.230309718301163, 52.667833336521618 ], [ 13.23023360081938, 52.668084003886356 ], [ 13.230074128462233, 52.668077775586447 ], [ 13.229977843725873, 52.668248028631325 ], [ 13.229396529212481, 52.66838662441203 ], [ 13.229210937475351, 52.668504158664099 ], [ 13.229369084521462, 52.668543557997097 ], [ 13.229295047744063, 52.668590726493477 ], [ 13.229502879629177, 52.668537952910022 ], [ 13.229787859470877, 52.668589976316866 ], [ 13.229876534245518, 52.668786348042239 ], [ 13.229705267918071, 52.66886525175012 ], [ 13.22949444116685, 52.668789560252584 ], [ 13.229317185812246, 52.668829056104371 ], [ 13.230004009911537, 52.669341589221055 ], [ 13.230196958619407, 52.669223266375731 ], [ 13.230187901660338, 52.669124299617202 ], [ 13.230324271415048, 52.669092954621924 ], [ 13.230555083616839, 52.669457342022518 ], [ 13.2304331122587, 52.669644895977285 ], [ 13.230604050596417, 52.669869029759646 ], [ 13.228302878834207, 52.668096312315292 ], [ 13.228124772427647, 52.667512969398359 ], [ 13.2281145430469, 52.667062579646007 ], [ 13.228037927028518, 52.667031123070352 ], [ 13.22861347967328, 52.666898576555383 ], [ 13.228997790195441, 52.666534387311707 ], [ 13.229238767564436, 52.666422861531863 ], [ 13.229445959518682, 52.666383161790279 ], [ 13.229718310204353, 52.666530016519658 ], [ 13.229935386176129, 52.666837534033881 ], [ 13.229892532831169, 52.666981261329141 ] ], [ [ 13.230415094980826, 52.668368017916784 ], [ 13.230553790364873, 52.668307291620259 ], [ 13.230630283700679, 52.668393358410349 ], [ 13.230415094980826, 52.668368017916784 ] ], [ [ 13.228247326103187, 52.666704922328357 ], [ 13.228157597172759, 52.666897660212086 ], [ 13.228089331806844, 52.666717643295492 ], [ 13.228247326103187, 52.666704922328357 ] ], [ [ 13.227358549663128, 52.666898370173598 ], [ 13.227199748837224, 52.666891745221037 ], [ 13.227155134840476, 52.666784360853839 ], [ 13.227299943221039, 52.666726716782129 ], [ 13.22739228353071, 52.666816374720376 ], [ 13.227358549663128, 52.666898370173598 ] ] ] } },
{ "type": "Feature", "properties": { "fid": "F_27373" }, "geometry": { "type": "Polygon", "coordinates": [ [ [ 13.250470214142247, 52.679047153965868 ], [ 13.250545237477306, 52.679066243593475 ], [ 13.250406512664904, 52.679153595462729 ], [ 13.250313335345494, 52.679124228718763 ], [ 13.250113375502044, 52.679314126702174 ], [ 13.250220755780621, 52.679349165758488 ], [ 13.249611719062182, 52.67948213083114 ], [ 13.249353341352066, 52.679683649709425 ], [ 13.24992742666274, 52.679714660467937 ], [ 13.249941299494841, 52.679594996694995 ], [ 13.250385016286328, 52.679418198373007 ], [ 13.251139408561043, 52.679247686501029 ], [ 13.25072963514201, 52.67905496877249 ], [ 13.250538069295615, 52.678852336383734 ], [ 13.250470214142247, 52.679047153965868 ] ] ] } },
{ "type": "Feature", "properties": { "fid": "F_27380" }, "geometry": { "type": "Polygon", "coordinates": [ [ [ 13.254884071484073, 52.679651696406843 ], [ 13.25475663535933, 52.679672401526524 ], [ 13.254935421841729, 52.679809865673803 ], [ 13.254884071484073, 52.679651696406843 ] ] ] } },
{ "type": "Feature", "properties": { "fid": "F_27399" }, "geometry": { "type": "Polygon", "coordinates": [ [ [ 13.255704854501731, 52.679843600816753 ], [ 13.25582170063042, 52.679881284700357 ], [ 13.255893712568501, 52.679798334177484 ], [ 13.255704854501731, 52.679843600816753 ] ] ] } },
{ "type": "Feature", "properties": { "fid": "F_27401" }, "geometry": { "type": "Polygon", "coordinates": [ [ [ 13.255704854501731, 52.679843600816753 ], [ 13.255252088300903, 52.679791523979901 ], [ 13.255267525752931, 52.679867770485458 ], [ 13.255704854501731, 52.679843600816753 ] ] ] } },
{ "type": "Feature", "properties": { "fid": "F_27406" }, "geometry": { "type": "Polygon", "coordinates": [ [ [ 13.256714514456965, 52.679750565559857 ], [ 13.256479389920306, 52.679711142440524 ], [ 13.256321147092336, 52.679774455635744 ], [ 13.256301972995161, 52.679708532051819 ], [ 13.256183158451174, 52.679820013288257 ], [ 13.256353188297712, 52.679822392786527 ], [ 13.256457098068264, 52.679939662872769 ], [ 13.256730871723191, 52.679879278846187 ], [ 13.256583259144234, 52.679854121061098 ], [ 13.25652274366241, 52.679748884688784 ], [ 13.256714514456965, 52.679750565559857 ] ] ] } },
{ "type": "Feature", "properties": { "fid": "F_27429" }, "geometry": { "type": "Polygon", "coordinates": [ [ [ 13.253824028002308, 52.679813392370264 ], [ 13.253679205960623, 52.679775485736407 ], [ 13.25386724155549, 52.679924430850228 ], [ 13.254245992606547, 52.679946114039545 ], [ 13.254012014414212, 52.679838883365676 ], [ 13.254037075969913, 52.679770538024002 ], [ 13.253824028002308, 52.679813392370264 ] ] ] } },
{ "type": "Feature", "properties": { "fid": "F_27431" }, "geometry": { "type": "Polygon", "coordinates": [ [ [ 13.253512406497453, 52.679919201973732 ], [ 13.253648887863452, 52.679962971281114 ], [ 13.253604725725014, 52.679836552094187 ], [ 13.253512406497453, 52.679919201973732 ] ] ] } },
{ "type": "Feature", "properties": { "fid": "F_27441" }, "geometry": { "type": "Polygon", "coordinates": [ [ [ 13.259364340440973, 52.680077228786416 ], [ 13.259343297785481, 52.679919348674673 ], [ 13.25909533193696, 52.680025828024505 ], [ 13.259013791714732, 52.679964187185881 ], [ 13.258962592130796, 52.680082968732769 ], [ 13.259364340440973, 52.680077228786416 ] ] ] } },
{ "type": "Feature", "properties": { "fid": "F_27460" }, "geometry": { "type": "Polygon", "coordinates": [ [ [ 13.255697693258114, 52.68002331578343 ], [ 13.255673906756602, 52.679941536142636 ], [ 13.255335317303025, 52.680034751735739 ], [ 13.255490490002183, 52.680083675924699 ], [ 13.255697693258114, 52.68002331578343 ] ] ] } },
{ "type": "Feature", "properties": { "fid": "F_27467" }, "geometry": { "type": "Polygon", "coordinates": [ [ [ 13.254043225515801, 52.67996298785188 ], [ 13.25386724155549, 52.679924430850228 ], [ 13.253812064037577, 52.679999145908717 ], [ 13.25399160015003, 52.68007401793875 ], [ 13.254043225515801, 52.67996298785188 ] ] ] } },
{ "type": "Feature", "properties": { "fid": "F_27471" }, "geometry": { "type": "Polygon", "coordinates": [ [ [ 13.253668855384237, 52.680075495247983 ], [ 13.253746095483136, 52.679994573920958 ], [ 13.253606156218121, 52.680010722080638 ], [ 13.253668855384237, 52.680075495247983 ] ] ] } },
{ "type": "Feature", "properties": { "fid": "F_27473" }, "geometry": { "type": "Polygon", "coordinates": [ [ [ 13.255997686207008, 52.679919838812992 ], [ 13.2559752353036, 52.679860750151285 ], [ 13.25582170063042, 52.679881284700357 ], [ 13.255637575897014, 52.680110023083046 ], [ 13.256196934560219, 52.68004095252104 ], [ 13.25627932548324, 52.680109158484392 ], [ 13.256334240348032, 52.679915764576123 ], [ 13.255997686207008, 52.679919838812992 ] ], [ [ 13.255997686207008, 52.679919838812992 ], [ 13.256048778986115, 52.680004827729817 ], [ 13.255911202460192, 52.679958410449267 ], [ 13.255997686207008, 52.679919838812992 ] ] ] } },
{ "type": "Feature", "properties": { "fid": "F_27512" }, "geometry": { "type": "Polygon", "coordinates": [ [ [ 13.25304933421144, 52.679660627883052 ], [ 13.253229619161115, 52.679591357242465 ], [ 13.253620764737176, 52.679652472514654 ], [ 13.253612371655548, 52.679507999685008 ], [ 13.253681700231501, 52.679472145753586 ], [ 13.253502176553573, 52.679361958515884 ], [ 13.253626997858053, 52.679230074688462 ], [ 13.253453247991786, 52.679143978329222 ], [ 13.253108485041848, 52.679251354676786 ], [ 13.252819621719475, 52.679199735249092 ], [ 13.252202607680482, 52.679415500080559 ], [ 13.251661916257586, 52.679477994464627 ], [ 13.251779169185264, 52.679544857062474 ], [ 13.251331438549945, 52.679707219220866 ], [ 13.251660564072488, 52.679901413667558 ], [ 13.2518375200052, 52.679845810837975 ], [ 13.251894141822252, 52.679702789714568 ], [ 13.251985207590455, 52.679739077498027 ], [ 13.251914758564897, 52.679836202583296 ], [ 13.252070574246902, 52.679799832504841 ], [ 13.252304676443362, 52.679932442830967 ], [ 13.252331058774379, 52.679865821787899 ], [ 13.252259445398481, 52.679852455120056 ], [ 13.252312565111509, 52.679821699703147 ], [ 13.252631040091543, 52.680035648056425 ], [ 13.252569024846519, 52.680108312500522 ], [ 13.252970112672651, 52.680162957251859 ], [ 13.253266963157794, 52.679978714249657 ], [ 13.253427224203104, 52.68018470836747 ], [ 13.253425110077238, 52.680004856782176 ], [ 13.25331170384093, 52.679857134989327 ], [ 13.252707334528774, 52.679943719423697 ], [ 13.252542947885228, 52.679868365848037 ], [ 13.253061678501998, 52.679868200427954 ], [ 13.25304933421144, 52.679660627883052 ] ], [ [ 13.25304933421144, 52.679660627883052 ], [ 13.252834285082033, 52.679722396053442 ], [ 13.252576223881512, 52.679653652571588 ], [ 13.252649814458978, 52.679708683817204 ], [ 13.252422957978702, 52.679842960436311 ], [ 13.252375680977108, 52.679745802362739 ], [ 13.252658594771235, 52.679586414860246 ], [ 13.252773774732782, 52.679426539206233 ], [ 13.253015830949268, 52.679520210103206 ], [ 13.25304933421144, 52.679660627883052 ] ], [ [ 13.253229619161115, 52.679591357242465 ], [ 13.253154515691218, 52.679565875544235 ], [ 13.253208716333516, 52.679470740428926 ], [ 13.253229619161115, 52.679591357242465 ] ], [ [ 13.252805773890783, 52.679307843718554 ], [ 13.252946836019335, 52.679263511855297 ], [ 13.252915248893748, 52.679343298084852 ], [ 13.252805773890783, 52.679307843718554 ] ], [ [ 13.252799867450237, 52.679980626910933 ], [ 13.252778140908115, 52.68005804676659 ], [ 13.252668203933775, 52.679990309110551 ], [ 13.252799867450237, 52.679980626910933 ] ], [ [ 13.252318453899466, 52.67958772141391 ], [ 13.252267742945776, 52.679525248597784 ], [ 13.252345408738817, 52.679506392483169 ], [ 13.252318453899466, 52.67958772141391 ] ] ] } },
{ "type": "Feature", "properties": { "fid": "F_27539" }, "geometry": { "type": "Polygon", "coordinates": [ [ [ 13.257225301034939, 52.680297539413033 ], [ 13.257366362989849, 52.680253200652864 ], [ 13.25725687835272, 52.680217751945804 ], [ 13.257225301034939, 52.680297539413033 ] ] ] } },
{ "type": "Feature", "properties": { "fid": "F_27553" }, "geometry": { "type": "Polygon", "coordinates": [ [ [ 13.257225301034939, 52.680297539413033 ], [ 13.257088111141838, 52.680262402543583 ], [ 13.257157711549581, 52.68034817351267 ], [ 13.257225301034939, 52.680297539413033 ] ] ] } },
{ "type": "Feature", "properties": { "fid": "F_27558" }, "geometry": { "type": "Polygon", "coordinates": [ [ [ 13.257580139859794, 52.680302757201581 ], [ 13.257388188820672, 52.680314615399894 ], [ 13.2575559348923, 52.680367498370806 ], [ 13.257580139859794, 52.680302757201581 ] ] ] } },
{ "type": "Feature", "properties": { "fid": "F_27566" }, "geometry": { "type": "Polygon", "coordinates": [ [ [ 13.252970112672651, 52.680162957251859 ], [ 13.252926238205879, 52.680294699724769 ], [ 13.25322391945061, 52.680339898166281 ], [ 13.252970112672651, 52.680162957251859 ] ] ] } },
{ "type": "Feature", "properties": { "fid": "F_27588" }, "geometry": { "type": "Polygon", "coordinates": [ [ [ 13.257930687476549, 52.680415803028396 ], [ 13.257887487605204, 52.680359605211521 ], [ 13.258071597180583, 52.680237280828052 ], [ 13.258191666124409, 52.680305214464873 ], [ 13.257989827455006, 52.680416672382997 ], [ 13.258265393985184, 52.680283293191337 ], [ 13.258553662133187, 52.680274674739969 ], [ 13.258692484855993, 52.680193232775771 ], [ 13.258510319757805, 52.680112762038874 ], [ 13.258598126675132, 52.679994781476708 ], [ 13.25876604285812, 52.680064821368418 ], [ 13.258896942545501, 52.679926506424898 ], [ 13.259013791714732, 52.679964187185881 ], [ 13.259170448726836, 52.679875665255594 ], [ 13.259164278138735, 52.679769613551599 ], [ 13.25965175541692, 52.680026484337226 ], [ 13.25918873928466, 52.679702698316262 ], [ 13.259339858133165, 52.679693064169946 ], [ 13.259325210750351, 52.679573157239055 ], [ 13.259105808400372, 52.679620753544029 ], [ 13.259132158243309, 52.679513248452203 ], [ 13.259006648080391, 52.679520870318029 ], [ 13.258309719146608, 52.679151796105451 ], [ 13.258455287427637, 52.67912880736823 ], [ 13.258413161158524, 52.679084900350567 ], [ 13.258153703501192, 52.679129870285195 ], [ 13.257931625496674, 52.678905326088419 ], [ 13.257905832430797, 52.679004198769746 ], [ 13.257762906595275, 52.678965923338914 ], [ 13.257817108361046, 52.678891155914172 ], [ 13.25766407098922, 52.678926889492956 ], [ 13.257650142798889, 52.679052927728286 ], [ 13.257420170626588, 52.67894799453294 ], [ 13.257304948954104, 52.679095249030233 ], [ 13.25700032855201, 52.679196114924629 ], [ 13.257001326775441, 52.679309710902317 ], [ 13.256451982403528, 52.679373856438026 ], [ 13.25643538188732, 52.679511356310854 ], [ 13.256286554362713, 52.679401064123518 ], [ 13.255781179730393, 52.679413155316631 ], [ 13.256104967740274, 52.679413581434098 ], [ 13.255865700536797, 52.679503957187215 ], [ 13.255889432358028, 52.679666497114084 ], [ 13.256170446537809, 52.679661483554369 ], [ 13.25633704584396, 52.679565682965197 ], [ 13.256432424411004, 52.67962443971669 ], [ 13.256301972995161, 52.679708532051819 ], [ 13.256479389920306, 52.679711142440524 ], [ 13.256506346901267, 52.679634622596382 ], [ 13.256799935987615, 52.679600080595492 ], [ 13.256850542806182, 52.679632363808139 ], [ 13.25677651621074, 52.679679549483218 ], [ 13.257085667272666, 52.679671786190781 ], [ 13.256952501854226, 52.6797181021794 ], [ 13.256971549821987, 52.679783567221619 ], [ 13.257225422785156, 52.679751249140239 ], [ 13.257249627878036, 52.679686508033342 ], [ 13.257178013223459, 52.679673144327182 ], [ 13.25723112931116, 52.679642386673166 ], [ 13.257468433103345, 52.679802043058785 ], [ 13.25821053219188, 52.679653518566496 ], [ 13.258127754236648, 52.679602677324162 ], [ 13.258373790815247, 52.679512326273475 ], [ 13.258338433723798, 52.67940430132905 ], [ 13.258429638028895, 52.6792644014347 ], [ 13.258834611908432, 52.679506102497548 ], [ 13.258895888842213, 52.679584357693386 ], [ 13.258849240493172, 52.679638093094148 ], [ 13.258920856592074, 52.67965145416219 ], [ 13.258867740760611, 52.679682212570356 ], [ 13.258739631120287, 52.679619272139263 ], [ 13.258795820306823, 52.679493451958628 ], [ 13.258437456168169, 52.679621330263025 ], [ 13.258259281223475, 52.679593459553182 ], [ 13.258354049721991, 52.67970242792866 ], [ 13.258768240351854, 52.679671426512357 ], [ 13.258822084682679, 52.679762935584286 ], [ 13.258454593461197, 52.680037696992379 ], [ 13.25840387318279, 52.6799752267274 ], [ 13.25848153722845, 52.679956366576789 ], [ 13.258425257882632, 52.679883611381875 ], [ 13.258330522183416, 52.679906697994454 ], [ 13.258280960514888, 52.679724322420888 ], [ 13.257957865358476, 52.679732885357062 ], [ 13.257952143790096, 52.679876657505794 ], [ 13.258023759991234, 52.679890019116449 ], [ 13.257790053599141, 52.679925604224287 ], [ 13.257849811905013, 52.680041258680596 ], [ 13.257963287816343, 52.679996027283373 ], [ 13.258021450536441, 52.680039514584081 ], [ 13.257942130928683, 52.680128258756582 ], [ 13.258139119599603, 52.680149136384784 ], [ 13.257879565355864, 52.680213473100395 ], [ 13.25779384959036, 52.680136948904583 ], [ 13.257536535043702, 52.680233541458762 ], [ 13.257661419927738, 52.680365114642328 ], [ 13.257832495757988, 52.680332192513106 ], [ 13.257753334237556, 52.68046199551371 ], [ 13.257930687476549, 52.680415803028396 ] ], [ [ 13.258896942545501, 52.679926506424898 ], [ 13.258758077876363, 52.679860491304211 ], [ 13.258983303233334, 52.679804533449193 ], [ 13.258896942545501, 52.679926506424898 ] ] ] } },
{ "type": "Feature", "properties": { "fid": "F_33891" }, "geometry": { "type": "Polygon", "coordinates": [ [ [ 13.288321221967099, 52.691660886559205 ], [ 13.288318302739787, 52.691988407449813 ], [ 13.288585549878848, 52.691618651253251 ], [ 13.288856315191868, 52.691682143415584 ], [ 13.289329607173325, 52.690578994729037 ], [ 13.289424503442946, 52.689882511195236 ], [ 13.289548587007918, 52.689810407000579 ], [ 13.289600183812658, 52.690096300242047 ], [ 13.289828098166367, 52.689553317958286 ], [ 13.289884136625954, 52.689145388409642 ], [ 13.289753907674831, 52.689026170145375 ], [ 13.289673082356982, 52.688227460161563 ], [ 13.289558395887269, 52.688301823815905 ], [ 13.289496669880029, 52.688121323846502 ], [ 13.289385303931128, 52.688057903609042 ], [ 13.289398900556771, 52.687843071787491 ], [ 13.289229044200042, 52.68768691426596 ], [ 13.289305503876495, 52.687670035998345 ], [ 13.289282985069226, 52.687471697328711 ], [ 13.289373870156698, 52.687322042268882 ], [ 13.289292886910371, 52.687220656231716 ], [ 13.289281313910433, 52.686032978522441 ], [ 13.289190512276278, 52.685327896199233 ], [ 13.289276527524343, 52.684729727619171 ], [ 13.289709307023196, 52.683392140533222 ], [ 13.290390555228132, 52.682456513721647 ], [ 13.292010825292211, 52.680897922096698 ], [ 13.292759040974111, 52.680292944131224 ], [ 13.294557593454472, 52.679006264895769 ], [ 13.296890695971337, 52.67773523176281 ], [ 13.299267198651336, 52.676646122712597 ], [ 13.307555057329811, 52.674105983062425 ], [ 13.307421394269683, 52.67405973215903 ], [ 13.306130421943582, 52.674417906523061 ], [ 13.305222501038845, 52.674755028404007 ], [ 13.304773939697771, 52.674827879821954 ], [ 13.299755013916089, 52.676302001878653 ], [ 13.298274368098147, 52.676866514083201 ], [ 13.296923369363476, 52.677499564332813 ], [ 13.294973068834116, 52.678580131788799 ], [ 13.293269833347638, 52.679721647715489 ], [ 13.29092020467569, 52.681701308412876 ], [ 13.289649040724582, 52.683090898581455 ], [ 13.289279059939492, 52.683080974599228 ], [ 13.28908732554441, 52.683335643557363 ], [ 13.289028815238751, 52.683619753503038 ], [ 13.288581199799786, 52.680185675476885 ], [ 13.287810949274936, 52.672754475968183 ], [ 13.287764583139349, 52.671253751269631 ], [ 13.287512262021133, 52.669899454934296 ], [ 13.287290257541434, 52.667335621537376 ], [ 13.287222846951593, 52.667554469998635 ], [ 13.286983955204063, 52.667551771758738 ], [ 13.286983571470918, 52.667622920972107 ], [ 13.286893575174616, 52.667639251221296 ], [ 13.287010041990177, 52.669207333872784 ], [ 13.287063471394717, 52.669277383659789 ], [ 13.287048534725416, 52.668704061522362 ], [ 13.287197891390621, 52.668669307179655 ], [ 13.287272793225155, 52.669389336834072 ], [ 13.28712030670243, 52.669404764022573 ], [ 13.28733253019869, 52.669499831222502 ], [ 13.287417455504899, 52.670111444686398 ], [ 13.287234065308882, 52.670108162435653 ], [ 13.287232742546539, 52.670347228321354 ], [ 13.287700302044392, 52.674326950828601 ], [ 13.287782841998167, 52.6758177144266 ], [ 13.287923538325806, 52.676844981646767 ], [ 13.288032067358364, 52.676700991022727 ], [ 13.288135962352477, 52.67724802677126 ], [ 13.288134559918467, 52.679165069144403 ], [ 13.287935537452224, 52.67922024851422 ], [ 13.287933088488087, 52.679663002936408 ], [ 13.288167622333772, 52.680702004132037 ], [ 13.288534739319743, 52.681595708112908 ], [ 13.288694428235894, 52.682436300718805 ], [ 13.288601117683884, 52.682570625105519 ], [ 13.288506573972759, 52.682371810645847 ], [ 13.28886804948209, 52.685817200862139 ], [ 13.288749100014988, 52.687536462425911 ], [ 13.288659934932342, 52.687635762477456 ], [ 13.28892315918479, 52.687718110005321 ], [ 13.288906754727076, 52.688500948198175 ], [ 13.288589779121372, 52.689836498205189 ], [ 13.288348674862453, 52.689769062253298 ], [ 13.287617352143695, 52.691485640730122 ], [ 13.287825751368542, 52.691424169986028 ], [ 13.287817567055818, 52.691620378394248 ], [ 13.288131380426293, 52.691724409049044 ], [ 13.288321221967099, 52.691660886559205 ] ], [ [ 13.289701448698608, 52.689653762590837 ], [ 13.289674556410542, 52.689735100411049 ], [ 13.289623780339543, 52.689672643140455 ], [ 13.289701448698608, 52.689653762590837 ] ], [ [ 13.289609224469162, 52.688982551161587 ], [ 13.289464891069697, 52.689018663256341 ], [ 13.289389412377513, 52.6887035574224 ], [ 13.289509794274935, 52.688500153388723 ], [ 13.289609224469162, 52.688982551161587 ] ], [ [ 13.289600000756081, 52.689220732361207 ], [ 13.28949889484857, 52.689564177394907 ], [ 13.289288760390797, 52.689553523772396 ], [ 13.289441962597628, 52.689236309423791 ], [ 13.289600000756081, 52.689220732361207 ] ], [ [ 13.289214168858354, 52.690006368343425 ], [ 13.289187275435422, 52.690087706039002 ], [ 13.289136499666979, 52.690025248565618 ], [ 13.289214168858354, 52.690006368343425 ] ], [ [ 13.288577644836886, 52.691148021821654 ], [ 13.288547680069755, 52.691266086648177 ], [ 13.288497085541263, 52.691172338769796 ], [ 13.288577644836886, 52.691148021821654 ] ], [ [ 13.288511459968516, 52.69132688533648 ], [ 13.288484564375468, 52.691408222837374 ], [ 13.288433788127426, 52.691345765071858 ], [ 13.288511459968516, 52.69132688533648 ] ], [ [ 13.288170943834825, 52.678394970520465 ], [ 13.288248592677425, 52.678376090725507 ], [ 13.288221705102545, 52.678457428400364 ], [ 13.288170943834825, 52.678394970520465 ] ], [ [ 13.28691950506146, 52.667774964084217 ], [ 13.287066728440166, 52.667749646405028 ], [ 13.286999600252626, 52.667871458728428 ], [ 13.28691950506146, 52.667774964084217 ] ] ] } }
]
}
