{"type": "FeatureCollection", "features": [{"type": "Feature", "geometry": {"type": "LineString", "coordinates": [[13.278111200000001, 52.671611000000006], [13.278128999999998, 52.67164209999999], [13.2781772, 52.67172619999999]]}, "properties": {"length": 13.560666122473506}}, {"type": "Feature", "geometry": {"type": "LineString", "coordinates": [[13.277937999999999, 52.67178140000001], [13.278061199999998, 52.67175300000001], [13.2781772, 52.67172619999999]]}, "properties": {"length": 17.25690632639114}}, {"type": "Feature", "geometry": {"type": "LineString", "coordinates": [[13.278651951290666, 52.67199024878012], [13.2781772, 52.67172619999999]]}, "properties": {"length": 43.56}}, {"type": "Feature", "geometry": {"type": "LineString", "coordinates": [[13.278111200000001, 52.671611000000006], [13.2780835, 52.6715625]]}, "properties": {"length": 5.7072252311385165}}, {"type": "Feature", "geometry": {"type": "LineString", "coordinates": [[13.278111200000001, 52.671611000000006], [13.2779847, 52.671632999999986], [13.2776708, 52.67168899999999]]}, "properties": {"length": 30.93557572945585}}, {"type": "Feature", "geometry": {"type": "LineString", "coordinates": [[13.27893366523065, 52.67146359958908], [13.278111200000001, 52.671611000000006]]}, "properties": {"length": 58.04}}, {"type": "Feature", "geometry": {"type": "LineString", "coordinates": [[13.2776708, 52.67168899999999], [13.277937999999999, 52.67178140000001]]}, "properties": {"length": 20.74014551214739}}, {"type": "Feature", "geometry": {"type": "LineString", "coordinates": [[13.277937999999999, 52.67178140000001], [13.277772554369738, 52.67219251120255]]}, "properties": {"length": 47.13}}, {"type": "Feature", "geometry": {"type": "LineString", "coordinates": [[13.286916, 52.65544469999999], [13.288661499999996, 52.65563939999999]]}, "properties": {"length": 119.71061946152848}}, {"type": "Feature", "geometry": {"type": "LineString", "coordinates": [[13.288492799999998, 52.65614879999999], [13.288650199999998, 52.65566629999999], [13.288661499999996, 52.65563939999999]]}, "properties": {"length": 57.77871758028131}}, {"type": "Feature", "geometry": {"type": "LineString", "coordinates": [[13.288661499999996, 52.65563939999999], [13.289730848899838, 52.655768288620166]]}, "properties": {"length": 73.82}}, {"type": "Feature", "geometry": {"type": "LineString", "coordinates": [[13.28880335124657, 52.655445455475125], [13.288661499999996, 52.65563939999999]]}, "properties": {"length": 23.64}}, {"type": "Feature", "geometry": {"type": "LineString", "coordinates": [[13.2771225, 52.671679600000004], [13.277264200000001, 52.6716679], [13.2774063, 52.671654000000004], [13.2775197, 52.671641099999995], [13.2780835, 52.6715625]]}, "properties": {"length": 66.13424607020791}}, {"type": "Feature", "geometry": {"type": "LineString", "coordinates": [[13.278704099999999, 52.6714551], [13.2784638, 52.671499], [13.2780835, 52.6715625]]}, "properties": {"length": 43.518880035668445}}, {"type": "Feature", "geometry": {"type": "LineString", "coordinates": [[13.2771225, 52.671679600000004], [13.277061700000003, 52.671684600000006]]}, "properties": {"length": 4.137068324382406}}, {"type": "Feature", "geometry": {"type": "LineString", "coordinates": [[13.2771225, 52.671679600000004], [13.2770744, 52.67162389999999]]}, "properties": {"length": 6.991334726340252}}, {"type": "Feature", "geometry": {"type": "LineString", "coordinates": [[13.278665799999999, 52.6713975], [13.278704099999999, 52.6714551]]}, "properties": {"length": 6.905867846355801}}, {"type": "Feature", "geometry": {"type": "LineString", "coordinates": [[13.279144933405334, 52.671374496428825], [13.278704099999999, 52.6714551]]}, "properties": {"length": 31.16}}, {"type": "Feature", "geometry": {"type": "LineString", "coordinates": [[13.277061700000003, 52.671684600000006], [13.2767981, 52.67171179999998]]}, "properties": {"length": 18.02915620374434}}, {"type": "Feature", "geometry": {"type": "LineString", "coordinates": [[13.2768114, 52.6716596], [13.277061700000003, 52.671684600000006]]}, "properties": {"length": 17.104303318215244}}, {"type": "Feature", "geometry": {"type": "LineString", "coordinates": [[13.2767981, 52.67171179999998], [13.276796199999996, 52.67177329999999]]}, "properties": {"length": 6.8396975358901315}}, {"type": "Feature", "geometry": {"type": "LineString", "coordinates": [[13.2768114, 52.6716596], [13.2767981, 52.67171179999998]]}, "properties": {"length": 5.873250406063184}}, {"type": "Feature", "geometry": {"type": "LineString", "coordinates": [[13.2767981, 52.67171179999998], [13.276720899999999, 52.67171629999999], [13.276611499999996, 52.6717275]]}, "properties": {"length": 12.710187101298475}}, {"type": "Feature", "geometry": {"type": "LineString", "coordinates": [[13.276660099999999, 52.6716349], [13.2767488, 52.671650400000004], [13.2768114, 52.6716596]]}, "properties": {"length": 10.567246962777372}}, {"type": "Feature", "geometry": {"type": "LineString", "coordinates": [[13.276818499999997, 52.671627699999995], [13.2768114, 52.6716596]]}, "properties": {"length": 3.579282718489426}}, {"type": "Feature", "geometry": {"type": "LineString", "coordinates": [[13.2751799, 52.671949], [13.2753536, 52.67187989999999]]}, "properties": {"length": 14.007393122033731}}, {"type": "Feature", "geometry": {"type": "LineString", "coordinates": [[13.2759537, 52.67175939999999], [13.2757382, 52.671783299999994], [13.275549399999997, 52.67182229999999], [13.2753536, 52.67187989999999]]}, "properties": {"length": 42.893618648343676}}, {"type": "Feature", "geometry": {"type": "LineString", "coordinates": [[13.2753903, 52.671939099999996], [13.275382499999996, 52.67190879999999], [13.2753536, 52.67187989999999]]}, "properties": {"length": 7.1681957981254225}}, {"type": "Feature", "geometry": {"type": "LineString", "coordinates": [[13.2751799, 52.671949], [13.275081899999996, 52.67198789999999]]}, "properties": {"length": 7.897622596408275}}, {"type": "Feature", "geometry": {"type": "LineString", "coordinates": [[13.2751799, 52.671949], [13.27377218466574, 52.67272027014001]]}, "properties": {"length": 128.27}}, {"type": "Feature", "geometry": {"type": "LineString", "coordinates": [[13.2759537, 52.67175939999999], [13.2760323, 52.6717351], [13.2761864, 52.671698899999996]]}, "properties": {"length": 17.09167753015986}}, {"type": "Feature", "geometry": {"type": "LineString", "coordinates": [[13.276110299999997, 52.6717661], [13.2760308, 52.6717737], [13.2759537, 52.67175939999999]]}, "properties": {"length": 10.86294075826543}}, {"type": "Feature", "geometry": {"type": "LineString", "coordinates": [[13.275419900000001, 52.6719714], [13.2753903, 52.671939099999996]]}, "properties": {"length": 4.1088783056141525}}, {"type": "Feature", "geometry": {"type": "LineString", "coordinates": [[13.2753903, 52.671939099999996], [13.275245963060742, 52.67202310144255]]}, "properties": {"length": 13.53}}, {"type": "Feature", "geometry": {"type": "LineString", "coordinates": [[13.272371099999997, 52.673981199999986], [13.272352399999999, 52.6739603]]}, "properties": {"length": 2.6439586693421324}}, {"type": "Feature", "geometry": {"type": "LineString", "coordinates": [[13.272242299999998, 52.67385839999999], [13.272352399999999, 52.6739603]]}, "properties": {"length": 13.545916580566047}}, {"type": "Feature", "geometry": {"type": "LineString", "coordinates": [[13.275081899999996, 52.67198789999999], [13.274987999999999, 52.67203469999999], [13.274852499999996, 52.672115999999995], [13.274653900000002, 52.672257900000005], [13.274455599999998, 52.672404699999994], [13.2740039, 52.6727641], [13.2739398, 52.672817], [13.2738036, 52.67292919999999], [13.273733, 52.67298739999999], [13.2730181, 52.673559], [13.272465400000002, 52.6738887], [13.272352399999999, 52.6739603]]}, "properties": {"length": 286.97819197496153}}, {"type": "Feature", "geometry": {"type": "LineString", "coordinates": [[13.271787669794374, 52.67431116635274], [13.272352399999999, 52.6739603]]}, "properties": {"length": 54.66}}, {"type": "Feature", "geometry": {"type": "LineString", "coordinates": [[13.272371099999997, 52.673981199999986], [13.2724522, 52.67394840000001], [13.2729083, 52.673679199999995], [13.2730627, 52.67357930000001], [13.273338500000001, 52.6733584], [13.2737253, 52.6730355], [13.273805, 52.67296819999999], [13.273902199999998, 52.67288739999999], [13.273980600000002, 52.672822], [13.2740513, 52.6727631], [13.2748717, 52.6721563], [13.2749758, 52.6720774], [13.275081899999996, 52.67198789999999]]}, "properties": {"length": 288.0628707152152}}, {"type": "Feature", "geometry": {"type": "LineString", "coordinates": [[13.272371099999997, 52.673981199999986], [13.272420999999998, 52.6740372]]}, "properties": {"length": 7.077700649798475}}, {"type": "Feature", "geometry": {"type": "LineString", "coordinates": [[13.271841100000001, 52.673485], [13.272242299999998, 52.67385839999999]]}, "properties": {"length": 49.55452914907286}}, {"type": "Feature", "geometry": {"type": "LineString", "coordinates": [[13.273113699999998, 52.67332919999999], [13.2728568, 52.673545499999996], [13.272242299999998, 52.67385839999999]]}, "properties": {"length": 83.74252056516858}}, {"type": "Feature", "geometry": {"type": "LineString", "coordinates": [[13.2762424, 52.671318199999995], [13.276419899999999, 52.6714812]]}, "properties": {"length": 21.71977605231182}}, {"type": "Feature", "geometry": {"type": "LineString", "coordinates": [[13.276327499999999, 52.6715111], [13.2762424, 52.671318199999995]]}, "properties": {"length": 22.203773007334753}}, {"type": "Feature", "geometry": {"type": "LineString", "coordinates": [[13.276236348319244, 52.67130806188084], [13.2762424, 52.671318199999995]]}, "properties": {"length": 1.2}}, {"type": "Feature", "geometry": {"type": "LineString", "coordinates": [[13.276419899999999, 52.6714812], [13.2764609, 52.6714685]]}, "properties": {"length": 3.1043091385248274}}, {"type": "Feature", "geometry": {"type": "LineString", "coordinates": [[13.276327499999999, 52.6715111], [13.276419899999999, 52.6714812]]}, "properties": {"length": 7.061858102790615}}, {"type": "Feature", "geometry": {"type": "LineString", "coordinates": [[13.276419899999999, 52.6714812], [13.276506700000002, 52.671559900000005]]}, "properties": {"length": 10.52779599460251}}, {"type": "Feature", "geometry": {"type": "LineString", "coordinates": [[13.276380000000001, 52.6715978], [13.276327499999999, 52.6715111]]}, "properties": {"length": 10.269975112937686}}, {"type": "Feature", "geometry": {"type": "LineString", "coordinates": [[13.276271334484077, 52.67152039263025], [13.276327499999999, 52.6715111]]}, "properties": {"length": 3.94}}, {"type": "Feature", "geometry": {"type": "LineString", "coordinates": [[13.274390699999998, 52.6690789], [13.2744565, 52.669054200000005]]}, "properties": {"length": 5.218216865774175}}, {"type": "Feature", "geometry": {"type": "LineString", "coordinates": [[13.274522899999996, 52.669028099999984], [13.2744565, 52.669054200000005]]}, "properties": {"length": 5.335712013720223}}, {"type": "Feature", "geometry": {"type": "LineString", "coordinates": [[13.27452160667168, 52.6691259531505], [13.2744565, 52.669054200000005]]}, "properties": {"length": 9.12}}, {"type": "Feature", "geometry": {"type": "LineString", "coordinates": [[13.274381999640438, 52.66897085136542], [13.2744565, 52.669054200000005]]}, "properties": {"length": 10.56}}, {"type": "Feature", "geometry": {"type": "LineString", "coordinates": [[13.274390699999998, 52.6690789], [13.274335913298826, 52.66901716070629]]}, "properties": {"length": 7.81}}, {"type": "Feature", "geometry": {"type": "LineString", "coordinates": [[13.274422327351552, 52.669113700282594], [13.274390699999998, 52.6690789]]}, "properties": {"length": 4.43}}, {"type": "Feature", "geometry": {"type": "LineString", "coordinates": [[13.274390699999998, 52.6690789], [13.27432433293798, 52.6691016059056]]}, "properties": {"length": 5.16}}, {"type": "Feature", "geometry": {"type": "LineString", "coordinates": [[13.274522899999996, 52.669028099999984], [13.274717485979817, 52.66924733553818]]}, "properties": {"length": 27.74}}, {"type": "Feature", "geometry": {"type": "LineString", "coordinates": [[13.274211881423618, 52.66867800478918], [13.274522899999996, 52.669028099999984]]}, "properties": {"length": 44.3}}, {"type": "Feature", "geometry": {"type": "LineString", "coordinates": [[13.274522899999996, 52.669028099999984], [13.274766071641402, 52.66894813806753]]}, "properties": {"length": 18.71}}, {"type": "Feature", "geometry": {"type": "LineString", "coordinates": [[13.2729526, 52.66726609999999], [13.272880999999998, 52.66729149999999]]}, "properties": {"length": 5.593641448639403}}, {"type": "Feature", "geometry": {"type": "LineString", "coordinates": [[13.272818899999999, 52.667313099999994], [13.272880999999998, 52.66729149999999]]}, "properties": {"length": 4.827506696718723}}, {"type": "Feature", "geometry": {"type": "LineString", "coordinates": [[13.272880999999998, 52.66729149999999], [13.272937763832784, 52.667355011419545]]}, "properties": {"length": 8.05}}, {"type": "Feature", "geometry": {"type": "LineString", "coordinates": [[13.272827087552427, 52.6672308479691], [13.272880999999998, 52.66729149999999]]}, "properties": {"length": 7.68}}, {"type": "Feature", "geometry": {"type": "LineString", "coordinates": [[13.2729526, 52.66726609999999], [13.273011081529276, 52.6673298397931]]}, "properties": {"length": 8.13}}, {"type": "Feature", "geometry": {"type": "LineString", "coordinates": [[13.272473147475564, 52.666731573223714], [13.2729526, 52.66726609999999]]}, "properties": {"length": 67.79}}, {"type": "Feature", "geometry": {"type": "LineString", "coordinates": [[13.2729526, 52.66726609999999], [13.273141102030937, 52.667199253591896]]}, "properties": {"length": 14.77}}, {"type": "Feature", "geometry": {"type": "LineString", "coordinates": [[13.272843756818263, 52.667343677303194], [13.272818899999999, 52.667313099999994]]}, "properties": {"length": 3.8}}, {"type": "Feature", "geometry": {"type": "LineString", "coordinates": [[13.272818899999999, 52.667313099999994], [13.272770337718176, 52.667254344107505]]}, "properties": {"length": 7.32}}, {"type": "Feature", "geometry": {"type": "LineString", "coordinates": [[13.272818899999999, 52.667313099999994], [13.272592679390886, 52.667391682612546]]}, "properties": {"length": 17.64}}, {"type": "Feature", "geometry": {"type": "LineString", "coordinates": [[13.2711358, 52.6649891], [13.2710547, 52.6649936]]}, "properties": {"length": 5.491980190972148}}, {"type": "Feature", "geometry": {"type": "LineString", "coordinates": [[13.271054433792878, 52.66493303686576], [13.2710547, 52.6649936]]}, "properties": {"length": 6.74}}, {"type": "Feature", "geometry": {"type": "LineString", "coordinates": [[13.27147678000288, 52.66571543937629], [13.2710547, 52.6649936]]}, "properties": {"length": 85.3}}, {"type": "Feature", "geometry": {"type": "LineString", "coordinates": [[13.2711346, 52.66503589999999], [13.2711358, 52.6649891]]}, "properties": {"length": 5.2045590916949465}}, {"type": "Feature", "geometry": {"type": "LineString", "coordinates": [[13.271136799999997, 52.6649456], [13.2711358, 52.6649891]]}, "properties": {"length": 4.837456220010125}}, {"type": "Feature", "geometry": {"type": "LineString", "coordinates": [[13.2711358, 52.6649891], [13.271167899999998, 52.66498729999999], [13.272491899999999, 52.66483519999999]]}, "properties": {"length": 93.04836491234914}}, {"type": "Feature", "geometry": {"type": "LineString", "coordinates": [[13.2687133, 52.668609], [13.268141162304323, 52.66868564644364]]}, "properties": {"length": 39.66}}, {"type": "Feature", "geometry": {"type": "LineString", "coordinates": [[13.2687133, 52.668609], [13.27012305462889, 52.668256291123946]]}, "properties": {"length": 103.2}}, {"type": "Feature", "geometry": {"type": "LineString", "coordinates": [[13.2687133, 52.668609], [13.269149219177288, 52.66900717466134]]}, "properties": {"length": 53.26}}, {"type": "Feature", "geometry": {"type": "LineString", "coordinates": [[13.267282399999996, 52.667630399999986], [13.26762331477792, 52.66775770035453]]}, "properties": {"length": 27.08}}, {"type": "Feature", "geometry": {"type": "LineString", "coordinates": [[13.265950598670276, 52.66774473969894], [13.267282399999996, 52.667630399999986]]}, "properties": {"length": 91.05}}, {"type": "Feature", "geometry": {"type": "LineString", "coordinates": [[13.26713363539798, 52.66748592685795], [13.267282399999996, 52.667630399999986]]}, "properties": {"length": 18.98}}, {"type": "Feature", "geometry": {"type": "LineString", "coordinates": [[13.2732255, 52.6656913], [13.272522599999999, 52.66489519999999], [13.272491899999999, 52.66483519999999]]}, "properties": {"length": 107.40009877526526}}, {"type": "Feature", "geometry": {"type": "LineString", "coordinates": [[13.2732255, 52.6656913], [13.2735952, 52.66556430000001], [13.275073700000002, 52.665045400000004], [13.2754797, 52.6648953]]}, "properties": {"length": 175.91493487163876}}, {"type": "Feature", "geometry": {"type": "LineString", "coordinates": [[13.2732255, 52.6656913], [13.2737760499523, 52.66631497337963]]}, "properties": {"length": 78.81}}, {"type": "Feature", "geometry": {"type": "LineString", "coordinates": [[13.2777087, 52.6656173], [13.2787553, 52.665246399999994], [13.278854499999998, 52.665201899999985]]}, "properties": {"length": 90.06615434849124}}, {"type": "Feature", "geometry": {"type": "LineString", "coordinates": [[13.2777087, 52.6656173], [13.276865848515069, 52.66591717224565]]}, "properties": {"length": 66.11}}, {"type": "Feature", "geometry": {"type": "LineString", "coordinates": [[13.277806769817376, 52.66572077919223], [13.2777087, 52.6656173]]}, "properties": {"length": 13.3}}, {"type": "Feature", "geometry": {"type": "LineString", "coordinates": [[13.276024299999998, 52.66546160000001], [13.276050375755268, 52.66549093949545]]}, "properties": {"length": 3.71}}, {"type": "Feature", "geometry": {"type": "LineString", "coordinates": [[13.276024299999998, 52.66546160000001], [13.275940835161956, 52.66537481059698]]}, "properties": {"length": 11.19}}, {"type": "Feature", "geometry": {"type": "LineString", "coordinates": [[13.276024299999998, 52.66546160000001], [13.276121641763243, 52.66542740134412]]}, "properties": {"length": 7.61}}, {"type": "Feature", "geometry": {"type": "LineString", "coordinates": [[13.277772000000002, 52.6642261], [13.278200599999998, 52.66469649999999], [13.2782208, 52.66472749999999], [13.2783324, 52.6648536], [13.2783984, 52.66490589999999], [13.278854499999998, 52.665201899999985]]}, "properties": {"length": 131.75291142684358}}, {"type": "Feature", "geometry": {"type": "LineString", "coordinates": [[13.279484834002393, 52.6655892111861], [13.278854499999998, 52.665201899999985]]}, "properties": {"length": 60.67}}, {"type": "Feature", "geometry": {"type": "LineString", "coordinates": [[13.277772000000002, 52.6642261], [13.2776857, 52.66424649999999], [13.2751553, 52.664552]]}, "properties": {"length": 180.2395051774419}}, {"type": "Feature", "geometry": {"type": "LineString", "coordinates": [[13.27822966017504, 52.66406374407352], [13.277772000000002, 52.6642261]]}, "properties": {"length": 35.87}}, {"type": "Feature", "geometry": {"type": "LineString", "coordinates": [[13.278410699999998, 52.6714424], [13.278665799999999, 52.6713975]]}, "properties": {"length": 17.91057305838127}}, {"type": "Feature", "geometry": {"type": "LineString", "coordinates": [[13.277355099999998, 52.67158919999999], [13.277395499999999, 52.6715846], [13.2777405, 52.67154630000001], [13.278208799999998, 52.671473899999995], [13.278410699999998, 52.6714424]]}, "properties": {"length": 73.06354922568143}}, {"type": "Feature", "geometry": {"type": "LineString", "coordinates": [[13.278410699999998, 52.6714424], [13.278228338325395, 52.671247919757285]]}, "properties": {"length": 24.93}}, {"type": "Feature", "geometry": {"type": "LineString", "coordinates": [[13.2751553, 52.664552], [13.272491899999999, 52.66483519999999]]}, "properties": {"length": 182.35245722248757}}, {"type": "Feature", "geometry": {"type": "LineString", "coordinates": [[13.272510100000002, 52.66378149999999], [13.2725115, 52.663997299999984], [13.2725292, 52.664092000000004], [13.2725313, 52.6642846], [13.272514, 52.66462479999999], [13.2724977, 52.66466729999999], [13.2724906, 52.66476469999999], [13.272491899999999, 52.66483519999999]]}, "properties": {"length": 117.38956553450993}}, {"type": "Feature", "geometry": {"type": "LineString", "coordinates": [[13.274590299999998, 52.663943299999985], [13.2751553, 52.664552]]}, "properties": {"length": 77.67230824967164}}, {"type": "Feature", "geometry": {"type": "LineString", "coordinates": [[13.2754797, 52.6648953], [13.2751553, 52.664552]]}, "properties": {"length": 43.99759165094886}}, {"type": "Feature", "geometry": {"type": "LineString", "coordinates": [[13.272520799999999, 52.66364050000001], [13.2725113, 52.66366819999999], [13.272510100000002, 52.66378149999999]]}, "properties": {"length": 15.744691916710472}}, {"type": "Feature", "geometry": {"type": "LineString", "coordinates": [[13.272107230228164, 52.66378748322764], [13.272510100000002, 52.66378149999999]]}, "properties": {"length": 27.28}}, {"type": "Feature", "geometry": {"type": "LineString", "coordinates": [[13.273829899999999, 52.6631221], [13.2735376, 52.662766999999995]]}, "properties": {"length": 44.132609331995184}}, {"type": "Feature", "geometry": {"type": "LineString", "coordinates": [[13.27402, 52.66276619999999], [13.273750299999998, 52.66278809999999], [13.2735376, 52.662766999999995]]}, "properties": {"length": 32.88613965164936}}, {"type": "Feature", "geometry": {"type": "LineString", "coordinates": [[13.273463294471302, 52.66275139792252], [13.2735376, 52.662766999999995]]}, "properties": {"length": 5.32}}, {"type": "Feature", "geometry": {"type": "LineString", "coordinates": [[13.2726343, 52.66352500000001], [13.2726496, 52.66351689999999], [13.2727914, 52.6634799], [13.273104600000002, 52.663376699999986], [13.273285799999998, 52.66331129999999], [13.273829899999999, 52.6631221]]}, "properties": {"length": 92.3352476040816}}, {"type": "Feature", "geometry": {"type": "LineString", "coordinates": [[13.273829899999999, 52.6631221], [13.274336999999997, 52.6636704]]}, "properties": {"length": 69.9047130647656}}, {"type": "Feature", "geometry": {"type": "LineString", "coordinates": [[13.2743289, 52.6627112], [13.27402, 52.66276619999999]]}, "properties": {"length": 21.711495554334682}}, {"type": "Feature", "geometry": {"type": "LineString", "coordinates": [[13.27402, 52.66276619999999], [13.273966978925039, 52.66265874595952]]}, "properties": {"length": 12.49}}, {"type": "Feature", "geometry": {"type": "LineString", "coordinates": [[13.2742143, 52.6625724], [13.273944899999998, 52.662614]]}, "properties": {"length": 18.748124838406}}, {"type": "Feature", "geometry": {"type": "LineString", "coordinates": [[13.273958837761617, 52.66264224679088], [13.273944899999998, 52.662614]]}, "properties": {"length": 3.28}}, {"type": "Feature", "geometry": {"type": "LineString", "coordinates": [[13.273944899999998, 52.662614], [13.273792843009044, 52.66232100539603]]}, "properties": {"length": 34.21}}, {"type": "Feature", "geometry": {"type": "LineString", "coordinates": [[13.274278499999998, 52.6625971], [13.2743289, 52.6627112]]}, "properties": {"length": 13.134774955923469}}, {"type": "Feature", "geometry": {"type": "LineString", "coordinates": [[13.2743289, 52.6627112], [13.2746619, 52.66264649999999]]}, "properties": {"length": 23.581909158494593}}, {"type": "Feature", "geometry": {"type": "LineString", "coordinates": [[13.2751365, 52.66255639999999], [13.2761645, 52.662360899999996]]}, "properties": {"length": 72.65747541227005}}, {"type": "Feature", "geometry": {"type": "LineString", "coordinates": [[13.277219399999998, 52.6621626], [13.277071899999996, 52.66219159999999], [13.2761645, 52.662360899999996]]}, "properties": {"length": 74.48341261517935}}, {"type": "Feature", "geometry": {"type": "LineString", "coordinates": [[13.275757552563512, 52.66158601676756], [13.2761645, 52.662360899999996]]}, "properties": {"length": 90.57}}, {"type": "Feature", "geometry": {"type": "LineString", "coordinates": [[13.275142063887484, 52.66256344375942], [13.2751365, 52.66255639999999]]}, "properties": {"length": 0.87}}, {"type": "Feature", "geometry": {"type": "LineString", "coordinates": [[13.2751365, 52.66255639999999], [13.275112098052562, 52.662561032620204]]}, "properties": {"length": 1.73}}, {"type": "Feature", "geometry": {"type": "LineString", "coordinates": [[13.277219399999998, 52.6621626], [13.2773127, 52.66214529999999]]}, "properties": {"length": 6.579762799429279}}, {"type": "Feature", "geometry": {"type": "LineString", "coordinates": [[13.277219399999998, 52.6621626], [13.277316871073513, 52.662290091413844]]}, "properties": {"length": 15.65}}, {"type": "Feature", "geometry": {"type": "LineString", "coordinates": [[13.279118799999997, 52.6620173], [13.2785346, 52.662005799999996], [13.278336100000002, 52.6620131], [13.278118400000002, 52.6620285], [13.277902, 52.6620526], [13.2776118, 52.66209359999999], [13.2773127, 52.66214529999999]]}, "properties": {"length": 123.52212776480368}}, {"type": "Feature", "geometry": {"type": "LineString", "coordinates": [[13.277297478036033, 52.66206751508735], [13.2773127, 52.66214529999999]]}, "properties": {"length": 8.72}}, {"type": "Feature", "geometry": {"type": "LineString", "coordinates": [[13.279118799999997, 52.6620173], [13.279658100000002, 52.66203829999999], [13.280165, 52.6620652]]}, "properties": {"length": 70.76280642653418}}, {"type": "Feature", "geometry": {"type": "LineString", "coordinates": [[13.279113168928305, 52.66207749236461], [13.279118799999997, 52.6620173]]}, "properties": {"length": 6.71}}, {"type": "Feature", "geometry": {"type": "LineString", "coordinates": [[13.277413999999998, 52.660528799999994], [13.277363199999998, 52.66123379999999], [13.277345499999997, 52.6614313]]}, "properties": {"length": 100.46081600212884}}, {"type": "Feature", "geometry": {"type": "LineString", "coordinates": [[13.277345499999997, 52.6614313], [13.277301009662292, 52.66201679694455]]}, "properties": {"length": 65.26}}, {"type": "Feature", "geometry": {"type": "LineString", "coordinates": [[13.277916962820402, 52.6612861229566], [13.277345499999997, 52.6614313]]}, "properties": {"length": 41.93}}, {"type": "Feature", "geometry": {"type": "LineString", "coordinates": [[13.28046606352484, 52.66208329171975], [13.280165, 52.6620652]]}, "properties": {"length": 20.48}}, {"type": "Feature", "geometry": {"type": "LineString", "coordinates": [[13.280359359155021, 52.662304262475324], [13.280165, 52.6620652]]}, "properties": {"length": 29.69}}, {"type": "Feature", "geometry": {"type": "LineString", "coordinates": [[13.2807045, 52.66186080000001], [13.280673121778253, 52.66205064536284]]}, "properties": {"length": 21.25}}, {"type": "Feature", "geometry": {"type": "LineString", "coordinates": [[13.280697154652676, 52.66185205623861], [13.2807045, 52.66186080000001]]}, "properties": {"length": 1.09}}, {"type": "Feature", "geometry": {"type": "LineString", "coordinates": [[13.274590299999998, 52.663943299999985], [13.274336999999997, 52.6636704]]}, "properties": {"length": 34.82284525160787}}, {"type": "Feature", "geometry": {"type": "LineString", "coordinates": [[13.277795356667472, 52.66302528341053], [13.274336999999997, 52.6636704]]}, "properties": {"length": 244.9}}, {"type": "Feature", "geometry": {"type": "LineString", "coordinates": [[13.2735906, 52.664076], [13.2739839, 52.66402909999999], [13.274309900000002, 52.66398840000001], [13.274590299999998, 52.663943299999985]]}, "properties": {"length": 69.04072391400834}}, {"type": "Feature", "geometry": {"type": "LineString", "coordinates": [[13.277902415718058, 52.662900227785514], [13.2779686, 52.6629691]]}, "properties": {"length": 8.88}}, {"type": "Feature", "geometry": {"type": "LineString", "coordinates": [[13.2779686, 52.6629691], [13.27780487344631, 52.6630221970965]]}, "properties": {"length": 12.56}}, {"type": "Feature", "geometry": {"type": "LineString", "coordinates": [[13.27811078656244, 52.66312248732007], [13.2779686, 52.6629691]]}, "properties": {"length": 19.61}}, {"type": "Feature", "geometry": {"type": "LineString", "coordinates": [[13.275856196690194, 52.665286800385246], [13.2754797, 52.6648953]]}, "properties": {"length": 50.5}}, {"type": "Feature", "geometry": {"type": "LineString", "coordinates": [[13.273815299999999, 52.67151489999999], [13.274215, 52.6717414]]}, "properties": {"length": 36.886937493907794}}, {"type": "Feature", "geometry": {"type": "LineString", "coordinates": [[13.273815299999999, 52.67151489999999], [13.273662698391552, 52.67142305491632]]}, "properties": {"length": 14.54}}, {"type": "Feature", "geometry": {"type": "LineString", "coordinates": [[13.274610443289143, 52.671178024411844], [13.273815299999999, 52.67151489999999]]}, "properties": {"length": 65.6}}, {"type": "Feature", "geometry": {"type": "LineString", "coordinates": [[13.27459142965377, 52.67163004417171], [13.274215, 52.6717414]]}, "properties": {"length": 28.34}}, {"type": "Feature", "geometry": {"type": "LineString", "coordinates": [[13.27407083513204, 52.67183790206805], [13.274215, 52.6717414]]}, "properties": {"length": 14.52}}, {"type": "Feature", "geometry": {"type": "LineString", "coordinates": [[13.2737993, 52.672017899999986], [13.27406697391358, 52.67184029624542]]}, "properties": {"length": 26.82}}, {"type": "Feature", "geometry": {"type": "LineString", "coordinates": [[13.272520799999999, 52.66364050000001], [13.2725303, 52.66361289999999], [13.2725544, 52.6635805], [13.2725927, 52.6635468], [13.2726343, 52.66352500000001]]}, "properties": {"length": 15.346369713125766}}, {"type": "Feature", "geometry": {"type": "LineString", "coordinates": [[13.272185888393041, 52.663369488655775], [13.2726343, 52.66352500000001]]}, "properties": {"length": 34.95}}, {"type": "Feature", "geometry": {"type": "LineString", "coordinates": [[13.276506700000002, 52.671559900000005], [13.276541799999999, 52.67156249999999], [13.276575100000002, 52.6715696], [13.2766049, 52.671581199999984], [13.2766298, 52.6715964], [13.276648499999999, 52.6716146], [13.276660099999999, 52.6716349]]}, "properties": {"length": 14.307695499144302}}, {"type": "Feature", "geometry": {"type": "LineString", "coordinates": [[13.276380000000001, 52.6715978], [13.2764151, 52.6715774], [13.276458700000001, 52.67156430000001], [13.276506700000002, 52.671559900000005]]}, "properties": {"length": 9.832381111178398}}, {"type": "Feature", "geometry": {"type": "LineString", "coordinates": [[13.276660099999999, 52.6716349], [13.276662599999998, 52.6716687], [13.2766457, 52.671700799999996], [13.276611499999996, 52.6717275]]}, "properties": {"length": 11.268270801978165}}, {"type": "Feature", "geometry": {"type": "LineString", "coordinates": [[13.276347799999998, 52.6716534], [13.2763567, 52.671624099999995], [13.276380000000001, 52.6715978]]}, "properties": {"length": 6.63253093792007}}, {"type": "Feature", "geometry": {"type": "LineString", "coordinates": [[13.2761864, 52.671698899999996], [13.276252599999998, 52.6716815], [13.276347799999998, 52.6716534]]}, "properties": {"length": 12.004033246839027}}, {"type": "Feature", "geometry": {"type": "LineString", "coordinates": [[13.276403099999998, 52.671729], [13.276372400000001, 52.671707600000005], [13.2763535, 52.67168159999999], [13.276347799999998, 52.6716534]]}, "properties": {"length": 9.472572165133373}}, {"type": "Feature", "geometry": {"type": "LineString", "coordinates": [[13.276403099999998, 52.671729], [13.2762871, 52.671741999999995], [13.2762295, 52.67175159999999]]}, "properties": {"length": 11.981736350618704}}, {"type": "Feature", "geometry": {"type": "LineString", "coordinates": [[13.276611499999996, 52.6717275], [13.2765738, 52.6717428], [13.276530499999996, 52.671751], [13.2764851, 52.67175129999999], [13.2764414, 52.6717438], [13.276403099999998, 52.671729]]}, "properties": {"length": 15.303265695917133}}, {"type": "Feature", "geometry": {"type": "LineString", "coordinates": [[13.2762295, 52.67175159999999], [13.2761864, 52.671698899999996]]}, "properties": {"length": 6.5410020673513785}}, {"type": "Feature", "geometry": {"type": "LineString", "coordinates": [[13.2762295, 52.67175159999999], [13.276110299999997, 52.6717661]]}, "properties": {"length": 8.197368600007081}}, {"type": "Feature", "geometry": {"type": "LineString", "coordinates": [[13.2762638, 52.671789], [13.2762295, 52.67175159999999]]}, "properties": {"length": 4.758515447198686}}, {"type": "Feature", "geometry": {"type": "LineString", "coordinates": [[13.2846076, 52.6604334], [13.2849318, 52.66099440000001]]}, "properties": {"length": 66.10148765885396}}, {"type": "Feature", "geometry": {"type": "LineString", "coordinates": [[13.283695199999999, 52.66123699999999], [13.283839899999998, 52.661207], [13.284834400000001, 52.6610126], [13.2849318, 52.66099440000001]]}, "properties": {"length": 87.65628276657841}}, {"type": "Feature", "geometry": {"type": "LineString", "coordinates": [[13.285408416326094, 52.66185145587707], [13.2849318, 52.66099440000001]]}, "properties": {"length": 100.74}}, {"type": "Feature", "geometry": {"type": "LineString", "coordinates": [[13.2846076, 52.6604334], [13.2846607, 52.66042749999998]]}, "properties": {"length": 3.640871366723795}}, {"type": "Feature", "geometry": {"type": "LineString", "coordinates": [[13.2846076, 52.6604334], [13.284317399999999, 52.6604653]]}, "properties": {"length": 19.891070783914987}}, {"type": "Feature", "geometry": {"type": "LineString", "coordinates": [[13.2846076, 52.6604334], [13.284593099999999, 52.660408399999994], [13.2845602, 52.66035]]}, "properties": {"length": 9.809303618588858}}, {"type": "Feature", "geometry": {"type": "LineString", "coordinates": [[13.283742199999999, 52.66131229999999], [13.2837099, 52.66127219999999], [13.283695199999999, 52.66123699999999]]}, "properties": {"length": 9.000275214389209}}, {"type": "Feature", "geometry": {"type": "LineString", "coordinates": [[13.28348387811489, 52.66104621473119], [13.283695199999999, 52.66123699999999]]}, "properties": {"length": 25.61}}, {"type": "Feature", "geometry": {"type": "LineString", "coordinates": [[13.2808694, 52.6616097], [13.280615426297205, 52.66163802382119]]}, "properties": {"length": 17.48}}, {"type": "Feature", "geometry": {"type": "LineString", "coordinates": [[13.280881684531712, 52.66155025791817], [13.2808694, 52.6616097]]}, "properties": {"length": 6.67}}, {"type": "Feature", "geometry": {"type": "LineString", "coordinates": [[13.281739599999998, 52.66037869999999], [13.280999914096178, 52.661093794068165]]}, "properties": {"length": 94.07}}, {"type": "Feature", "geometry": {"type": "LineString", "coordinates": [[13.281752813579883, 52.66031242015411], [13.281739599999998, 52.66037869999999]]}, "properties": {"length": 7.43}}, {"type": "Feature", "geometry": {"type": "LineString", "coordinates": [[13.281682771285912, 52.66036830093714], [13.281739599999998, 52.66037869999999]]}, "properties": {"length": 4.02}}, {"type": "Feature", "geometry": {"type": "LineString", "coordinates": [[13.279434399999996, 52.660031999999994], [13.277608199999998, 52.660504599999996], [13.277523400000002, 52.66052249999999], [13.277463799999998, 52.6605292], [13.277413999999998, 52.660528799999994]]}, "properties": {"length": 147.4117995015258}}, {"type": "Feature", "geometry": {"type": "LineString", "coordinates": [[13.279434399999996, 52.660031999999994], [13.281268092955559, 52.659557750459925]]}, "properties": {"length": 134.92}}, {"type": "Feature", "geometry": {"type": "LineString", "coordinates": [[13.279716599794257, 52.66043152277767], [13.279434399999996, 52.660031999999994]]}, "properties": {"length": 48.42}}, {"type": "Feature", "geometry": {"type": "LineString", "coordinates": [[13.28159, 52.6587033], [13.281465000000003, 52.6582376]]}, "properties": {"length": 52.46537724799184}}, {"type": "Feature", "geometry": {"type": "LineString", "coordinates": [[13.28159, 52.6587033], [13.2817108, 52.6586619], [13.282272499999998, 52.658469399999994], [13.2823988, 52.6584261]]}, "properties": {"length": 62.656923662103424}}, {"type": "Feature", "geometry": {"type": "LineString", "coordinates": [[13.28159, 52.6587033], [13.281618168410017, 52.65885970968888]]}, "properties": {"length": 17.52}}, {"type": "Feature", "geometry": {"type": "LineString", "coordinates": [[13.281435799999999, 52.65763439999999], [13.281447399999998, 52.657656599999996], [13.2814474, 52.657681399999994], [13.281400400000003, 52.6578399], [13.281391399999999, 52.6578965], [13.281392399999998, 52.657956399999996], [13.281413800000001, 52.65803530000001], [13.281465000000003, 52.6582376]]}, "properties": {"length": 67.8877395503439}}, {"type": "Feature", "geometry": {"type": "LineString", "coordinates": [[13.277915289524724, 52.65923056736675], [13.281465000000003, 52.6582376]]}, "properties": {"length": 264.56}}, {"type": "Feature", "geometry": {"type": "LineString", "coordinates": [[13.2815184, 52.6569182], [13.2814247, 52.6571287], [13.2814854, 52.657575800000004], [13.281469699999999, 52.65760419999999], [13.281435799999999, 52.65763439999999]]}, "properties": {"length": 81.52177591039997}}, {"type": "Feature", "geometry": {"type": "LineString", "coordinates": [[13.2760322, 52.658533299999995], [13.276230900000002, 52.658469700000005], [13.276284, 52.6584603], [13.276324999999998, 52.65844609999999], [13.276373399999999, 52.65842949999999], [13.2763995, 52.6584137], [13.2769566, 52.6582379], [13.277329399999998, 52.65811789999999], [13.277363199999998, 52.6580994], [13.2774392, 52.6580755], [13.277517599999998, 52.658052000000005], [13.277564100000001, 52.6580461], [13.2777668, 52.6579846], [13.278146299999998, 52.657887800000005], [13.278293, 52.65786159999998], [13.278349499999997, 52.65786], [13.2784124, 52.65785150000001], [13.278466000000002, 52.65784199999999], [13.278518699999998, 52.657824500000004], [13.2787681, 52.6577904], [13.278806700000002, 52.65777789999999], [13.2788927, 52.6577657], [13.278968699999998, 52.6577561], [13.279016999999998, 52.657761799999996], [13.279350600000003, 52.657727400000006], [13.279633999999998, 52.6577064], [13.2796715, 52.65771049999999], [13.2797185, 52.65771039999999], [13.279770399999999, 52.6577036], [13.279804899999997, 52.657695699999984], [13.2802778, 52.6576699], [13.280325699999999, 52.65765700000001], [13.280411999999998, 52.65765199999999], [13.280491000000001, 52.657649], [13.2805419, 52.65765309999999], [13.281133400000002, 52.6576202], [13.281244199999998, 52.657614099999996], [13.281333599999998, 52.657609199999996], [13.281385899999998, 52.657612999999984], [13.2814162, 52.6576218], [13.281435799999999, 52.65763439999999]]}, "properties": {"length": 386.5944120662876}}, {"type": "Feature", "geometry": {"type": "LineString", "coordinates": [[13.281544399999998, 52.656862399999994], [13.2815184, 52.6569182]]}, "properties": {"length": 6.447754579100533}}, {"type": "Feature", "geometry": {"type": "LineString", "coordinates": [[13.2813482, 52.6567774], [13.2815184, 52.6569182]]}, "properties": {"length": 19.414094209117096}}, {"type": "Feature", "geometry": {"type": "LineString", "coordinates": [[13.2811636, 52.6568394], [13.2815184, 52.6569182]]}, "properties": {"length": 25.484742035865978}}, {"type": "Feature", "geometry": {"type": "LineString", "coordinates": [[13.282180600000002, 52.65703820000001], [13.282012, 52.6570797], [13.281875299999998, 52.657054499999994], [13.281746500000002, 52.657012200000004], [13.281548, 52.6569374], [13.2815184, 52.6569182]]}, "properties": {"length": 50.47315086283671}}, {"type": "Feature", "geometry": {"type": "LineString", "coordinates": [[13.2760322, 52.658533299999995], [13.276068781669943, 52.6585734268609]]}, "properties": {"length": 5.11}}, {"type": "Feature", "geometry": {"type": "LineString", "coordinates": [[13.275950619678625, 52.65856080294389], [13.2760322, 52.658533299999995]]}, "properties": {"length": 6.32}}, {"type": "Feature", "geometry": {"type": "LineString", "coordinates": [[13.27716275759936, 52.659794048140306], [13.277413999999998, 52.660528799999994]]}, "properties": {"length": 83.56}}, {"type": "Feature", "geometry": {"type": "LineString", "coordinates": [[13.2736246, 52.661335099999995], [13.273438499999997, 52.66145160000001], [13.273405099999996, 52.6614838], [13.273377700000001, 52.661502], [13.273313099999998, 52.66153800000001], [13.273263399999998, 52.661554699999996], [13.2731886, 52.6616131]]}, "properties": {"length": 42.97931576227971}}, {"type": "Feature", "geometry": {"type": "LineString", "coordinates": [[13.273615875877079, 52.661980006598014], [13.2731886, 52.6616131]]}, "properties": {"length": 50.06}}, {"type": "Feature", "geometry": {"type": "LineString", "coordinates": [[13.2731886, 52.6616131], [13.272716476403636, 52.66176392935024]]}, "properties": {"length": 36.11}}, {"type": "Feature", "geometry": {"type": "LineString", "coordinates": [[13.2736246, 52.661335099999995], [13.273956948977933, 52.66112542115354]]}, "properties": {"length": 32.43}}, {"type": "Feature", "geometry": {"type": "LineString", "coordinates": [[13.2736246, 52.661335099999995], [13.274499043466445, 52.66235544182227]]}, "properties": {"length": 128.11}}, {"type": "Feature", "geometry": {"type": "LineString", "coordinates": [[13.281400500000002, 52.6634198], [13.281087199999998, 52.66308119999999]]}, "properties": {"length": 43.174064379877606}}, {"type": "Feature", "geometry": {"type": "LineString", "coordinates": [[13.280924431371828, 52.662910928751735], [13.281087199999998, 52.66308119999999]]}, "properties": {"length": 21.93}}, {"type": "Feature", "geometry": {"type": "LineString", "coordinates": [[13.28012978581924, 52.6634100184071], [13.281087199999998, 52.66308119999999]]}, "properties": {"length": 74.44}}, {"type": "Feature", "geometry": {"type": "LineString", "coordinates": [[13.2814621099237, 52.663485507119894], [13.281400500000002, 52.6634198]]}, "properties": {"length": 8.42}}, {"type": "Feature", "geometry": {"type": "LineString", "coordinates": [[13.281533485371918, 52.66336926392634], [13.281400500000002, 52.6634198]]}, "properties": {"length": 10.62}}, {"type": "Feature", "geometry": {"type": "LineString", "coordinates": [[13.2848078, 52.6552061], [13.284774353702742, 52.655470189879985]]}, "properties": {"length": 29.49}}, {"type": "Feature", "geometry": {"type": "LineString", "coordinates": [[13.284817807609745, 52.6551850550795], [13.2848078, 52.6552061]]}, "properties": {"length": 2.44}}, {"type": "Feature", "geometry": {"type": "LineString", "coordinates": [[13.2848078, 52.6552061], [13.284843690077258, 52.6552117820073]]}, "properties": {"length": 2.51}}, {"type": "Feature", "geometry": {"type": "LineString", "coordinates": [[13.2848078, 52.6552061], [13.284640598554198, 52.65512467631374]]}, "properties": {"length": 14.5}}, {"type": "Feature", "geometry": {"type": "LineString", "coordinates": [[13.28384925219879, 52.65587487017481], [13.2840053, 52.6558684]]}, "properties": {"length": 10.59}}, {"type": "Feature", "geometry": {"type": "LineString", "coordinates": [[13.2840053, 52.6558684], [13.284000514641672, 52.65582704729958]]}, "properties": {"length": 4.62}}, {"type": "Feature", "geometry": {"type": "LineString", "coordinates": [[13.284101777035671, 52.656706535419275], [13.2840053, 52.6558684]]}, "properties": {"length": 93.55}}, {"type": "Feature", "geometry": {"type": "LineString", "coordinates": [[13.2840053, 52.6558684], [13.284642879104009, 52.655842006897295]]}, "properties": {"length": 43.27}}, {"type": "Feature", "geometry": {"type": "LineString", "coordinates": [[13.274841619414849, 52.66261238159834], [13.2746619, 52.66264649999999]]}, "properties": {"length": 12.75}}, {"type": "Feature", "geometry": {"type": "LineString", "coordinates": [[13.274627494589861, 52.662585797862526], [13.2746619, 52.66264649999999]]}, "properties": {"length": 7.15}}, {"type": "Feature", "geometry": {"type": "LineString", "coordinates": [[13.2936499, 52.674104899999996], [13.293579539081154, 52.67409494536004]]}, "properties": {"length": 4.89}}, {"type": "Feature", "geometry": {"type": "LineString", "coordinates": [[13.293683476697502, 52.674011472634604], [13.2936499, 52.674104899999996]]}, "properties": {"length": 10.65}}, {"type": "Feature", "geometry": {"type": "LineString", "coordinates": [[13.294899937583812, 52.67431907447232], [13.2936499, 52.674104899999996]]}, "properties": {"length": 87.9}}, {"type": "Feature", "geometry": {"type": "LineString", "coordinates": [[13.2956367, 52.674445299999995], [13.295040871916369, 52.67434322040597]]}, "properties": {"length": 41.9}}, {"type": "Feature", "geometry": {"type": "LineString", "coordinates": [[13.295795825600418, 52.67446605623096], [13.2956367, 52.674445299999995]]}, "properties": {"length": 11.02}}, {"type": "Feature", "geometry": {"type": "LineString", "coordinates": [[13.29557956163276, 52.67453488000259], [13.2956367, 52.674445299999995]]}, "properties": {"length": 10.7}}, {"type": "Feature", "geometry": {"type": "LineString", "coordinates": [[13.2762638, 52.671789], [13.276135299999998, 52.67179699999999]]}, "properties": {"length": 8.709846923455068}}, {"type": "Feature", "geometry": {"type": "LineString", "coordinates": [[13.276135299999998, 52.67179699999999], [13.276110299999997, 52.6717661]]}, "properties": {"length": 3.827147594875638}}, {"type": "Feature", "geometry": {"type": "LineString", "coordinates": [[13.276241152618889, 52.671932773570184], [13.276135299999998, 52.67179699999999]]}, "properties": {"length": 16.73}}, {"type": "Feature", "geometry": {"type": "LineString", "coordinates": [[13.2761864, 52.671698899999996], [13.276168300000002, 52.671675500000006]]}, "properties": {"length": 2.8739609584393735}}, {"type": "Feature", "geometry": {"type": "LineString", "coordinates": [[13.2621327, 52.66936789999999], [13.2621733, 52.669283099999994]]}, "properties": {"length": 9.818724154808363}}, {"type": "Feature", "geometry": {"type": "LineString", "coordinates": [[13.262187, 52.669145799999995], [13.2621733, 52.669283099999994]]}, "properties": {"length": 15.295008511892055}}, {"type": "Feature", "geometry": {"type": "LineString", "coordinates": [[13.2623013, 52.66917929999998], [13.2621733, 52.669283099999994]]}, "properties": {"length": 14.412310519708763}}, {"type": "Feature", "geometry": {"type": "LineString", "coordinates": [[13.261989299999998, 52.67038719999999], [13.262075699999999, 52.6695324], [13.2621327, 52.66936789999999]]}, "properties": {"length": 113.9189723629194}}, {"type": "Feature", "geometry": {"type": "LineString", "coordinates": [[13.262099414387908, 52.66936520869825], [13.2621327, 52.66936789999999]]}, "properties": {"length": 2.27}}, {"type": "Feature", "geometry": {"type": "LineString", "coordinates": [[13.262187, 52.669145799999995], [13.262212199999997, 52.66902989999998]]}, "properties": {"length": 12.999052939624743}}, {"type": "Feature", "geometry": {"type": "LineString", "coordinates": [[13.262187, 52.669145799999995], [13.262136688230447, 52.6691322304422]]}, "properties": {"length": 3.73}}, {"type": "Feature", "geometry": {"type": "LineString", "coordinates": [[13.262212199999997, 52.66902989999998], [13.2623013, 52.66917929999998]]}, "properties": {"length": 17.665603563432825}}, {"type": "Feature", "geometry": {"type": "LineString", "coordinates": [[13.262670038692495, 52.66902997113063], [13.2623013, 52.66917929999998]]}, "properties": {"length": 29.99}}, {"type": "Feature", "geometry": {"type": "LineString", "coordinates": [[13.2619531, 52.6707451], [13.261965300000002, 52.67062469999999], [13.261985099999999, 52.670428699999995], [13.261989299999998, 52.67038719999999]]}, "properties": {"length": 39.87150607855461}}, {"type": "Feature", "geometry": {"type": "LineString", "coordinates": [[13.2619531, 52.6707451], [13.261930502388896, 52.67096835911639]]}, "properties": {"length": 24.91}}, {"type": "Feature", "geometry": {"type": "LineString", "coordinates": [[13.26194349531309, 52.67074449507838], [13.2619531, 52.6707451]]}, "properties": {"length": 0.65}}, {"type": "Feature", "geometry": {"type": "LineString", "coordinates": [[13.262198386806828, 52.668794817330856], [13.262212199999997, 52.66902989999998]]}, "properties": {"length": 26.19}}, {"type": "Feature", "geometry": {"type": "LineString", "coordinates": [[13.257524546130995, 52.67834919343664], [13.2575081, 52.67835509999999]]}, "properties": {"length": 1.29}}, {"type": "Feature", "geometry": {"type": "LineString", "coordinates": [[13.25755071822501, 52.67839835398594], [13.2575081, 52.67835509999999]]}, "properties": {"length": 5.61}}, {"type": "Feature", "geometry": {"type": "LineString", "coordinates": [[13.257026383059777, 52.677862568522286], [13.2575081, 52.67835509999999]]}, "properties": {"length": 63.8}}, {"type": "Feature", "geometry": {"type": "LineString", "coordinates": [[13.2576982, 52.67877519999999], [13.257826203533574, 52.678729307594004]]}, "properties": {"length": 10.06}}, {"type": "Feature", "geometry": {"type": "LineString", "coordinates": [[13.2576982, 52.67877519999999], [13.25763060748679, 52.67870636764287]]}, "properties": {"length": 8.93}}, {"type": "Feature", "geometry": {"type": "LineString", "coordinates": [[13.2576982, 52.67877519999999], [13.257646752368274, 52.67879374762203]]}, "properties": {"length": 4.05}}, {"type": "Feature", "geometry": {"type": "LineString", "coordinates": [[13.249057799999997, 52.67520520000001], [13.248991899999998, 52.675208899999994]]}, "properties": {"length": 4.462064989314038}}, {"type": "Feature", "geometry": {"type": "LineString", "coordinates": [[13.248991899999998, 52.675208899999994], [13.249047099999999, 52.67549], [13.249083999999998, 52.67564719999999], [13.2490931, 52.6757625], [13.2490837, 52.6758615]]}, "properties": {"length": 72.99574306606331}}, {"type": "Feature", "geometry": {"type": "LineString", "coordinates": [[13.248991899999998, 52.675208899999994], [13.248991356832322, 52.674636589170426]]}, "properties": {"length": 63.73}}, {"type": "Feature", "geometry": {"type": "LineString", "coordinates": [[13.2490837, 52.6758615], [13.248969524017468, 52.67587669481862]]}, "properties": {"length": 7.91}}, {"type": "Feature", "geometry": {"type": "LineString", "coordinates": [[13.249524276769002, 52.67580582185075], [13.2490837, 52.6758615]]}, "properties": {"length": 30.46}}, {"type": "Feature", "geometry": {"type": "LineString", "coordinates": [[13.249069577103471, 52.676018970263556], [13.2490837, 52.6758615]]}, "properties": {"length": 17.56}}, {"type": "Feature", "geometry": {"type": "LineString", "coordinates": [[13.250228500000002, 52.675639200000006], [13.2502436, 52.675717]]}, "properties": {"length": 8.710673681293153}}, {"type": "Feature", "geometry": {"type": "LineString", "coordinates": [[13.250338130746709, 52.67570531724139], [13.2502436, 52.675717]]}, "properties": {"length": 6.53}}, {"type": "Feature", "geometry": {"type": "LineString", "coordinates": [[13.2502436, 52.675717], [13.250223701238241, 52.67571945211828]]}, "properties": {"length": 1.37}}, {"type": "Feature", "geometry": {"type": "LineString", "coordinates": [[13.25025792186091, 52.67576928729599], [13.2502436, 52.675717]]}, "properties": {"length": 5.9}}, {"type": "Feature", "geometry": {"type": "LineString", "coordinates": [[13.250340816042161, 52.67563135041377], [13.250228500000002, 52.675639200000006]]}, "properties": {"length": 7.65}}, {"type": "Feature", "geometry": {"type": "LineString", "coordinates": [[13.250218897965844, 52.67558997442323], [13.250228500000002, 52.675639200000006]]}, "properties": {"length": 5.52}}, {"type": "Feature", "geometry": {"type": "LineString", "coordinates": [[13.250606599999998, 52.67904789999999], [13.25044975630137, 52.679104633523544]]}, "properties": {"length": 12.35}}, {"type": "Feature", "geometry": {"type": "LineString", "coordinates": [[13.258206743663225, 52.6741329796229], [13.2583909, 52.67421389999999]]}, "properties": {"length": 15.38}}, {"type": "Feature", "geometry": {"type": "LineString", "coordinates": [[13.258399580638532, 52.67421782243566], [13.2583909, 52.67421389999999]]}, "properties": {"length": 0.73}}, {"type": "Feature", "geometry": {"type": "LineString", "coordinates": [[13.258553552057183, 52.67404725104022], [13.2583909, 52.67421389999999]]}, "properties": {"length": 21.58}}, {"type": "Feature", "geometry": {"type": "LineString", "coordinates": [[13.2566088, 52.6734308], [13.256786665080822, 52.67350896094934]]}, "properties": {"length": 14.86}}, {"type": "Feature", "geometry": {"type": "LineString", "coordinates": [[13.257387577153551, 52.673182993069695], [13.2566088, 52.6734308]]}, "properties": {"length": 59.5}}, {"type": "Feature", "geometry": {"type": "LineString", "coordinates": [[13.256546969512776, 52.6734029151625], [13.2566088, 52.6734308]]}, "properties": {"length": 5.21}}, {"type": "Feature", "geometry": {"type": "LineString", "coordinates": [[13.271139599999998, 52.6728321], [13.271128918983095, 52.672821715247004]]}, "properties": {"length": 1.36}}, {"type": "Feature", "geometry": {"type": "LineString", "coordinates": [[13.271140158266617, 52.672832619655885], [13.271139599999998, 52.6728321]]}, "properties": {"length": 0.07}}, {"type": "Feature", "geometry": {"type": "LineString", "coordinates": [[13.27117084163078, 52.67279838983635], [13.271139599999998, 52.6728321]]}, "properties": {"length": 4.31}}, {"type": "Feature", "geometry": {"type": "LineString", "coordinates": [[13.285648, 52.655265099999994], [13.2854019, 52.65523910000001]]}, "properties": {"length": 16.849811458368475}}, {"type": "Feature", "geometry": {"type": "LineString", "coordinates": [[13.28539951960191, 52.65521546885783], [13.2854019, 52.65523910000001]]}, "properties": {"length": 2.64}}, {"type": "Feature", "geometry": {"type": "LineString", "coordinates": [[13.285399475913355, 52.65521546519832], [13.2854019, 52.65523910000001]]}, "properties": {"length": 2.64}}, {"type": "Feature", "geometry": {"type": "LineString", "coordinates": [[13.284576834326726, 52.65503061755941], [13.2854019, 52.65523910000001]]}, "properties": {"length": 60.5}}, {"type": "Feature", "geometry": {"type": "LineString", "coordinates": [[13.2853619, 52.654842], [13.2853432, 52.654671]]}, "properties": {"length": 19.056151389996437}}, {"type": "Feature", "geometry": {"type": "LineString", "coordinates": [[13.2853619, 52.654842], [13.285205, 52.6548476], [13.285188099999997, 52.65467559999999]]}, "properties": {"length": 29.761115888039964}}, {"type": "Feature", "geometry": {"type": "LineString", "coordinates": [[13.2853619, 52.654842], [13.285393856396801, 52.65515924787519]]}, "properties": {"length": 35.39}}, {"type": "Feature", "geometry": {"type": "LineString", "coordinates": [[13.285648, 52.655265099999994], [13.2857609, 52.6552801]]}, "properties": {"length": 7.795843293507857}}, {"type": "Feature", "geometry": {"type": "LineString", "coordinates": [[13.285648, 52.655265099999994], [13.285644818952703, 52.65523601508176]]}, "properties": {"length": 3.25}}, {"type": "Feature", "geometry": {"type": "LineString", "coordinates": [[13.2853931, 52.6551533], [13.285306000000002, 52.6543021]]}, "properties": {"length": 94.83142295700986}}, {"type": "Feature", "geometry": {"type": "LineString", "coordinates": [[13.2853931, 52.6551533], [13.28539370963183, 52.65515924392427]]}, "properties": {"length": 0.66}}, {"type": "Feature", "geometry": {"type": "LineString", "coordinates": [[13.2853931, 52.6551533], [13.285269004298804, 52.65395427666917]]}, "properties": {"length": 133.78}}, {"type": "Feature", "geometry": {"type": "LineString", "coordinates": [[13.282149200000001, 52.6549602], [13.2821399, 52.6548638]]}, "properties": {"length": 10.737546023908076}}, {"type": "Feature", "geometry": {"type": "LineString", "coordinates": [[13.282168726890639, 52.655133670863535], [13.2821399, 52.6548638]]}, "properties": {"length": 30.11}}, {"type": "Feature", "geometry": {"type": "LineString", "coordinates": [[13.282131640217152, 52.6547837266897], [13.2821399, 52.6548638]]}, "properties": {"length": 8.93}}, {"type": "Feature", "geometry": {"type": "LineString", "coordinates": [[13.28337691025697, 52.65496246394316], [13.2821399, 52.6548638]]}, "properties": {"length": 84.48}}, {"type": "Feature", "geometry": {"type": "LineString", "coordinates": [[13.283311599999998, 52.6605841], [13.282767799999998, 52.66074109999999]]}, "properties": {"length": 40.61880117358181}}, {"type": "Feature", "geometry": {"type": "LineString", "coordinates": [[13.2823596, 52.657089400000004], [13.282744300000001, 52.660528], [13.282767799999998, 52.66074109999999]]}, "properties": {"length": 406.98339378088076}}, {"type": "Feature", "geometry": {"type": "LineString", "coordinates": [[13.282767799999998, 52.66074109999999], [13.28225761953754, 52.65596583715228]]}, "properties": {"length": 532.85}}, {"type": "Feature", "geometry": {"type": "LineString", "coordinates": [[13.2821641, 52.65509860000001], [13.282149200000001, 52.6549602]]}, "properties": {"length": 15.422182876824476}}, {"type": "Feature", "geometry": {"type": "LineString", "coordinates": [[13.282149200000001, 52.6549602], [13.282212749854105, 52.65496740235395]]}, "properties": {"length": 4.38}}, {"type": "Feature", "geometry": {"type": "LineString", "coordinates": [[13.28430754170816, 52.65255547204925], [13.2851256, 52.65253949999999]]}, "properties": {"length": 55.43}}, {"type": "Feature", "geometry": {"type": "LineString", "coordinates": [[13.285111450021729, 52.652370548139515], [13.2851256, 52.65253949999999]]}, "properties": {"length": 18.84}}, {"type": "Feature", "geometry": {"type": "LineString", "coordinates": [[13.285160157269349, 52.65287715626305], [13.2851256, 52.65253949999999]]}, "properties": {"length": 37.67}}, {"type": "Feature", "geometry": {"type": "LineString", "coordinates": [[13.285158773864566, 52.65287734717317], [13.2851256, 52.65253949999999]]}, "properties": {"length": 37.69}}, {"type": "Feature", "geometry": {"type": "LineString", "coordinates": [[13.284509179061185, 52.654314683878496], [13.285306000000002, 52.6543021]]}, "properties": {"length": 53.97}}, {"type": "Feature", "geometry": {"type": "LineString", "coordinates": [[13.285306000000002, 52.6543021], [13.285270393602422, 52.65395422177875]]}, "properties": {"length": 38.81}}, {"type": "Feature", "geometry": {"type": "LineString", "coordinates": [[13.285395009100048, 52.65515927888352], [13.285306000000002, 52.6543021]]}, "properties": {"length": 95.64}}, {"type": "Feature", "geometry": {"type": "LineString", "coordinates": [[13.285329899999999, 52.65453500000001], [13.2853432, 52.654671]]}, "properties": {"length": 15.14911840506343}}, {"type": "Feature", "geometry": {"type": "LineString", "coordinates": [[13.285329899999999, 52.65453500000001], [13.285185700000001, 52.6545405], [13.2851924, 52.654599700000006], [13.285179299999998, 52.6546001], [13.285188099999997, 52.65467559999999]]}, "properties": {"length": 25.64512848312294}}, {"type": "Feature", "geometry": {"type": "LineString", "coordinates": [[13.285329899999999, 52.65453500000001], [13.285269943883272, 52.65395423954908]]}, "properties": {"length": 64.79}}, {"type": "Feature", "geometry": {"type": "LineString", "coordinates": [[13.2857609, 52.6552801], [13.285808700000002, 52.6552856]]}, "properties": {"length": 3.281692563232667}}, {"type": "Feature", "geometry": {"type": "LineString", "coordinates": [[13.285870399999999, 52.6552926], [13.285808700000002, 52.6552856]]}, "properties": {"length": 4.233946401474941}}, {"type": "Feature", "geometry": {"type": "LineString", "coordinates": [[13.285808700000002, 52.6552856], [13.285812000494321, 52.65532087408606]]}, "properties": {"length": 3.93}}, {"type": "Feature", "geometry": {"type": "LineString", "coordinates": [[13.285808700000002, 52.6552856], [13.285804795882543, 52.655249414428276]]}, "properties": {"length": 4.04}}, {"type": "Feature", "geometry": {"type": "LineString", "coordinates": [[13.2857609, 52.6552801], [13.285764896057287, 52.65531457108986]]}, "properties": {"length": 3.85}}, {"type": "Feature", "geometry": {"type": "LineString", "coordinates": [[13.2859068, 52.655296799999995], [13.285870399999999, 52.6552926]]}, "properties": {"length": 2.4992719276970403}}, {"type": "Feature", "geometry": {"type": "LineString", "coordinates": [[13.285873541448785, 52.65532910878429], [13.285870399999999, 52.6552926]]}, "properties": {"length": 4.07}}, {"type": "Feature", "geometry": {"type": "LineString", "coordinates": [[13.3048117, 52.65787989999999], [13.304826899999998, 52.657994599999995]]}, "properties": {"length": 12.795214232968478}}, {"type": "Feature", "geometry": {"type": "LineString", "coordinates": [[13.304826899999998, 52.657994599999995], [13.304724842570387, 52.65852534992569]]}, "properties": {"length": 59.5}}, {"type": "Feature", "geometry": {"type": "LineString", "coordinates": [[13.30490398609309, 52.65802302694384], [13.304826899999998, 52.657994599999995]]}, "properties": {"length": 6.1}}, {"type": "Feature", "geometry": {"type": "LineString", "coordinates": [[13.302211999999999, 52.650154199999996], [13.3019507, 52.6500358], [13.301384400000002, 52.64983779999999], [13.300938299999999, 52.64967189999999], [13.3007022, 52.64959089999999]]}, "properties": {"length": 119.6898536743367}}, {"type": "Feature", "geometry": {"type": "LineString", "coordinates": [[13.302211999999999, 52.650154199999996], [13.301702013830017, 52.6507317708996]]}, "properties": {"length": 73.0}}, {"type": "Feature", "geometry": {"type": "LineString", "coordinates": [[13.302868387958753, 52.649348900675655], [13.302211999999999, 52.650154199999996]]}, "properties": {"length": 100.08}}, {"type": "Feature", "geometry": {"type": "LineString", "coordinates": [[13.302311223174762, 52.650210887372104], [13.302211999999999, 52.650154199999996]]}, "properties": {"length": 9.22}}, {"type": "Feature", "geometry": {"type": "LineString", "coordinates": [[13.281522599999997, 52.65590399999999], [13.28165, 52.65656599999999]]}, "properties": {"length": 74.11102249069957}}, {"type": "Feature", "geometry": {"type": "LineString", "coordinates": [[13.281544399999998, 52.656862399999994], [13.28165, 52.65656599999999]]}, "properties": {"length": 33.71909242771157}}, {"type": "Feature", "geometry": {"type": "LineString", "coordinates": [[13.281913699999999, 52.65646499999999], [13.2818632, 52.6564859], [13.2817774, 52.6564932], [13.28165, 52.65656599999999]]}, "properties": {"length": 21.77291842200996}}, {"type": "Feature", "geometry": {"type": "LineString", "coordinates": [[13.281352999999998, 52.6550037], [13.2813774, 52.655148600000004], [13.281522599999997, 52.65590399999999]]}, "properties": {"length": 100.76183310325332}}, {"type": "Feature", "geometry": {"type": "LineString", "coordinates": [[13.282125699999998, 52.6559077], [13.282037699999998, 52.655889], [13.281918900000003, 52.6558864], [13.2817782, 52.6558997], [13.281522599999997, 52.65590399999999]]}, "properties": {"length": 41.15975160546189}}, {"type": "Feature", "geometry": {"type": "LineString", "coordinates": [[13.28095590023106, 52.6559713568335], [13.281522599999997, 52.65590399999999]]}, "properties": {"length": 39.1}}, {"type": "Feature", "geometry": {"type": "LineString", "coordinates": [[13.281544399999998, 52.656862399999994], [13.2815748, 52.6568544], [13.281655299999999, 52.6567934], [13.281742500000002, 52.656690100000006], [13.2818283, 52.65659159999999], [13.281913699999999, 52.65646499999999]]}, "properties": {"length": 51.426147547969265}}, {"type": "Feature", "geometry": {"type": "LineString", "coordinates": [[13.281913699999999, 52.65646499999999], [13.282068999999998, 52.65633630000001], [13.2821169, 52.65625459999998]]}, "properties": {"length": 27.37691270587254}}, {"type": "Feature", "geometry": {"type": "LineString", "coordinates": [[13.281324700000003, 52.65472829999999], [13.2813313, 52.6548752]]}, "properties": {"length": 16.340623323520994}}, {"type": "Feature", "geometry": {"type": "LineString", "coordinates": [[13.281352999999998, 52.6550037], [13.2813313, 52.6548752]]}, "properties": {"length": 14.363344154410079}}, {"type": "Feature", "geometry": {"type": "LineString", "coordinates": [[13.2815547, 52.6548615], [13.2813313, 52.6548752]]}, "properties": {"length": 15.145713235116165}}, {"type": "Feature", "geometry": {"type": "LineString", "coordinates": [[13.2801747, 52.65508419999999], [13.280506999999998, 52.65505039999998], [13.280717900000003, 52.654994], [13.2813313, 52.6548752]]}, "properties": {"length": 81.70701782688022}}, {"type": "Feature", "geometry": {"type": "LineString", "coordinates": [[13.281324700000003, 52.65472829999999], [13.2813646, 52.654784299999996], [13.281408599999999, 52.654810999999995], [13.281467999999998, 52.65484159999999], [13.2815547, 52.6548615]]}, "properties": {"length": 22.490924608474188}}, {"type": "Feature", "geometry": {"type": "LineString", "coordinates": [[13.281253342509745, 52.65341589566798], [13.281324700000003, 52.65472829999999]]}, "properties": {"length": 146.22}}, {"type": "Feature", "geometry": {"type": "LineString", "coordinates": [[13.281352999999998, 52.6550037], [13.2820413, 52.654926499999995]]}, "properties": {"length": 47.21443931100744}}, {"type": "Feature", "geometry": {"type": "LineString", "coordinates": [[13.282046899999996, 52.654896699999995], [13.2817955, 52.65487869999999], [13.2815547, 52.6548615]]}, "properties": {"length": 33.43007839751301}}, {"type": "Feature", "geometry": {"type": "LineString", "coordinates": [[13.279986699999997, 52.65504399999998], [13.2801747, 52.65508419999999]]}, "properties": {"length": 13.445808821776248}}, {"type": "Feature", "geometry": {"type": "LineString", "coordinates": [[13.279987799999999, 52.65498399999999], [13.280045400000002, 52.6550481], [13.2801747, 52.65508419999999]]}, "properties": {"length": 17.71876074524749}}, {"type": "Feature", "geometry": {"type": "LineString", "coordinates": [[13.282240999999999, 52.6613569], [13.282207599999998, 52.6613259], [13.282183800000002, 52.661292399999994], [13.282174399999999, 52.66126209999999], [13.2821819, 52.661220799999995], [13.2822146, 52.661193], [13.2822597, 52.66118629999998], [13.2823045, 52.661194699999996], [13.2823318, 52.66122250000001], [13.2823336, 52.6612611], [13.282314799999998, 52.6613044], [13.2822772, 52.66133309999999], [13.282240999999999, 52.6613569]]}, "properties": {"length": 46.86126481850489}}, {"type": "Feature", "geometry": {"type": "LineString", "coordinates": [[13.282240999999999, 52.6613569], [13.282154812577692, 52.661975778481725]]}, "properties": {"length": 69.16}}, {"type": "Feature", "geometry": {"type": "LineString", "coordinates": [[13.2823596, 52.657089400000004], [13.27993481286396, 52.65714519721398]]}, "properties": {"length": 164.3}}, {"type": "Feature", "geometry": {"type": "LineString", "coordinates": [[13.2823596, 52.657089400000004], [13.282251470950055, 52.655963763340004]]}, "properties": {"length": 125.55}}, {"type": "Feature", "geometry": {"type": "LineString", "coordinates": [[13.2806229, 52.6550223], [13.2812452, 52.654904900000005]]}, "properties": {"length": 43.95873223198304}}, {"type": "Feature", "geometry": {"type": "LineString", "coordinates": [[13.2812452, 52.654904900000005], [13.28117915490342, 52.6531563965557]]}, "properties": {"length": 194.75}}, {"type": "Feature", "geometry": {"type": "LineString", "coordinates": [[13.257967499999996, 52.65668709999999], [13.257848799999998, 52.656626899999985]]}, "properties": {"length": 10.435977793493386}}, {"type": "Feature", "geometry": {"type": "LineString", "coordinates": [[13.257797099999998, 52.65660849999999], [13.257848799999998, 52.656626899999985]]}, "properties": {"length": 4.043062131923907}}, {"type": "Feature", "geometry": {"type": "LineString", "coordinates": [[13.257848799999998, 52.656626899999985], [13.257968007630083, 52.65644730239707]]}, "properties": {"length": 21.57}}, {"type": "Feature", "geometry": {"type": "LineString", "coordinates": [[13.259164944680876, 52.65766725325169], [13.257967499999996, 52.65668709999999]]}, "properties": {"length": 135.96}}, {"type": "Feature", "geometry": {"type": "LineString", "coordinates": [[13.257797099999998, 52.65660849999999], [13.257779823681107, 52.65660306835182]]}, "properties": {"length": 1.32}}, {"type": "Feature", "geometry": {"type": "LineString", "coordinates": [[13.305131200000002, 52.67484079999999], [13.3069524, 52.67429200000001]]}, "properties": {"length": 137.11718113620077}}, {"type": "Feature", "geometry": {"type": "LineString", "coordinates": [[13.307485473191731, 52.67413231502393], [13.3069524, 52.67429200000001]]}, "properties": {"length": 40.22}}, {"type": "Feature", "geometry": {"type": "LineString", "coordinates": [[13.306955951963468, 52.67432619094238], [13.3069524, 52.67429200000001]]}, "properties": {"length": 3.81}}, {"type": "Feature", "geometry": {"type": "LineString", "coordinates": [[13.305131200000002, 52.67484079999999], [13.303645499999996, 52.67526589999999]]}, "properties": {"length": 110.76098235376656}}, {"type": "Feature", "geometry": {"type": "LineString", "coordinates": [[13.305131200000002, 52.67484079999999], [13.30505665925433, 52.67476284457241]]}, "properties": {"length": 10.04}}, {"type": "Feature", "geometry": {"type": "LineString", "coordinates": [[13.297342900000002, 52.662120400000006], [13.297498399999998, 52.66215119999999]]}, "properties": {"length": 11.032192669804573}}, {"type": "Feature", "geometry": {"type": "LineString", "coordinates": [[13.297342900000002, 52.662120400000006], [13.297145846109997, 52.66208133182909]]}, "properties": {"length": 14.03}}, {"type": "Feature", "geometry": {"type": "LineString", "coordinates": [[13.3018215, 52.66488139999999], [13.30189727406167, 52.66489493627855]]}, "properties": {"length": 5.35}}, {"type": "Feature", "geometry": {"type": "LineString", "coordinates": [[13.301847609319028, 52.66493325719059], [13.3018215, 52.66488139999999]]}, "properties": {"length": 6.04}}, {"type": "Feature", "geometry": {"type": "LineString", "coordinates": [[13.301646463547598, 52.66484736116618], [13.3018215, 52.66488139999999]]}, "properties": {"length": 12.44}}, {"type": "Feature", "geometry": {"type": "LineString", "coordinates": [[13.286427899999998, 52.65596929999999], [13.286361900000001, 52.6553873]]}, "properties": {"length": 64.8684774730589}}, {"type": "Feature", "geometry": {"type": "LineString", "coordinates": [[13.286916, 52.65544469999999], [13.286361900000001, 52.6553873]]}, "properties": {"length": 37.91607596909055}}, {"type": "Feature", "geometry": {"type": "LineString", "coordinates": [[13.286361900000001, 52.6553873], [13.286078343043924, 52.65535651270287]]}, "properties": {"length": 19.5}}, {"type": "Feature", "geometry": {"type": "LineString", "coordinates": [[13.271841100000001, 52.673485], [13.271819, 52.673464499999994]]}, "properties": {"length": 2.723310139878689}}, {"type": "Feature", "geometry": {"type": "LineString", "coordinates": [[13.271841100000001, 52.673485], [13.271737470531974, 52.67352625506592]]}, "properties": {"length": 8.38}}, {"type": "Feature", "geometry": {"type": "LineString", "coordinates": [[13.273113699999998, 52.67332919999999], [13.2735907, 52.6729277]]}, "properties": {"length": 55.0228941121542}}, {"type": "Feature", "geometry": {"type": "LineString", "coordinates": [[13.273014376366405, 52.673274119145766], [13.273113699999998, 52.67332919999999]]}, "properties": {"length": 9.1}}, {"type": "Feature", "geometry": {"type": "LineString", "coordinates": [[13.259318799999999, 52.67271939999999], [13.257793767844126, 52.67305374006518]]}, "properties": {"length": 109.73}}, {"type": "Feature", "geometry": {"type": "LineString", "coordinates": [[13.259318799999999, 52.67271939999999], [13.25928593761662, 52.672631513340235]]}, "properties": {"length": 10.04}}, {"type": "Feature", "geometry": {"type": "LineString", "coordinates": [[13.259359311353366, 52.67286273022766], [13.259318799999999, 52.67271939999999]]}, "properties": {"length": 16.19}}, {"type": "Feature", "geometry": {"type": "LineString", "coordinates": [[13.259318799999999, 52.67271939999999], [13.259621726455979, 52.672703381477604]]}, "properties": {"length": 20.58}}, {"type": "Feature", "geometry": {"type": "LineString", "coordinates": [[13.2559475, 52.6717959], [13.2555105, 52.6712958]]}, "properties": {"length": 62.93282829687322}}, {"type": "Feature", "geometry": {"type": "LineString", "coordinates": [[13.257494899999998, 52.67069899999999], [13.256795699999998, 52.6708602], [13.2555105, 52.6712958]]}, "properties": {"length": 149.71402189094528}}, {"type": "Feature", "geometry": {"type": "LineString", "coordinates": [[13.255055024150423, 52.67080136400866], [13.2555105, 52.6712958]]}, "properties": {"length": 63.1}}, {"type": "Feature", "geometry": {"type": "LineString", "coordinates": [[13.253721681953728, 52.67216195743612], [13.2555105, 52.6712958]]}, "properties": {"length": 154.8}}, {"type": "Feature", "geometry": {"type": "LineString", "coordinates": [[13.2559475, 52.6717959], [13.256363, 52.6722715]]}, "properties": {"length": 59.846708408041415}}, {"type": "Feature", "geometry": {"type": "LineString", "coordinates": [[13.2559475, 52.6717959], [13.255533399999996, 52.67193319999999], [13.255447699999996, 52.671959699999974], [13.255409399999998, 52.671959699999995], [13.255369299999998, 52.6719343]]}, "properties": {"length": 44.801360200855456}}, {"type": "Feature", "geometry": {"type": "LineString", "coordinates": [[13.257526999999998, 52.6707674], [13.257494899999998, 52.67069899999999]]}, "properties": {"length": 7.907727069101403}}, {"type": "Feature", "geometry": {"type": "LineString", "coordinates": [[13.257494899999998, 52.67069899999999], [13.257776999999999, 52.670633900000006]]}, "properties": {"length": 20.35233597881779}}, {"type": "Feature", "geometry": {"type": "LineString", "coordinates": [[13.2586006, 52.67080119999999], [13.258475299999999, 52.6704675]]}, "properties": {"length": 38.05551085724408}}, {"type": "Feature", "geometry": {"type": "LineString", "coordinates": [[13.257776999999999, 52.670633900000006], [13.257907199999998, 52.6706054], [13.258475299999999, 52.6704675]]}, "properties": {"length": 50.59476204289099}}, {"type": "Feature", "geometry": {"type": "LineString", "coordinates": [[13.258702901282545, 52.670448559328364], [13.258475299999999, 52.6704675]]}, "properties": {"length": 15.55}}, {"type": "Feature", "geometry": {"type": "LineString", "coordinates": [[13.258431366613742, 52.670322855880976], [13.258475299999999, 52.6704675]]}, "properties": {"length": 16.38}}, {"type": "Feature", "geometry": {"type": "LineString", "coordinates": [[13.2586006, 52.67080119999999], [13.258700125039622, 52.67108078703169]]}, "properties": {"length": 31.85}}, {"type": "Feature", "geometry": {"type": "LineString", "coordinates": [[13.259397880169923, 52.67096937443432], [13.2586006, 52.67080119999999]]}, "properties": {"length": 57.12}}, {"type": "Feature", "geometry": {"type": "LineString", "coordinates": [[13.257804647810833, 52.6706844376625], [13.257776999999999, 52.670633900000006]]}, "properties": {"length": 5.93}}, {"type": "Feature", "geometry": {"type": "LineString", "coordinates": [[13.25629048828085, 52.672302960080636], [13.256363, 52.6722715]]}, "properties": {"length": 6.03}}, {"type": "Feature", "geometry": {"type": "LineString", "coordinates": [[13.257392046864561, 52.67194101615038], [13.256363, 52.6722715]]}, "properties": {"length": 78.78}}, {"type": "Feature", "geometry": {"type": "LineString", "coordinates": [[13.272479574698497, 52.674118769605776], [13.272420999999998, 52.6740372]]}, "properties": {"length": 9.91}}, {"type": "Feature", "geometry": {"type": "LineString", "coordinates": [[13.27266351658997, 52.67389923496333], [13.272420999999998, 52.6740372]]}, "properties": {"length": 22.48}}, {"type": "Feature", "geometry": {"type": "LineString", "coordinates": [[13.2737577, 52.6731547], [13.2738886, 52.673056499999994]]}, "properties": {"length": 14.04023358832727}}, {"type": "Feature", "geometry": {"type": "LineString", "coordinates": [[13.2737577, 52.6731547], [13.272673115048123, 52.673893774477854]]}, "properties": {"length": 110.28}}, {"type": "Feature", "geometry": {"type": "LineString", "coordinates": [[13.2737577, 52.6731547], [13.274118499132435, 52.673216093722615]]}, "properties": {"length": 25.36}}, {"type": "Feature", "geometry": {"type": "LineString", "coordinates": [[13.280978600000001, 52.6560563], [13.2812024, 52.656279700000006], [13.281246499999998, 52.656484299999995], [13.281311699999998, 52.65662749999999], [13.2813482, 52.6567774]]}, "properties": {"length": 85.38036266866006}}, {"type": "Feature", "geometry": {"type": "LineString", "coordinates": [[13.2813482, 52.6567774], [13.281282400000004, 52.65679370000001]]}, "properties": {"length": 4.794014260059683}}, {"type": "Feature", "geometry": {"type": "LineString", "coordinates": [[13.2811636, 52.6568394], [13.281282400000004, 52.65679370000001]]}, "properties": {"length": 9.488474137342141}}, {"type": "Feature", "geometry": {"type": "LineString", "coordinates": [[13.279859216358895, 52.65704361050227], [13.2811636, 52.6568394]]}, "properties": {"length": 91.2}}, {"type": "Feature", "geometry": {"type": "LineString", "coordinates": [[13.282180600000002, 52.65703820000001], [13.2822075, 52.656985199999994], [13.282234700000002, 52.6568137], [13.2821703, 52.65636469999998], [13.2821169, 52.65625459999998]]}, "properties": {"length": 88.20094486037661}}, {"type": "Feature", "geometry": {"type": "LineString", "coordinates": [[13.28225230506838, 52.65728955926105], [13.282180600000002, 52.65703820000001]]}, "properties": {"length": 28.41}}, {"type": "Feature", "geometry": {"type": "LineString", "coordinates": [[13.279986699999997, 52.65504399999998], [13.2799699, 52.6550161], [13.279987799999999, 52.65498399999999]]}, "properties": {"length": 7.070871787353633}}, {"type": "Feature", "geometry": {"type": "LineString", "coordinates": [[13.279986699999997, 52.65504399999998], [13.278724409586646, 52.655159207750934]]}, "properties": {"length": 86.43}}, {"type": "Feature", "geometry": {"type": "LineString", "coordinates": [[13.279986699999997, 52.65504399999998], [13.280531812532908, 52.65557007453654]]}, "properties": {"length": 69.24}}, {"type": "Feature", "geometry": {"type": "LineString", "coordinates": [[13.279987799999999, 52.65498399999999], [13.279626100104203, 52.654680675042826]]}, "properties": {"length": 41.72}}, {"type": "Feature", "geometry": {"type": "LineString", "coordinates": [[13.286427899999998, 52.65596929999999], [13.288492799999998, 52.65614879999999]]}, "properties": {"length": 140.70193765805908}}, {"type": "Feature", "geometry": {"type": "LineString", "coordinates": [[13.286427899999998, 52.65596929999999], [13.286638513567858, 52.658015499207636]]}, "properties": {"length": 228.29}}, {"type": "Feature", "geometry": {"type": "LineString", "coordinates": [[13.287144853653597, 52.655110372168785], [13.286916, 52.65544469999999]]}, "properties": {"length": 40.32}}, {"type": "Feature", "geometry": {"type": "LineString", "coordinates": [[13.300749700000003, 52.66926560000001], [13.300771000000001, 52.6693911]]}, "properties": {"length": 14.028699414651067}}, {"type": "Feature", "geometry": {"type": "LineString", "coordinates": [[13.300771000000001, 52.6693911], [13.300960862410552, 52.6702146296637]]}, "properties": {"length": 92.6}}, {"type": "Feature", "geometry": {"type": "LineString", "coordinates": [[13.30070330142835, 52.669372815980374], [13.300771000000001, 52.6693911]]}, "properties": {"length": 5.01}}, {"type": "Feature", "geometry": {"type": "LineString", "coordinates": [[13.300749700000003, 52.66926560000001], [13.300773499999998, 52.66901879999999], [13.300818499999998, 52.66884679999999]]}, "properties": {"length": 46.85460277395292}}, {"type": "Feature", "geometry": {"type": "LineString", "coordinates": [[13.300717063438391, 52.66927241182605], [13.300749700000003, 52.66926560000001]]}, "properties": {"length": 2.34}}, {"type": "Feature", "geometry": {"type": "LineString", "coordinates": [[13.300831806839906, 52.6687688616328], [13.300818499999998, 52.66884679999999]]}, "properties": {"length": 8.73}}, {"type": "Feature", "geometry": {"type": "LineString", "coordinates": [[13.301677200000002, 52.66715069999999], [13.300996340141202, 52.66698179997607]]}, "properties": {"length": 49.78}}, {"type": "Feature", "geometry": {"type": "LineString", "coordinates": [[13.30195638542682, 52.667230761732014], [13.301677200000002, 52.66715069999999]]}, "properties": {"length": 20.9}}, {"type": "Feature", "geometry": {"type": "LineString", "coordinates": [[13.301561981129867, 52.66729415070815], [13.301677200000002, 52.66715069999999]]}, "properties": {"length": 17.78}}, {"type": "Feature", "geometry": {"type": "LineString", "coordinates": [[13.27797260982192, 52.660676771115824], [13.278047499999998, 52.66059529999999]]}, "properties": {"length": 10.39}}, {"type": "Feature", "geometry": {"type": "LineString", "coordinates": [[13.277996304054863, 52.66052200745479], [13.278047499999998, 52.66059529999999]]}, "properties": {"length": 8.87}}, {"type": "Feature", "geometry": {"type": "LineString", "coordinates": [[13.277649999999996, 52.660531899999995], [13.2779488, 52.66045399999999]]}, "properties": {"length": 21.935009925269064}}, {"type": "Feature", "geometry": {"type": "LineString", "coordinates": [[13.2779488, 52.66045399999999], [13.2782494, 52.6603758]]}, "properties": {"length": 22.059755503843178}}, {"type": "Feature", "geometry": {"type": "LineString", "coordinates": [[13.2779488, 52.66045399999999], [13.277984079583609, 52.66050450675757]]}, "properties": {"length": 6.11}}, {"type": "Feature", "geometry": {"type": "LineString", "coordinates": [[13.285137536846662, 52.66205697956252], [13.2851165, 52.662022799999995]]}, "properties": {"length": 4.06}}, {"type": "Feature", "geometry": {"type": "LineString", "coordinates": [[13.285124810175597, 52.66202106743768], [13.2851165, 52.662022799999995]]}, "properties": {"length": 0.59}}, {"type": "Feature", "geometry": {"type": "LineString", "coordinates": [[13.285105555366172, 52.66200513137809], [13.2851165, 52.662022799999995]]}, "properties": {"length": 2.1}}, {"type": "Feature", "geometry": {"type": "LineString", "coordinates": [[13.27529529455067, 52.65574136177073], [13.275296400000002, 52.655747399999996]]}, "properties": {"length": 0.68}}, {"type": "Feature", "geometry": {"type": "LineString", "coordinates": [[13.283931674204702, 52.661087642796595], [13.2839024, 52.661115299999985]]}, "properties": {"length": 3.66}}, {"type": "Feature", "geometry": {"type": "LineString", "coordinates": [[13.2830714, 52.6550146], [13.283217, 52.6550325]]}, "properties": {"length": 10.020723837882587}}, {"type": "Feature", "geometry": {"type": "LineString", "coordinates": [[13.283166783758615, 52.6552826213064], [13.283217, 52.6550325]]}, "properties": {"length": 28.06}}, {"type": "Feature", "geometry": {"type": "LineString", "coordinates": [[13.283480214094416, 52.65502051101923], [13.283217, 52.6550325]]}, "properties": {"length": 17.87}}, {"type": "Feature", "geometry": {"type": "LineString", "coordinates": [[13.2830714, 52.6550146], [13.282879500000002, 52.65499100000001], [13.282205699999999, 52.6549081]]}, "properties": {"length": 59.58229117878615}}, {"type": "Feature", "geometry": {"type": "LineString", "coordinates": [[13.2830714, 52.6550146], [13.283075286565884, 52.65494541165938]]}, "properties": {"length": 7.71}}, {"type": "Feature", "geometry": {"type": "LineString", "coordinates": [[13.28181254509434, 52.660710203652066], [13.281735100000002, 52.6607139]]}, "properties": {"length": 5.26}}, {"type": "Feature", "geometry": {"type": "LineString", "coordinates": [[13.281705805075543, 52.65781492737496], [13.281660600000002, 52.6578164]]}, "properties": {"length": 3.07}}, {"type": "Feature", "geometry": {"type": "LineString", "coordinates": [[13.281704549302374, 52.65785076526757], [13.281660600000002, 52.6578164]]}, "properties": {"length": 4.85}}, {"type": "Feature", "geometry": {"type": "LineString", "coordinates": [[13.281660600000002, 52.6578164], [13.281658867098404, 52.65780299281996]]}, "properties": {"length": 1.5}}, {"type": "Feature", "geometry": {"type": "LineString", "coordinates": [[13.281657927136221, 52.65779572048004], [13.281660600000002, 52.6578164]]}, "properties": {"length": 2.31}}, {"type": "Feature", "geometry": {"type": "LineString", "coordinates": [[13.272320957969317, 52.66290705922669], [13.272318799999999, 52.66291079999999]]}, "properties": {"length": 0.44}}, {"type": "Feature", "geometry": {"type": "LineString", "coordinates": [[13.272318799999999, 52.66291079999999], [13.27226463954514, 52.66291571562967]]}, "properties": {"length": 3.71}}, {"type": "Feature", "geometry": {"type": "LineString", "coordinates": [[13.285157569606632, 52.65287751336036], [13.2851315, 52.6526256]]}, "properties": {"length": 28.11}}, {"type": "Feature", "geometry": {"type": "LineString", "coordinates": [[13.284280918529122, 52.65265916579875], [13.2851315, 52.6526256]]}, "properties": {"length": 57.72}}, {"type": "Feature", "geometry": {"type": "LineString", "coordinates": [[13.2851315, 52.6526256], [13.285110569717377, 52.652370207624806]]}, "properties": {"length": 28.47}}, {"type": "Feature", "geometry": {"type": "LineString", "coordinates": [[13.283311599999998, 52.6605841], [13.2838815, 52.66048769999999]]}, "properties": {"length": 39.902960180304156}}, {"type": "Feature", "geometry": {"type": "LineString", "coordinates": [[13.2846607, 52.66042749999998], [13.285404678627645, 52.660338613886594]]}, "properties": {"length": 51.33}}, {"type": "Feature", "geometry": {"type": "LineString", "coordinates": [[13.284317399999999, 52.6604653], [13.2838815, 52.66048769999999]]}, "properties": {"length": 29.5041341794501}}, {"type": "Feature", "geometry": {"type": "LineString", "coordinates": [[13.297207499999999, 52.652560599999994], [13.2975693, 52.652713199999994]]}, "properties": {"length": 29.72471054932877}}, {"type": "Feature", "geometry": {"type": "LineString", "coordinates": [[13.2975693, 52.652713199999994], [13.29853606005877, 52.65320468770768]]}, "properties": {"length": 85.33}}, {"type": "Feature", "geometry": {"type": "LineString", "coordinates": [[13.2975693, 52.652713199999994], [13.29728998490016, 52.65302404341953]]}, "properties": {"length": 39.44}}, {"type": "Feature", "geometry": {"type": "LineString", "coordinates": [[13.284739900000002, 52.676636200000004], [13.284699250577724, 52.67661703327206]]}, "properties": {"length": 3.48}}, {"type": "Feature", "geometry": {"type": "LineString", "coordinates": [[13.284739900000002, 52.676636200000004], [13.284739890263497, 52.67661510689998]]}, "properties": {"length": 2.35}}, {"type": "Feature", "geometry": {"type": "LineString", "coordinates": [[13.284739900000002, 52.676636200000004], [13.284852052401973, 52.67668494322215]]}, "properties": {"length": 9.33}}, {"type": "Feature", "geometry": {"type": "LineString", "coordinates": [[13.3048117, 52.65787989999999], [13.304748219666637, 52.65787817327738]]}, "properties": {"length": 4.3}}, {"type": "Feature", "geometry": {"type": "LineString", "coordinates": [[13.304810748126421, 52.657871636973596], [13.3048117, 52.65787989999999]]}, "properties": {"length": 0.92}}, {"type": "Feature", "geometry": {"type": "LineString", "coordinates": [[13.294144099999999, 52.6559929], [13.293747500000002, 52.6560129], [13.2935132, 52.6560134], [13.292953399999998, 52.655997199999995]]}, "properties": {"length": 80.44902457325867}}, {"type": "Feature", "geometry": {"type": "LineString", "coordinates": [[13.291796629702095, 52.655955035933005], [13.292953399999998, 52.655997199999995]]}, "properties": {"length": 78.47}}, {"type": "Feature", "geometry": {"type": "LineString", "coordinates": [[13.29298179135247, 52.656078259869915], [13.292953399999998, 52.655997199999995]]}, "properties": {"length": 9.23}}, {"type": "Feature", "geometry": {"type": "LineString", "coordinates": [[13.294173833755174, 52.65592359272579], [13.294144099999999, 52.6559929]]}, "properties": {"length": 7.98}}, {"type": "Feature", "geometry": {"type": "LineString", "coordinates": [[13.294144099999999, 52.6559929], [13.294726745114078, 52.655952502511155]]}, "properties": {"length": 39.71}}, {"type": "Feature", "geometry": {"type": "LineString", "coordinates": [[13.274278499999998, 52.6625971], [13.2742708, 52.662598200000005], [13.274260899999998, 52.66259829999999], [13.2742532, 52.66259759999999], [13.274244000000001, 52.66259579999999], [13.274234999999997, 52.66259260000001], [13.2742273, 52.66258860000001], [13.274222100000001, 52.662584599999995], [13.274217499999999, 52.6625793], [13.2742143, 52.6625724]]}, "properties": {"length": 5.795026743564743}}, {"type": "Feature", "geometry": {"type": "LineString", "coordinates": [[13.2742143, 52.6625724], [13.274263000000001, 52.662564599999996]]}, "properties": {"length": 3.3969518884206638}}, {"type": "Feature", "geometry": {"type": "LineString", "coordinates": [[13.27430686032034, 52.66255755276344], [13.2742143, 52.6625724]]}, "properties": {"length": 6.48}}, {"type": "Feature", "geometry": {"type": "LineString", "coordinates": [[13.274278499999998, 52.6625971], [13.274263000000001, 52.662564599999996]]}, "properties": {"length": 3.76198846398097}}, {"type": "Feature", "geometry": {"type": "LineString", "coordinates": [[13.274306861618237, 52.662557553958166], [13.274263000000001, 52.662564599999996]]}, "properties": {"length": 3.07}}, {"type": "Feature", "geometry": {"type": "LineString", "coordinates": [[13.274278499999998, 52.6625971], [13.274315885098371, 52.66256592204294]]}, "properties": {"length": 4.3}}, {"type": "Feature", "geometry": {"type": "LineString", "coordinates": [[13.274132800000002, 52.67281929999999], [13.274222600000002, 52.6728048]]}, "properties": {"length": 6.265753731411583}}, {"type": "Feature", "geometry": {"type": "LineString", "coordinates": [[13.274361265729523, 52.67267462373104], [13.274222600000002, 52.6728048]]}, "properties": {"length": 17.27}}, {"type": "Feature", "geometry": {"type": "LineString", "coordinates": [[13.274258245711003, 52.6728158441196], [13.274222600000002, 52.6728048]]}, "properties": {"length": 2.71}}, {"type": "Feature", "geometry": {"type": "LineString", "coordinates": [[13.2754941, 52.67203409999999], [13.275419900000001, 52.6719714]]}, "properties": {"length": 8.581261029997542}}, {"type": "Feature", "geometry": {"type": "LineString", "coordinates": [[13.275744297437747, 52.671845001360644], [13.275419900000001, 52.6719714]]}, "properties": {"length": 26.08}}, {"type": "Feature", "geometry": {"type": "LineString", "coordinates": [[13.275283807041772, 52.67203662889188], [13.275419900000001, 52.6719714]]}, "properties": {"length": 11.73}}, {"type": "Feature", "geometry": {"type": "LineString", "coordinates": [[13.2811881, 52.65616279999999], [13.2813205, 52.65682449999999]]}, "properties": {"length": 74.11776165230398}}, {"type": "Feature", "geometry": {"type": "LineString", "coordinates": [[13.2807021, 52.657016399999996], [13.2813205, 52.65682449999999]]}, "properties": {"length": 46.8519878155888}}, {"type": "Feature", "geometry": {"type": "LineString", "coordinates": [[13.281071799999998, 52.656046599999996], [13.2811881, 52.65616279999999]]}, "properties": {"length": 15.115728337944564}}, {"type": "Feature", "geometry": {"type": "LineString", "coordinates": [[13.281316999999998, 52.6562229], [13.2811881, 52.65616279999999]]}, "properties": {"length": 10.965960706452002}}, {"type": "Feature", "geometry": {"type": "LineString", "coordinates": [[13.2797151, 52.65707079999999], [13.2807021, 52.657016399999996]]}, "properties": {"length": 66.84664060702524}}, {"type": "Feature", "geometry": {"type": "LineString", "coordinates": [[13.274181099999998, 52.661823], [13.2741023, 52.6617069], [13.2738968, 52.6615265], [13.273713600000002, 52.66140370000001], [13.2736827, 52.6613894], [13.273638200000002, 52.66138500000001], [13.273285000000001, 52.6616178], [13.2734791, 52.66174029999999], [13.273665099999999, 52.66194339999999]]}, "properties": {"length": 142.32363153244597}}, {"type": "Feature", "geometry": {"type": "LineString", "coordinates": [[13.282362900000003, 52.656945300000004], [13.282768999999998, 52.66073819999999]]}, "properties": {"length": 422.6402974654524}}, {"type": "Feature", "geometry": {"type": "LineString", "coordinates": [[13.282913300000002, 52.6609042], [13.282768999999998, 52.66073819999999]]}, "properties": {"length": 20.866848481601775}}, {"type": "Feature", "geometry": {"type": "LineString", "coordinates": [[13.282257450579431, 52.65596578017064], [13.282362900000003, 52.656945300000004]]}, "properties": {"length": 109.3}}, {"type": "Feature", "geometry": {"type": "LineString", "coordinates": [[13.282986299999997, 52.66092209999999], [13.282913300000002, 52.6609042]]}, "properties": {"length": 5.310471925618228}}, {"type": "Feature", "geometry": {"type": "LineString", "coordinates": [[13.2848543, 52.66068779999999], [13.284699800000002, 52.6604194]]}, "properties": {"length": 31.61150999888297}}, {"type": "Feature", "geometry": {"type": "LineString", "coordinates": [[13.285404938493935, 52.66033197439781], [13.284699800000002, 52.6604194]]}, "properties": {"length": 48.72}}, {"type": "Feature", "geometry": {"type": "LineString", "coordinates": [[13.2846174792347, 52.660630146730945], [13.284699800000002, 52.6604194]]}, "properties": {"length": 24.12}}, {"type": "Feature", "geometry": {"type": "LineString", "coordinates": [[13.285792321949952, 52.66055872713649], [13.2848543, 52.66068779999999]]}, "properties": {"length": 65.11}}, {"type": "Feature", "geometry": {"type": "LineString", "coordinates": [[13.2848543, 52.66068779999999], [13.28551540394947, 52.66187655550627]]}, "properties": {"length": 139.73}}, {"type": "Feature", "geometry": {"type": "LineString", "coordinates": [[13.282986299999997, 52.66092209999999], [13.283241699999998, 52.66085319999999]]}, "properties": {"length": 18.85198643944383}}, {"type": "Feature", "geometry": {"type": "LineString", "coordinates": [[13.283241699999998, 52.66085319999999], [13.2832651, 52.66088249999999]]}, "properties": {"length": 3.6201243987499336}}, {"type": "Feature", "geometry": {"type": "LineString", "coordinates": [[13.283241699999998, 52.66085319999999], [13.284789838422645, 52.660935419765046]]}, "properties": {"length": 105.22}}, {"type": "Feature", "geometry": {"type": "LineString", "coordinates": [[13.287060351777281, 52.66776121766933], [13.2870607, 52.6677645]]}, "properties": {"length": 0.37}}, {"type": "Feature", "geometry": {"type": "LineString", "coordinates": [[13.287153394800464, 52.66867966127629], [13.2870607, 52.6677645]]}, "properties": {"length": 102.1}}, {"type": "Feature", "geometry": {"type": "LineString", "coordinates": [[13.287060313628077, 52.6677612868927], [13.2870607, 52.6677645]]}, "properties": {"length": 0.36}}, {"type": "Feature", "geometry": {"type": "LineString", "coordinates": [[13.245236100000001, 52.6724887], [13.245341499999999, 52.67244449999999]]}, "properties": {"length": 8.64059125746546}}, {"type": "Feature", "geometry": {"type": "LineString", "coordinates": [[13.245153099999998, 52.672430299999995], [13.2452393, 52.67242629999999], [13.245341499999999, 52.67244449999999]]}, "properties": {"length": 13.010982029093226}}, {"type": "Feature", "geometry": {"type": "LineString", "coordinates": [[13.245341499999999, 52.67244449999999], [13.245544052498142, 52.67239850931791]]}, "properties": {"length": 14.64}}, {"type": "Feature", "geometry": {"type": "LineString", "coordinates": [[13.245236100000001, 52.6724887], [13.245153099999998, 52.672430299999995]]}, "properties": {"length": 8.572517053549092}}, {"type": "Feature", "geometry": {"type": "LineString", "coordinates": [[13.245239796762414, 52.67250206502396], [13.245236100000001, 52.6724887]]}, "properties": {"length": 1.51}}, {"type": "Feature", "geometry": {"type": "LineString", "coordinates": [[13.245100716797628, 52.67254940150703], [13.245236100000001, 52.6724887]]}, "properties": {"length": 11.39}}, {"type": "Feature", "geometry": {"type": "LineString", "coordinates": [[13.245153099999998, 52.672430299999995], [13.245146539724054, 52.67242931349672]]}, "properties": {"length": 0.46}}, {"type": "Feature", "geometry": {"type": "LineString", "coordinates": [[13.254502747968235, 52.66956312564342], [13.2543287, 52.66952940000001]]}, "properties": {"length": 12.37}}, {"type": "Feature", "geometry": {"type": "LineString", "coordinates": [[13.254286164776895, 52.66953746196577], [13.2543287, 52.66952940000001]]}, "properties": {"length": 3.02}}, {"type": "Feature", "geometry": {"type": "LineString", "coordinates": [[13.254215662494692, 52.669508155182776], [13.2543287, 52.66952940000001]]}, "properties": {"length": 8.01}}, {"type": "Feature", "geometry": {"type": "LineString", "coordinates": [[13.253868, 52.6740965], [13.253977699999998, 52.6739912], [13.254186300000002, 52.6736273]]}, "properties": {"length": 56.687768775305855}}, {"type": "Feature", "geometry": {"type": "LineString", "coordinates": [[13.254186300000002, 52.6736273], [13.254219875463722, 52.67358921422093]]}, "properties": {"length": 4.81}}, {"type": "Feature", "geometry": {"type": "LineString", "coordinates": [[13.254186300000002, 52.6736273], [13.25407238294279, 52.67349831688873]]}, "properties": {"length": 16.3}}, {"type": "Feature", "geometry": {"type": "LineString", "coordinates": [[13.2502956, 52.67137150000001], [13.249991285459949, 52.67125706704519]]}, "properties": {"length": 24.22}}, {"type": "Feature", "geometry": {"type": "LineString", "coordinates": [[13.253868, 52.6740965], [13.25371562153988, 52.67424280090478]]}, "properties": {"length": 19.28}}, {"type": "Feature", "geometry": {"type": "LineString", "coordinates": [[13.253912065934664, 52.67432309119958], [13.253868, 52.6740965]]}, "properties": {"length": 25.41}}, {"type": "Feature", "geometry": {"type": "LineString", "coordinates": [[13.261989299999998, 52.67038719999999], [13.26215620002394, 52.67041573890476]]}, "properties": {"length": 11.74}}, {"type": "Feature", "geometry": {"type": "LineString", "coordinates": [[13.2550289, 52.66952859999999], [13.2548941, 52.6695104]]}, "properties": {"length": 9.312125605813407}}, {"type": "Feature", "geometry": {"type": "LineString", "coordinates": [[13.2548941, 52.6695104], [13.25455052444455, 52.669593512730856]]}, "properties": {"length": 25.03}}, {"type": "Feature", "geometry": {"type": "LineString", "coordinates": [[13.2550289, 52.66952859999999], [13.255112533842567, 52.66942189155299]]}, "properties": {"length": 13.16}}, {"type": "Feature", "geometry": {"type": "LineString", "coordinates": [[13.285005248924898, 52.65526901762032], [13.2849423, 52.65526259999999]]}, "properties": {"length": 4.32}}, {"type": "Feature", "geometry": {"type": "LineString", "coordinates": [[13.2599752, 52.6709669], [13.25970679338068, 52.670987797861486]]}, "properties": {"length": 18.32}}, {"type": "Feature", "geometry": {"type": "LineString", "coordinates": [[13.28463843371606, 52.660150156639894], [13.2845602, 52.66035]]}, "properties": {"length": 22.87}}, {"type": "Feature", "geometry": {"type": "LineString", "coordinates": [[13.289306, 52.6547582], [13.289225759779466, 52.65486791140139]]}, "properties": {"length": 13.37}}, {"type": "Feature", "geometry": {"type": "LineString", "coordinates": [[13.289306, 52.6547582], [13.289229188507178, 52.654565138194286]]}, "properties": {"length": 22.12}}, {"type": "Feature", "geometry": {"type": "LineString", "coordinates": [[13.289306, 52.6547582], [13.289387188103131, 52.65464611372658]]}, "properties": {"length": 13.64}}, {"type": "Feature", "geometry": {"type": "LineString", "coordinates": [[13.288492799999998, 52.65614879999999], [13.2879468, 52.6572723], [13.287723700000003, 52.6575087], [13.287542000000002, 52.65768909999999]]}, "properties": {"length": 184.03877281259176}}, {"type": "Feature", "geometry": {"type": "LineString", "coordinates": [[13.288492799999998, 52.65614879999999], [13.28943172175763, 52.6562189000555]]}, "properties": {"length": 64.05}}, {"type": "Feature", "geometry": {"type": "LineString", "coordinates": [[13.287612682228085, 52.658130576973065], [13.287542000000002, 52.65768909999999]]}, "properties": {"length": 49.39}}, {"type": "Feature", "geometry": {"type": "LineString", "coordinates": [[13.28715768626194, 52.65786073237816], [13.287542000000002, 52.65768909999999]]}, "properties": {"length": 32.29}}, {"type": "Feature", "geometry": {"type": "LineString", "coordinates": [[13.2955457, 52.6518339], [13.297274099999997, 52.6508819]]}, "properties": {"length": 157.48051485299735}}, {"type": "Feature", "geometry": {"type": "LineString", "coordinates": [[13.297274099999997, 52.6508819], [13.297231206245206, 52.650849727434746]]}, "properties": {"length": 4.61}}, {"type": "Feature", "geometry": {"type": "LineString", "coordinates": [[13.298497656003795, 52.64971021491934], [13.297274099999997, 52.6508819]]}, "properties": {"length": 154.56}}, {"type": "Feature", "geometry": {"type": "LineString", "coordinates": [[13.297274099999997, 52.6508819], [13.297302451787342, 52.65090357801182]]}, "properties": {"length": 3.08}}, {"type": "Feature", "geometry": {"type": "LineString", "coordinates": [[13.297207499999999, 52.652560599999994], [13.2955457, 52.6518339]]}, "properties": {"length": 138.1876737049257}}, {"type": "Feature", "geometry": {"type": "LineString", "coordinates": [[13.2955457, 52.6518339], [13.295058409490531, 52.65163306027729]]}, "properties": {"length": 39.86}}, {"type": "Feature", "geometry": {"type": "LineString", "coordinates": [[13.243290706951683, 52.66156820453458], [13.2431822, 52.6615699]]}, "properties": {"length": 7.35}}, {"type": "Feature", "geometry": {"type": "LineString", "coordinates": [[13.244050099999997, 52.65874959999999], [13.244113199999997, 52.6584404]]}, "properties": {"length": 34.64392520935118}}, {"type": "Feature", "geometry": {"type": "LineString", "coordinates": [[13.244050099999997, 52.65874959999999], [13.24405391808424, 52.65881379198541]]}, "properties": {"length": 7.15}}, {"type": "Feature", "geometry": {"type": "LineString", "coordinates": [[13.244050099999997, 52.65874959999999], [13.244054870677003, 52.65831935661185]]}, "properties": {"length": 47.91}}, {"type": "Feature", "geometry": {"type": "LineString", "coordinates": [[13.2492666, 52.666665900000005], [13.24866602610712, 52.665947427351526]]}, "properties": {"length": 89.74}}, {"type": "Feature", "geometry": {"type": "LineString", "coordinates": [[13.249169196039103, 52.66670348240946], [13.2492666, 52.666665900000005]]}, "properties": {"length": 7.81}}, {"type": "Feature", "geometry": {"type": "LineString", "coordinates": [[13.24939470828415, 52.666642012894826], [13.2492666, 52.666665900000005]]}, "properties": {"length": 9.07}}, {"type": "Feature", "geometry": {"type": "LineString", "coordinates": [[13.2492666, 52.666665900000005], [13.249305270732187, 52.666712161309036]]}, "properties": {"length": 5.78}}, {"type": "Feature", "geometry": {"type": "LineString", "coordinates": [[13.244113199999997, 52.6584404], [13.2447226, 52.65843929999999]]}, "properties": {"length": 41.102428512555186}}, {"type": "Feature", "geometry": {"type": "LineString", "coordinates": [[13.244947027220965, 52.65869363922444], [13.2447226, 52.65843929999999]]}, "properties": {"length": 32.14}}, {"type": "Feature", "geometry": {"type": "LineString", "coordinates": [[13.246851843795033, 52.65828753861313], [13.2447226, 52.65843929999999]]}, "properties": {"length": 145.15}}, {"type": "Feature", "geometry": {"type": "LineString", "coordinates": [[13.24454506361089, 52.65795612994648], [13.2447226, 52.65843929999999]]}, "properties": {"length": 55.13}}, {"type": "Feature", "geometry": {"type": "LineString", "coordinates": [[13.244284800000003, 52.657412199999996], [13.244113199999997, 52.6584404]]}, "properties": {"length": 114.91513015589229}}, {"type": "Feature", "geometry": {"type": "LineString", "coordinates": [[13.2443037, 52.6573322], [13.244284800000003, 52.657412199999996]]}, "properties": {"length": 8.986483443182834}}, {"type": "Feature", "geometry": {"type": "LineString", "coordinates": [[13.2443037, 52.6573322], [13.244521673324165, 52.657925457331544]]}, "properties": {"length": 67.69}}, {"type": "Feature", "geometry": {"type": "LineString", "coordinates": [[13.244555729045175, 52.65683563285023], [13.2443037, 52.6573322]]}, "properties": {"length": 57.87}}, {"type": "Feature", "geometry": {"type": "LineString", "coordinates": [[13.272417052774667, 52.66362048198464], [13.272520799999999, 52.66364050000001]]}, "properties": {"length": 7.37}}, {"type": "Feature", "geometry": {"type": "LineString", "coordinates": [[13.280108099999998, 52.655083399999995], [13.2806229, 52.6550223]]}, "properties": {"length": 35.38284453756475}}, {"type": "Feature", "geometry": {"type": "LineString", "coordinates": [[13.280415, 52.65539009999999], [13.280108099999998, 52.655083399999995]]}, "properties": {"length": 39.894652308343865}}, {"type": "Feature", "geometry": {"type": "LineString", "coordinates": [[13.280415, 52.65539009999999], [13.2802012, 52.655149]]}, "properties": {"length": 30.44177359753905}}, {"type": "Feature", "geometry": {"type": "LineString", "coordinates": [[13.280415, 52.65539009999999], [13.28062397020337, 52.65559897737643]]}, "properties": {"length": 27.22}}, {"type": "Feature", "geometry": {"type": "LineString", "coordinates": [[13.280982990119847, 52.65595783209812], [13.281071799999998, 52.656046599999996]]}, "properties": {"length": 11.57}}, {"type": "Feature", "geometry": {"type": "LineString", "coordinates": [[13.281413599999999, 52.65607970000001], [13.281316999999998, 52.6562229]]}, "properties": {"length": 17.204678902782863}}, {"type": "Feature", "geometry": {"type": "LineString", "coordinates": [[13.262122984937605, 52.67066316647536], [13.262077899999996, 52.67065470000001]]}, "properties": {"length": 3.19}}, {"type": "Feature", "geometry": {"type": "LineString", "coordinates": [[13.262131994872417, 52.670590859124204], [13.262077899999996, 52.67065470000001]]}, "properties": {"length": 8.0}}, {"type": "Feature", "geometry": {"type": "LineString", "coordinates": [[13.26195519411867, 52.67062950920553], [13.262077899999996, 52.67065470000001]]}, "properties": {"length": 8.77}}, {"type": "Feature", "geometry": {"type": "LineString", "coordinates": [[13.262018358928174, 52.67117676101537], [13.262077899999996, 52.67065470000001]]}, "properties": {"length": 58.27}}, {"type": "Feature", "geometry": {"type": "LineString", "coordinates": [[13.262461102565227, 52.6683029336702], [13.262384299999997, 52.66830789999999]]}, "properties": {"length": 5.23}}, {"type": "Feature", "geometry": {"type": "LineString", "coordinates": [[13.262417774338543, 52.66860577370388], [13.262384299999997, 52.66830789999999]]}, "properties": {"length": 33.25}}, {"type": "Feature", "geometry": {"type": "LineString", "coordinates": [[13.276013778164039, 52.67213748048476], [13.2758697, 52.6721803]]}, "properties": {"length": 10.86}}, {"type": "Feature", "geometry": {"type": "LineString", "coordinates": [[13.2850501, 52.6756814], [13.2861776, 52.6764912]]}, "properties": {"length": 117.84165303537854}}, {"type": "Feature", "geometry": {"type": "LineString", "coordinates": [[13.2866051, 52.67687979999999], [13.2861776, 52.6764912]]}, "properties": {"length": 51.940575625529874}}, {"type": "Feature", "geometry": {"type": "LineString", "coordinates": [[13.284657199999998, 52.675457099999996], [13.2850501, 52.6756814]]}, "properties": {"length": 36.38342540274484}}, {"type": "Feature", "geometry": {"type": "LineString", "coordinates": [[13.2873518, 52.6778068], [13.2866051, 52.67687979999999]]}, "properties": {"length": 114.71378595941846}}, {"type": "Feature", "geometry": {"type": "LineString", "coordinates": [[13.287625199999999, 52.678394999999995], [13.2873518, 52.6778068]]}, "properties": {"length": 67.9524547697388}}, {"type": "Feature", "geometry": {"type": "LineString", "coordinates": [[13.283811, 52.6750935], [13.284657199999998, 52.675457099999996]]}, "properties": {"length": 69.92515899004428}}, {"type": "Feature", "geometry": {"type": "LineString", "coordinates": [[13.2838047, 52.67510139999999], [13.284657199999998, 52.675457099999996]]}, "properties": {"length": 69.7704337352653}}, {"type": "Feature", "geometry": {"type": "LineString", "coordinates": [[13.2835688, 52.6760692], [13.283518499999998, 52.6758727]]}, "properties": {"length": 22.111437416936617}}, {"type": "Feature", "geometry": {"type": "LineString", "coordinates": [[13.283518499999998, 52.6758727], [13.283505467817688, 52.675800598995025]]}, "properties": {"length": 8.08}}, {"type": "Feature", "geometry": {"type": "LineString", "coordinates": [[13.2835688, 52.6760692], [13.283574899999998, 52.6761064]]}, "properties": {"length": 4.156851343111856}}, {"type": "Feature", "geometry": {"type": "LineString", "coordinates": [[13.2835688, 52.6760692], [13.282999721552217, 52.675793678763945]]}, "properties": {"length": 49.24}}, {"type": "Feature", "geometry": {"type": "LineString", "coordinates": [[13.2831893, 52.67485249999999], [13.283811, 52.6750935]]}, "properties": {"length": 49.75020973818327}}, {"type": "Feature", "geometry": {"type": "LineString", "coordinates": [[13.2838047, 52.67510139999999], [13.283172899999999, 52.6748615]]}, "properties": {"length": 50.26024059842008}}, {"type": "Feature", "geometry": {"type": "LineString", "coordinates": [[13.287625199999999, 52.678394999999995], [13.287718199999999, 52.67852649999999]]}, "properties": {"length": 15.909637605768987}}, {"type": "Feature", "geometry": {"type": "LineString", "coordinates": [[13.287730492945713, 52.678526111802064], [13.287718199999999, 52.67852649999999]]}, "properties": {"length": 0.83}}, {"type": "Feature", "geometry": {"type": "LineString", "coordinates": [[13.287563343232092, 52.678524628647786], [13.287718199999999, 52.67852649999999]]}, "properties": {"length": 10.48}}, {"type": "Feature", "geometry": {"type": "LineString", "coordinates": [[13.273894500000003, 52.673499299999996], [13.273821699999997, 52.673445199999996]]}, "properties": {"length": 7.764087567223148}}, {"type": "Feature", "geometry": {"type": "LineString", "coordinates": [[13.273821699999997, 52.673445199999996], [13.273810467876803, 52.67332385214185]]}, "properties": {"length": 13.53}}, {"type": "Feature", "geometry": {"type": "LineString", "coordinates": [[13.273500300000002, 52.673637], [13.273541999999999, 52.67366659999999]]}, "properties": {"length": 4.328745630667355}}, {"type": "Feature", "geometry": {"type": "LineString", "coordinates": [[13.273541999999999, 52.67366659999999], [13.273756062317243, 52.673759659817456]]}, "properties": {"length": 17.81}}, {"type": "Feature", "geometry": {"type": "LineString", "coordinates": [[13.273583235397037, 52.67364522853837], [13.273541999999999, 52.67366659999999]]}, "properties": {"length": 3.67}}, {"type": "Feature", "geometry": {"type": "LineString", "coordinates": [[13.273500300000002, 52.673637], [13.2734511, 52.67360120000001]]}, "properties": {"length": 5.181770577440002}}, {"type": "Feature", "geometry": {"type": "LineString", "coordinates": [[13.27354571174222, 52.67361346402228], [13.273500300000002, 52.673637]]}, "properties": {"length": 4.04}}, {"type": "Feature", "geometry": {"type": "LineString", "coordinates": [[13.271819, 52.673464499999994], [13.271492569401863, 52.673160654305086]]}, "properties": {"length": 40.41}}, {"type": "Feature", "geometry": {"type": "LineString", "coordinates": [[13.271819, 52.673464499999994], [13.27172367161368, 52.67350068359674]]}, "properties": {"length": 7.61}}, {"type": "Feature", "geometry": {"type": "LineString", "coordinates": [[13.273502721415923, 52.673573602698156], [13.2734511, 52.67360120000001]]}, "properties": {"length": 4.65}}, {"type": "Feature", "geometry": {"type": "LineString", "coordinates": [[13.2734511, 52.67360120000001], [13.273490929556287, 52.67346599211028]]}, "properties": {"length": 15.29}}, {"type": "Feature", "geometry": {"type": "LineString", "coordinates": [[13.262101300000001, 52.6704455], [13.262181099999998, 52.66975759999999], [13.2621951, 52.669428599999996], [13.2622239, 52.66933649999999], [13.2623013, 52.66929059999999]]}, "properties": {"length": 130.99894316117576}}, {"type": "Feature", "geometry": {"type": "LineString", "coordinates": [[13.262101300000001, 52.6704455], [13.262150414013195, 52.67045566801012]]}, "properties": {"length": 3.51}}, {"type": "Feature", "geometry": {"type": "LineString", "coordinates": [[13.262101300000001, 52.6704455], [13.261976187661228, 52.6704231658214]]}, "properties": {"length": 8.83}}, {"type": "Feature", "geometry": {"type": "LineString", "coordinates": [[13.258715699999998, 52.67092749999999], [13.258698499999996, 52.67092929999999]]}, "properties": {"length": 1.1769025369045447}}, {"type": "Feature", "geometry": {"type": "LineString", "coordinates": [[13.2585462, 52.67050309999999], [13.258698499999996, 52.67092929999999]]}, "properties": {"length": 48.49121735115732}}, {"type": "Feature", "geometry": {"type": "LineString", "coordinates": [[13.258698499999996, 52.67092929999999], [13.258751002490616, 52.6710761685725]]}, "properties": {"length": 16.74}}, {"type": "Feature", "geometry": {"type": "LineString", "coordinates": [[13.282580799999998, 52.67468869999998], [13.282565, 52.67462399999999]]}, "properties": {"length": 7.272761825384469}}, {"type": "Feature", "geometry": {"type": "LineString", "coordinates": [[13.282565, 52.67462399999999], [13.282574852574584, 52.674625859743955]]}, "properties": {"length": 0.7}}, {"type": "Feature", "geometry": {"type": "LineString", "coordinates": [[13.282580799999998, 52.67468869999998], [13.283172899999999, 52.6748615]]}, "properties": {"length": 44.303980639637196}}, {"type": "Feature", "geometry": {"type": "LineString", "coordinates": [[13.283603516474765, 52.67622607040812], [13.283574899999998, 52.6761064]]}, "properties": {"length": 13.47}}, {"type": "Feature", "geometry": {"type": "LineString", "coordinates": [[13.28298222208649, 52.67593641090619], [13.283574899999998, 52.6761064]]}, "properties": {"length": 44.35}}, {"type": "Feature", "geometry": {"type": "LineString", "coordinates": [[13.260347335094213, 52.67932272500893], [13.2603464, 52.6793563]]}, "properties": {"length": 3.74}}, {"type": "Feature", "geometry": {"type": "LineString", "coordinates": [[13.260355667933915, 52.67935762919501], [13.2603464, 52.6793563]]}, "properties": {"length": 0.64}}, {"type": "Feature", "geometry": {"type": "LineString", "coordinates": [[13.243049029794392, 52.659163378678784], [13.243195100000001, 52.6589523]]}, "properties": {"length": 25.5}}, {"type": "Feature", "geometry": {"type": "LineString", "coordinates": [[13.2772582, 52.6616717], [13.2772384, 52.66192159999999]]}, "properties": {"length": 27.81971836421841}}, {"type": "Feature", "geometry": {"type": "LineString", "coordinates": [[13.277194670923933, 52.66192046043714], [13.2772384, 52.66192159999999]]}, "properties": {"length": 2.96}}, {"type": "Feature", "geometry": {"type": "LineString", "coordinates": [[13.277237645916475, 52.66193188878857], [13.2772384, 52.66192159999999]]}, "properties": {"length": 1.15}}, {"type": "Feature", "geometry": {"type": "LineString", "coordinates": [[13.2766475, 52.6619062], [13.276668, 52.6616573]]}, "properties": {"length": 27.7109672457663}}, {"type": "Feature", "geometry": {"type": "LineString", "coordinates": [[13.2766475, 52.6619062], [13.276825194451922, 52.66191083137402]]}, "properties": {"length": 12.04}}, {"type": "Feature", "geometry": {"type": "LineString", "coordinates": [[13.276646837904831, 52.66191623781157], [13.2766475, 52.6619062]]}, "properties": {"length": 1.12}}, {"type": "Feature", "geometry": {"type": "LineString", "coordinates": [[13.276767816793429, 52.66165973558881], [13.2772582, 52.6616717]]}, "properties": {"length": 33.23}}, {"type": "Feature", "geometry": {"type": "LineString", "coordinates": [[13.27727847277012, 52.66140850962871], [13.2772582, 52.6616717]]}, "properties": {"length": 29.34}}, {"type": "Feature", "geometry": {"type": "LineString", "coordinates": [[13.279985399999997, 52.65992299999999], [13.280256899999998, 52.6598524]]}, "properties": {"length": 19.923129943104318}}, {"type": "Feature", "geometry": {"type": "LineString", "coordinates": [[13.280256899999998, 52.6598524], [13.280270605150031, 52.65987172958971]]}, "properties": {"length": 2.34}}, {"type": "Feature", "geometry": {"type": "LineString", "coordinates": [[13.280295867605064, 52.65984225480455], [13.280256899999998, 52.6598524]]}, "properties": {"length": 2.87}}, {"type": "Feature", "geometry": {"type": "LineString", "coordinates": [[13.279713000000001, 52.659993400000005], [13.279985399999997, 52.65992299999999]]}, "properties": {"length": 19.97017850610387}}, {"type": "Feature", "geometry": {"type": "LineString", "coordinates": [[13.280015840669423, 52.65996630861626], [13.279985399999997, 52.65992299999999]]}, "properties": {"length": 5.24}}, {"type": "Feature", "geometry": {"type": "LineString", "coordinates": [[13.280826100000002, 52.659703799999996], [13.2805419, 52.65977819999999]]}, "properties": {"length": 20.87699759012793}}, {"type": "Feature", "geometry": {"type": "LineString", "coordinates": [[13.280716965399439, 52.66002468601862], [13.2805419, 52.65977819999999]]}, "properties": {"length": 29.9}}, {"type": "Feature", "geometry": {"type": "LineString", "coordinates": [[13.2805419, 52.65977819999999], [13.280327614368108, 52.65983398953871]]}, "properties": {"length": 15.78}}, {"type": "Feature", "geometry": {"type": "LineString", "coordinates": [[13.28085885469406, 52.65974993371431], [13.280826100000002, 52.659703799999996]]}, "properties": {"length": 5.6}}, {"type": "Feature", "geometry": {"type": "LineString", "coordinates": [[13.280826100000002, 52.659703799999996], [13.280869386545124, 52.659692228557816]]}, "properties": {"length": 3.2}}, {"type": "Feature", "geometry": {"type": "LineString", "coordinates": [[13.276668, 52.6616573], [13.276707160041406, 52.66165825553826]]}, "properties": {"length": 2.65}}, {"type": "Feature", "geometry": {"type": "LineString", "coordinates": [[13.276713348341119, 52.66048760256542], [13.276668, 52.6616573]]}, "properties": {"length": 130.28}}, {"type": "Feature", "geometry": {"type": "LineString", "coordinates": [[13.2765358, 52.66221719999999], [13.275626391694718, 52.66123886168281]]}, "properties": {"length": 125.13}}, {"type": "Feature", "geometry": {"type": "LineString", "coordinates": [[13.276620552750774, 52.662200322832135], [13.2765358, 52.66221719999999]]}, "properties": {"length": 6.04}}, {"type": "Feature", "geometry": {"type": "LineString", "coordinates": [[13.2765358, 52.66221719999999], [13.276548414857608, 52.66202269843335]]}, "properties": {"length": 21.67}}, {"type": "Feature", "geometry": {"type": "LineString", "coordinates": [[13.2887701, 52.652334599999996], [13.288775899999997, 52.6524434], [13.2887035, 52.6527787], [13.288539, 52.653074099999984]]}, "properties": {"length": 84.37728048726048}}, {"type": "Feature", "geometry": {"type": "LineString", "coordinates": [[13.288539, 52.653074099999984], [13.288075081074032, 52.65361893834137]]}, "properties": {"length": 68.32}}, {"type": "Feature", "geometry": {"type": "LineString", "coordinates": [[13.288539, 52.653074099999984], [13.28893125547875, 52.6529765140099]]}, "properties": {"length": 28.7}}, {"type": "Feature", "geometry": {"type": "LineString", "coordinates": [[13.289240076346575, 52.65359019255134], [13.289405800000003, 52.65295259999999]]}, "properties": {"length": 71.88}}, {"type": "Feature", "geometry": {"type": "LineString", "coordinates": [[13.28928517432107, 52.65295048447775], [13.289405800000003, 52.65295259999999]]}, "properties": {"length": 8.17}}, {"type": "Feature", "geometry": {"type": "LineString", "coordinates": [[13.289425377664271, 52.65288623395925], [13.289405800000003, 52.65295259999999]]}, "properties": {"length": 7.51}}, {"type": "Feature", "geometry": {"type": "LineString", "coordinates": [[13.28995508843557, 52.652979689232474], [13.289405800000003, 52.65295259999999]]}, "properties": {"length": 37.32}}, {"type": "Feature", "geometry": {"type": "LineString", "coordinates": [[13.2887701, 52.652334599999996], [13.288765862966565, 52.652334706105776]]}, "properties": {"length": 0.29}}, {"type": "Feature", "geometry": {"type": "LineString", "coordinates": [[13.28876651971319, 52.6522668521359], [13.2887701, 52.652334599999996]]}, "properties": {"length": 7.55}}, {"type": "Feature", "geometry": {"type": "LineString", "coordinates": [[13.298031880390388, 52.67468044177301], [13.298118399999998, 52.6746906]]}, "properties": {"length": 5.96}}, {"type": "Feature", "geometry": {"type": "LineString", "coordinates": [[13.298118399999998, 52.6746906], [13.298126144287073, 52.67468694732114]]}, "properties": {"length": 0.66}}, {"type": "Feature", "geometry": {"type": "LineString", "coordinates": [[13.298118399999998, 52.6746906], [13.29812713560658, 52.67469045544453]]}, "properties": {"length": 0.59}}, {"type": "Feature", "geometry": {"type": "LineString", "coordinates": [[13.299381499999999, 52.66167519999999], [13.2985718, 52.661694]]}, "properties": {"length": 54.64783992682165}}, {"type": "Feature", "geometry": {"type": "LineString", "coordinates": [[13.299381499999999, 52.66167519999999], [13.299444097405976, 52.66215508067936]]}, "properties": {"length": 53.6}}, {"type": "Feature", "geometry": {"type": "LineString", "coordinates": [[13.302311046570614, 52.6616072142346], [13.299381499999999, 52.66167519999999]]}, "properties": {"length": 198.49}}, {"type": "Feature", "geometry": {"type": "LineString", "coordinates": [[13.298009499999997, 52.661706200000005], [13.2985718, 52.661694]]}, "properties": {"length": 37.946916948675444}}, {"type": "Feature", "geometry": {"type": "LineString", "coordinates": [[13.2985718, 52.661694], [13.298893454402002, 52.66195986348246]]}, "properties": {"length": 36.75}}, {"type": "Feature", "geometry": {"type": "LineString", "coordinates": [[13.298009499999997, 52.661706200000005], [13.298634, 52.66202739999999]]}, "properties": {"length": 55.22225723776584}}, {"type": "Feature", "geometry": {"type": "LineString", "coordinates": [[13.2978244, 52.661710199999995], [13.298009499999997, 52.661706200000005]]}, "properties": {"length": 12.49144094390099}}, {"type": "Feature", "geometry": {"type": "LineString", "coordinates": [[13.2978244, 52.661710199999995], [13.297682249950507, 52.66167707559369]]}, "properties": {"length": 10.31}}, {"type": "Feature", "geometry": {"type": "LineString", "coordinates": [[13.2978244, 52.661710199999995], [13.297683202620291, 52.66171325496927]]}, "properties": {"length": 9.57}}, {"type": "Feature", "geometry": {"type": "LineString", "coordinates": [[13.280825060428029, 52.674234315912194], [13.276626699999998, 52.6734131]]}, "properties": {"length": 298.51}}, {"type": "Feature", "geometry": {"type": "LineString", "coordinates": [[13.276626699999998, 52.6734131], [13.276350896946953, 52.67335940051474]]}, "properties": {"length": 19.6}}, {"type": "Feature", "geometry": {"type": "LineString", "coordinates": [[13.277816089958131, 52.673617662360755], [13.276626699999998, 52.6734131]]}, "properties": {"length": 83.66}}, {"type": "Feature", "geometry": {"type": "LineString", "coordinates": [[13.276618808120832, 52.67346408465827], [13.2777487, 52.673692599999995]]}, "properties": {"length": 80.6}}, {"type": "Feature", "geometry": {"type": "LineString", "coordinates": [[13.2777487, 52.673692599999995], [13.276303838642622, 52.673361255866574]]}, "properties": {"length": 104.52}}, {"type": "Feature", "geometry": {"type": "LineString", "coordinates": [[13.280063191399638, 52.67418581970332], [13.2777487, 52.673692599999995]]}, "properties": {"length": 166.0}}, {"type": "Feature", "geometry": {"type": "LineString", "coordinates": [[13.2873636, 52.671236799999996], [13.287310899999998, 52.670838299999986]]}, "properties": {"length": 44.45349228897655}}, {"type": "Feature", "geometry": {"type": "LineString", "coordinates": [[13.287310899999998, 52.670838299999986], [13.287290088340157, 52.67010826931146]]}, "properties": {"length": 81.3}}, {"type": "Feature", "geometry": {"type": "LineString", "coordinates": [[13.287238411923104, 52.67040350514143], [13.287310899999998, 52.670838299999986]]}, "properties": {"length": 48.66}}, {"type": "Feature", "geometry": {"type": "LineString", "coordinates": [[13.2874935, 52.6719601], [13.287475, 52.67182059999999], [13.287464999999997, 52.6717508], [13.2874514, 52.67168099999999], [13.287409, 52.671512199999995], [13.2873949, 52.671443599999996], [13.2873838, 52.6713745], [13.2873636, 52.671236799999996]]}, "properties": {"length": 80.93301560898081}}, {"type": "Feature", "geometry": {"type": "LineString", "coordinates": [[13.2874935, 52.6719601], [13.287299720725397, 52.67010828768835]]}, "properties": {"length": 206.62}}, {"type": "Feature", "geometry": {"type": "LineString", "coordinates": [[13.2874935, 52.6719601], [13.287982601884591, 52.676742714556376]]}, "properties": {"length": 533.57}}, {"type": "Feature", "geometry": {"type": "LineString", "coordinates": [[13.2873636, 52.671236799999996], [13.28763222417926, 52.67379800011186]]}, "properties": {"length": 285.77}}, {"type": "Feature", "geometry": {"type": "LineString", "coordinates": [[13.294227800000002, 52.667096900000004], [13.2941299, 52.667096799999996]]}, "properties": {"length": 6.601770101565803}}, {"type": "Feature", "geometry": {"type": "LineString", "coordinates": [[13.293918426034594, 52.667112496717166], [13.2941299, 52.667096799999996]]}, "properties": {"length": 14.42}}, {"type": "Feature", "geometry": {"type": "LineString", "coordinates": [[13.294227800000002, 52.667096900000004], [13.294322224165771, 52.667096458197534]]}, "properties": {"length": 6.39}}, {"type": "Feature", "geometry": {"type": "LineString", "coordinates": [[13.293868999999999, 52.666306199999994], [13.293896795722688, 52.66630455289393]]}, "properties": {"length": 1.89}}, {"type": "Feature", "geometry": {"type": "LineString", "coordinates": [[13.293868999999999, 52.666306199999994], [13.29377592694006, 52.66631684017042]]}, "properties": {"length": 6.41}}, {"type": "Feature", "geometry": {"type": "LineString", "coordinates": [[13.2995517, 52.67652039999999], [13.298355399999998, 52.6769969]]}, "properties": {"length": 96.50014478768102}}, {"type": "Feature", "geometry": {"type": "LineString", "coordinates": [[13.2969308, 52.677614199999994], [13.298355399999998, 52.6769969]]}, "properties": {"length": 118.05052951322422}}, {"type": "Feature", "geometry": {"type": "LineString", "coordinates": [[13.2995517, 52.67652039999999], [13.3013442, 52.6759453]]}, "properties": {"length": 136.72609528772574}}, {"type": "Feature", "geometry": {"type": "LineString", "coordinates": [[13.2969308, 52.677614199999994], [13.2957415, 52.67828419999999]]}, "properties": {"length": 109.44874237946168}}, {"type": "Feature", "geometry": {"type": "LineString", "coordinates": [[13.2957415, 52.67828419999999], [13.294808138220164, 52.67886977815831]]}, "properties": {"length": 90.78}}, {"type": "Feature", "geometry": {"type": "LineString", "coordinates": [[13.298315044390192, 52.662362404043485], [13.298299499999999, 52.6623574]]}, "properties": {"length": 1.19}}, {"type": "Feature", "geometry": {"type": "LineString", "coordinates": [[13.298089002816255, 52.66230321957349], [13.298299499999999, 52.6623574]]}, "properties": {"length": 15.48}}, {"type": "Feature", "geometry": {"type": "LineString", "coordinates": [[13.297498399999998, 52.66215119999999], [13.297606739305769, 52.66217908654944]]}, "properties": {"length": 7.97}}, {"type": "Feature", "geometry": {"type": "LineString", "coordinates": [[13.303645499999996, 52.67526589999999], [13.3013442, 52.6759453]]}, "properties": {"length": 172.56958136363153}}, {"type": "Feature", "geometry": {"type": "LineString", "coordinates": [[13.2859394, 52.6609867], [13.285991099999999, 52.6609759]]}, "properties": {"length": 3.687821586973455}}, {"type": "Feature", "geometry": {"type": "LineString", "coordinates": [[13.286056556947798, 52.66155857943611], [13.285991099999999, 52.6609759]]}, "properties": {"length": 65.03}}, {"type": "Feature", "geometry": {"type": "LineString", "coordinates": [[13.285915404285921, 52.66060172981317], [13.2859394, 52.6609867]]}, "properties": {"length": 42.9}}, {"type": "Feature", "geometry": {"type": "LineString", "coordinates": [[13.298047199999997, 52.6615733], [13.2978796, 52.66155659999998]]}, "properties": {"length": 11.454840286683195}}, {"type": "Feature", "geometry": {"type": "LineString", "coordinates": [[13.2978796, 52.66155659999998], [13.297469514661177, 52.66145731775868]]}, "properties": {"length": 29.88}}, {"type": "Feature", "geometry": {"type": "LineString", "coordinates": [[13.2821641, 52.65509860000001], [13.282168121400517, 52.65513595769858]]}, "properties": {"length": 4.17}}, {"type": "Feature", "geometry": {"type": "LineString", "coordinates": [[13.303470816450341, 52.67520480025976], [13.303559699999997, 52.67518110000001]]}, "properties": {"length": 6.57}}, {"type": "Feature", "geometry": {"type": "LineString", "coordinates": [[13.303559699999997, 52.67518110000001], [13.304385821992573, 52.67493923128945]]}, "properties": {"length": 62.06}}, {"type": "Feature", "geometry": {"type": "LineString", "coordinates": [[13.298047199999997, 52.6615733], [13.2980307, 52.66175320000001]]}, "properties": {"length": 20.03492326849245}}, {"type": "Feature", "geometry": {"type": "LineString", "coordinates": [[13.2976841444417, 52.66174902271876], [13.2980307, 52.66175320000001]]}, "properties": {"length": 23.47}}, {"type": "Feature", "geometry": {"type": "LineString", "coordinates": [[13.2820413, 52.654926499999995], [13.282046899999996, 52.654896699999995]]}, "properties": {"length": 3.3350738286846187}}, {"type": "Feature", "geometry": {"type": "LineString", "coordinates": [[13.282046899999996, 52.654896699999995], [13.282205699999999, 52.6549081]]}, "properties": {"length": 10.786208235332964}}, {"type": "Feature", "geometry": {"type": "LineString", "coordinates": [[13.2820413, 52.654926499999995], [13.282205699999999, 52.6549081]]}, "properties": {"length": 11.276358481428483}}, {"type": "Feature", "geometry": {"type": "LineString", "coordinates": [[13.2820413, 52.654926499999995], [13.282020099999999, 52.6550405], [13.282028900000002, 52.65520589999999], [13.2820421, 52.6552486], [13.2820949, 52.6557423], [13.282125699999998, 52.6559077]]}, "properties": {"length": 109.5097226239225}}, {"type": "Feature", "geometry": {"type": "LineString", "coordinates": [[13.2846063, 52.65859439999999], [13.2844887, 52.6585163]]}, "properties": {"length": 11.761395655885925}}, {"type": "Feature", "geometry": {"type": "LineString", "coordinates": [[13.2846063, 52.65859439999999], [13.284562324730985, 52.65863283261898]]}, "properties": {"length": 5.21}}, {"type": "Feature", "geometry": {"type": "LineString", "coordinates": [[13.2846063, 52.65859439999999], [13.284615260562198, 52.65855855776458]]}, "properties": {"length": 4.04}}, {"type": "Feature", "geometry": {"type": "LineString", "coordinates": [[13.2776708, 52.67168899999999], [13.2771088, 52.67175209999999], [13.276796199999996, 52.67177329999999]]}, "properties": {"length": 59.74678626725518}}, {"type": "Feature", "geometry": {"type": "LineString", "coordinates": [[13.307504412278798, 52.6740884585805], [13.289110199999998, 52.6861387]]}, "properties": {"length": 1830.32}}, {"type": "Feature", "geometry": {"type": "LineString", "coordinates": [[13.2831893, 52.67485249999999], [13.2825961, 52.67468669999999]]}, "properties": {"length": 44.03934558312807}}, {"type": "Feature", "geometry": {"type": "LineString", "coordinates": [[13.287184811503696, 52.667553447942], [13.2888964, 52.6840195]]}, "properties": {"length": 1837.16}}, {"type": "Feature", "geometry": {"type": "LineString", "coordinates": [[13.244284800000003, 52.657412199999996], [13.244155099999999, 52.65749120000001]]}, "properties": {"length": 12.397372562290435}}, {"type": "Feature", "geometry": {"type": "LineString", "coordinates": [[13.244155099999999, 52.65749120000001], [13.245741975194328, 52.654679923315165]]}, "properties": {"length": 330.96}}, {"type": "Feature", "geometry": {"type": "LineString", "coordinates": [[13.244077275941128, 52.65813423257248], [13.244155099999999, 52.65749120000001]]}, "properties": {"length": 71.79}}, {"type": "Feature", "geometry": {"type": "LineString", "coordinates": [[13.258245792102098, 52.67122075958394], [13.258172899999998, 52.67125889999999]]}, "properties": {"length": 6.51}}, {"type": "Feature", "geometry": {"type": "LineString", "coordinates": [[13.272802599999999, 52.67277299999999], [13.2726081, 52.67290309999999]]}, "properties": {"length": 19.525869430032532}}, {"type": "Feature", "geometry": {"type": "LineString", "coordinates": [[13.272529000000002, 52.6728872], [13.2726081, 52.67290309999999]]}, "properties": {"length": 5.6187107016953455}}, {"type": "Feature", "geometry": {"type": "LineString", "coordinates": [[13.273545499999999, 52.672906199999986], [13.273365, 52.6730582], [13.273119199999998, 52.673285899999996], [13.27293, 52.673204399999996], [13.2726081, 52.67290309999999]]}, "properties": {"length": 106.6550748205247}}, {"type": "Feature", "geometry": {"type": "LineString", "coordinates": [[13.272802599999999, 52.67277299999999], [13.273393913878785, 52.6728790214596]]}, "properties": {"length": 41.73}}, {"type": "Feature", "geometry": {"type": "LineString", "coordinates": [[13.272194813550431, 52.672821575138144], [13.272529000000002, 52.6728872]]}, "properties": {"length": 23.77}}, {"type": "Feature", "geometry": {"type": "LineString", "coordinates": [[13.272597659885733, 52.67295135470601], [13.272529000000002, 52.6728872]]}, "properties": {"length": 8.52}}, {"type": "Feature", "geometry": {"type": "LineString", "coordinates": [[13.273545499999999, 52.672906199999986], [13.2736315, 52.6729124]]}, "properties": {"length": 5.8393676049662275}}, {"type": "Feature", "geometry": {"type": "LineString", "coordinates": [[13.273446744205444, 52.672888493666676], [13.273545499999999, 52.672906199999986]]}, "properties": {"length": 6.97}}, {"type": "Feature", "geometry": {"type": "LineString", "coordinates": [[13.257335000000001, 52.67834999999999], [13.25732924852105, 52.678309193289344]]}, "properties": {"length": 4.56}}, {"type": "Feature", "geometry": {"type": "LineString", "coordinates": [[13.257335000000001, 52.67834999999999], [13.256658623444691, 52.678610689287915]]}, "properties": {"length": 54.2}}, {"type": "Feature", "geometry": {"type": "LineString", "coordinates": [[13.257335000000001, 52.67834999999999], [13.257624188959081, 52.67865577093622]]}, "properties": {"length": 39.27}}, {"type": "Feature", "geometry": {"type": "LineString", "coordinates": [[13.284969632948712, 52.66218804404939], [13.2848713, 52.66203569999999]]}, "properties": {"length": 18.22}}, {"type": "Feature", "geometry": {"type": "LineString", "coordinates": [[13.28529663134506, 52.661950539632954], [13.285298399999999, 52.6619536]]}, "properties": {"length": 0.36}}, {"type": "Feature", "geometry": {"type": "LineString", "coordinates": [[13.285298399999999, 52.6619536], [13.285309543585285, 52.66206685737372]]}, "properties": {"length": 12.63}}, {"type": "Feature", "geometry": {"type": "LineString", "coordinates": [[13.281042500000002, 52.6628593], [13.281022985164311, 52.66283756759713]]}, "properties": {"length": 2.76}}, {"type": "Feature", "geometry": {"type": "LineString", "coordinates": [[13.27862270977949, 52.66041462698503], [13.2786984, 52.660394600000004]]}, "properties": {"length": 5.59}}, {"type": "Feature", "geometry": {"type": "LineString", "coordinates": [[13.278741666561531, 52.660304592908886], [13.2786984, 52.660394600000004]]}, "properties": {"length": 10.44}}, {"type": "Feature", "geometry": {"type": "LineString", "coordinates": [[13.2782494, 52.6603758], [13.278546699999996, 52.6602979]]}, "properties": {"length": 21.842168606684353}}, {"type": "Feature", "geometry": {"type": "LineString", "coordinates": [[13.2782494, 52.6603758], [13.278267653735837, 52.660394541803875]]}, "properties": {"length": 2.43}}, {"type": "Feature", "geometry": {"type": "LineString", "coordinates": [[13.278546699999996, 52.6602979], [13.2788453, 52.6602202]]}, "properties": {"length": 21.91393954002743}}, {"type": "Feature", "geometry": {"type": "LineString", "coordinates": [[13.278546699999996, 52.6602979], [13.278565990222473, 52.66032818002836]]}, "properties": {"length": 3.62}}, {"type": "Feature", "geometry": {"type": "LineString", "coordinates": [[13.277636099999999, 52.6610175], [13.277597799999999, 52.66095919999999]]}, "properties": {"length": 6.978346272733763}}, {"type": "Feature", "geometry": {"type": "LineString", "coordinates": [[13.277597799999999, 52.66095919999999], [13.277708289695553, 52.660850567937594]]}, "properties": {"length": 14.22}}, {"type": "Feature", "geometry": {"type": "LineString", "coordinates": [[13.277636099999999, 52.6610175], [13.277733399999997, 52.660994]]}, "properties": {"length": 7.063347393658013}}, {"type": "Feature", "geometry": {"type": "LineString", "coordinates": [[13.2777562, 52.66102769999999], [13.277733399999997, 52.660994]]}, "properties": {"length": 4.0505055015573}}, {"type": "Feature", "geometry": {"type": "LineString", "coordinates": [[13.277733399999997, 52.660994], [13.2777562936216, 52.66098850326632]]}, "properties": {"length": 1.67}}, {"type": "Feature", "geometry": {"type": "LineString", "coordinates": [[13.2777324, 52.66107609999999], [13.277534300000001, 52.66112520000001], [13.2774869, 52.6610549], [13.277636099999999, 52.6610175]]}, "properties": {"length": 33.766377299138526}}, {"type": "Feature", "geometry": {"type": "LineString", "coordinates": [[13.277708, 52.6610396], [13.2777562, 52.66102769999999]]}, "properties": {"length": 3.5097478427774393}}, {"type": "Feature", "geometry": {"type": "LineString", "coordinates": [[13.277813799974842, 52.66101355145563], [13.2777562, 52.66102769999999]]}, "properties": {"length": 4.21}}, {"type": "Feature", "geometry": {"type": "LineString", "coordinates": [[13.2777324, 52.66107609999999], [13.277708, 52.6610396]]}, "properties": {"length": 4.379547142828224}}, {"type": "Feature", "geometry": {"type": "LineString", "coordinates": [[13.2777324, 52.66107609999999], [13.277990872494945, 52.66108937459402]]}, "properties": {"length": 17.56}}, {"type": "Feature", "geometry": {"type": "LineString", "coordinates": [[13.275823599999999, 52.66127759999999], [13.275849491792652, 52.66120613613171]]}, "properties": {"length": 8.15}}, {"type": "Feature", "geometry": {"type": "LineString", "coordinates": [[13.275823599999999, 52.66127759999999], [13.27590413254504, 52.661255488887235]]}, "properties": {"length": 5.98}}, {"type": "Feature", "geometry": {"type": "LineString", "coordinates": [[13.27595635785793, 52.66130265982873], [13.275823599999999, 52.66127759999999]]}, "properties": {"length": 9.41}}, {"type": "Feature", "geometry": {"type": "LineString", "coordinates": [[13.275922699999999, 52.6614334], [13.275957699999998, 52.66142580000001]]}, "properties": {"length": 2.5072014950635237}}, {"type": "Feature", "geometry": {"type": "LineString", "coordinates": [[13.2759214, 52.661431099999994], [13.275888000000002, 52.66137499999999], [13.2760313, 52.6613437], [13.276066, 52.661402200000005], [13.275957699999998, 52.66142580000001]]}, "properties": {"length": 31.578612387033587}}, {"type": "Feature", "geometry": {"type": "LineString", "coordinates": [[13.275922699999999, 52.6614334], [13.2759214, 52.661431099999994]]}, "properties": {"length": 0.2703596369990674}}, {"type": "Feature", "geometry": {"type": "LineString", "coordinates": [[13.276025900000002, 52.6616451], [13.276090300000002, 52.6616325]]}, "properties": {"length": 4.563659683845433}}, {"type": "Feature", "geometry": {"type": "LineString", "coordinates": [[13.276090300000002, 52.6616325], [13.27617135682048, 52.6616111543146]]}, "properties": {"length": 5.98}}, {"type": "Feature", "geometry": {"type": "LineString", "coordinates": [[13.276090300000002, 52.6616325], [13.276088767146284, 52.661629516838296]]}, "properties": {"length": 0.35}}, {"type": "Feature", "geometry": {"type": "LineString", "coordinates": [[13.276025900000002, 52.6616451], [13.2760303, 52.6616531], [13.275923899999999, 52.66167399999999], [13.2758637, 52.661561000000006], [13.275970099999999, 52.6615401], [13.2759724, 52.66154409999999]]}, "properties": {"length": 29.699082226191535}}, {"type": "Feature", "geometry": {"type": "LineString", "coordinates": [[13.2759724, 52.66154409999999], [13.276022503237481, 52.661534368267425]]}, "properties": {"length": 3.56}}, {"type": "Feature", "geometry": {"type": "LineString", "coordinates": [[13.277767799999998, 52.6602276], [13.277719599999998, 52.6602401], [13.277662299999998, 52.66015839999999], [13.277710699999998, 52.66014590000001], [13.277754999999999, 52.6602088]]}, "properties": {"length": 24.561474540734118}}, {"type": "Feature", "geometry": {"type": "LineString", "coordinates": [[13.2778599, 52.660244799999994], [13.2778239, 52.66019159999999], [13.277754999999999, 52.6602088]]}, "properties": {"length": 11.419575712507612}}, {"type": "Feature", "geometry": {"type": "LineString", "coordinates": [[13.277777950729515, 52.66024258649234], [13.277767799999998, 52.6602276]]}, "properties": {"length": 1.8}}, {"type": "Feature", "geometry": {"type": "LineString", "coordinates": [[13.277869890038932, 52.660242231944586], [13.2778599, 52.660244799999994]]}, "properties": {"length": 0.73}}, {"type": "Feature", "geometry": {"type": "LineString", "coordinates": [[13.2815278, 52.6586923], [13.281517099999999, 52.65865120000001]]}, "properties": {"length": 4.626748297837602}}, {"type": "Feature", "geometry": {"type": "LineString", "coordinates": [[13.281506757645081, 52.65861274604791], [13.281517099999999, 52.65865120000001]]}, "properties": {"length": 4.34}}, {"type": "Feature", "geometry": {"type": "LineString", "coordinates": [[13.281533584022464, 52.658748499994104], [13.2815278, 52.6586923]]}, "properties": {"length": 6.27}}, {"type": "Feature", "geometry": {"type": "LineString", "coordinates": [[13.2775046, 52.6601635], [13.2775117, 52.6600978]]}, "properties": {"length": 7.321193989187665}}, {"type": "Feature", "geometry": {"type": "LineString", "coordinates": [[13.2775117, 52.6600978], [13.277067586904023, 52.659616570572936]]}, "properties": {"length": 61.44}}, {"type": "Feature", "geometry": {"type": "LineString", "coordinates": [[13.2775046, 52.6601635], [13.2812714532168, 52.659519100510096]]}, "properties": {"length": 264.94}}, {"type": "Feature", "geometry": {"type": "LineString", "coordinates": [[13.2819203, 52.65711509999999], [13.2821994, 52.6571141]]}, "properties": {"length": 18.825377271515435}}, {"type": "Feature", "geometry": {"type": "LineString", "coordinates": [[13.282217, 52.657293300000006], [13.2821994, 52.6571141]]}, "properties": {"length": 19.961488519558312}}, {"type": "Feature", "geometry": {"type": "LineString", "coordinates": [[13.2814664, 52.65711889999999], [13.2819203, 52.65711509999999]]}, "properties": {"length": 30.61806879940805}}, {"type": "Feature", "geometry": {"type": "LineString", "coordinates": [[13.282217644427341, 52.657294937208924], [13.282217, 52.657293300000006]]}, "properties": {"length": 0.19}}, {"type": "Feature", "geometry": {"type": "LineString", "coordinates": [[13.281, 52.657122799999996], [13.2813901, 52.6571192]]}, "properties": {"length": 26.314942005206376}}, {"type": "Feature", "geometry": {"type": "LineString", "coordinates": [[13.281428642704025, 52.65738229206298], [13.2813901, 52.6571192]]}, "properties": {"length": 29.41}}, {"type": "Feature", "geometry": {"type": "LineString", "coordinates": [[13.281213663633146, 52.653260152982554], [13.2813901, 52.6571192]]}, "properties": {"length": 429.87}}, {"type": "Feature", "geometry": {"type": "LineString", "coordinates": [[13.281, 52.657122799999996], [13.280843399999998, 52.6571286]]}, "properties": {"length": 10.582200154954698}}, {"type": "Feature", "geometry": {"type": "LineString", "coordinates": [[13.2814664, 52.65711889999999], [13.281491600000003, 52.6573089], [13.281537, 52.65767499999998], [13.2816572, 52.65864680000001]]}, "properties": {"length": 170.3819344043498}}, {"type": "Feature", "geometry": {"type": "LineString", "coordinates": [[13.2814664, 52.65711889999999], [13.281274785700438, 52.65342957371348]]}, "properties": {"length": 411.01}}, {"type": "Feature", "geometry": {"type": "LineString", "coordinates": [[13.2808755742658, 52.65734415033875], [13.280870799999999, 52.65731019999998]]}, "properties": {"length": 3.79}}, {"type": "Feature", "geometry": {"type": "LineString", "coordinates": [[13.280920010050336, 52.65730763914403], [13.280870799999999, 52.65731019999998]]}, "properties": {"length": 3.34}}, {"type": "Feature", "geometry": {"type": "LineString", "coordinates": [[13.280768641941943, 52.65726424954497], [13.280870799999999, 52.65731019999998]]}, "properties": {"length": 8.6}}, {"type": "Feature", "geometry": {"type": "LineString", "coordinates": [[13.2809066, 52.6575615], [13.28099862380885, 52.657527842175725]]}, "properties": {"length": 7.27}}, {"type": "Feature", "geometry": {"type": "LineString", "coordinates": [[13.2809066, 52.6575615], [13.28090308390873, 52.657536875922965]]}, "properties": {"length": 2.75}}, {"type": "Feature", "geometry": {"type": "LineString", "coordinates": [[13.2809066, 52.6575615], [13.280782823322397, 52.65750279098775]]}, "properties": {"length": 10.63}}, {"type": "Feature", "geometry": {"type": "LineString", "coordinates": [[13.2808048, 52.65735279999999], [13.280751787277651, 52.657271476817066]]}, "properties": {"length": 9.74}}, {"type": "Feature", "geometry": {"type": "LineString", "coordinates": [[13.2808048, 52.65735279999999], [13.28087285778816, 52.65734879660168]]}, "properties": {"length": 4.63}}, {"type": "Feature", "geometry": {"type": "LineString", "coordinates": [[13.280803714669387, 52.65746705865543], [13.2808048, 52.65735279999999]]}, "properties": {"length": 12.72}}, {"type": "Feature", "geometry": {"type": "LineString", "coordinates": [[13.282345099999999, 52.657908699999986], [13.2823613, 52.6576599]]}, "properties": {"length": 27.686906031578747}}, {"type": "Feature", "geometry": {"type": "LineString", "coordinates": [[13.2823613, 52.6576599], [13.282225537654524, 52.65731499044693]]}, "properties": {"length": 39.49}}, {"type": "Feature", "geometry": {"type": "LineString", "coordinates": [[13.279746587761398, 52.65753992141589], [13.279780399999996, 52.657438699999986]]}, "properties": {"length": 11.5}}, {"type": "Feature", "geometry": {"type": "LineString", "coordinates": [[13.279815699999999, 52.6576241], [13.279739372858106, 52.65755290758388]]}, "properties": {"length": 9.46}}, {"type": "Feature", "geometry": {"type": "LineString", "coordinates": [[13.2824153, 52.6581313], [13.282345099999999, 52.657908699999986]]}, "properties": {"length": 25.20082118733631}}, {"type": "Feature", "geometry": {"type": "LineString", "coordinates": [[13.282362999999997, 52.65830089999999], [13.2824153, 52.6581313]]}, "properties": {"length": 19.185757774448337}}, {"type": "Feature", "geometry": {"type": "LineString", "coordinates": [[13.282354100000001, 52.6584021], [13.282362999999997, 52.65830089999999]]}, "properties": {"length": 11.268941857061517}}, {"type": "Feature", "geometry": {"type": "LineString", "coordinates": [[13.2816572, 52.65864680000001], [13.282354100000001, 52.6584021]]}, "properties": {"length": 54.311216848170716}}, {"type": "Feature", "geometry": {"type": "LineString", "coordinates": [[13.2816626, 52.6587122], [13.2816572, 52.65864680000001]]}, "properties": {"length": 7.281273200517898}}, {"type": "Feature", "geometry": {"type": "LineString", "coordinates": [[13.2816626, 52.6587122], [13.282361199999999, 52.65846659999999]]}, "properties": {"length": 54.460533666377515}}, {"type": "Feature", "geometry": {"type": "LineString", "coordinates": [[13.2823809, 52.6586737], [13.282361199999999, 52.65846659999999]]}, "properties": {"length": 23.06680189558802}}, {"type": "Feature", "geometry": {"type": "LineString", "coordinates": [[13.281693292652692, 52.65899341052274], [13.2816626, 52.6587122]]}, "properties": {"length": 31.38}}, {"type": "Feature", "geometry": {"type": "LineString", "coordinates": [[13.282390114088965, 52.65877301457772], [13.2823809, 52.6586737]]}, "properties": {"length": 11.08}}, {"type": "Feature", "geometry": {"type": "LineString", "coordinates": [[13.2832651, 52.66088249999999], [13.283365146407423, 52.660935237120185]]}, "properties": {"length": 8.96}}, {"type": "Feature", "geometry": {"type": "LineString", "coordinates": [[13.28307655111306, 52.6609336563836], [13.2832651, 52.66088249999999]]}, "properties": {"length": 13.98}}, {"type": "Feature", "geometry": {"type": "LineString", "coordinates": [[13.282638599999999, 52.66077649999999], [13.2826124, 52.66078289999999]]}, "properties": {"length": 1.9049406397453181}}, {"type": "Feature", "geometry": {"type": "LineString", "coordinates": [[13.2826124, 52.66078289999999], [13.282605902109117, 52.66072601846292]]}, "properties": {"length": 6.35}}, {"type": "Feature", "geometry": {"type": "LineString", "coordinates": [[13.285313274236938, 52.6608069382469], [13.2853755, 52.6607608]]}, "properties": {"length": 6.64}}, {"type": "Feature", "geometry": {"type": "LineString", "coordinates": [[13.285281099999999, 52.660778799999996], [13.285290927673723, 52.66079784493881]]}, "properties": {"length": 2.22}}, {"type": "Feature", "geometry": {"type": "LineString", "coordinates": [[13.28509485275909, 52.660784609297735], [13.2850588, 52.66079169999999]]}, "properties": {"length": 2.57}}, {"type": "Feature", "geometry": {"type": "LineString", "coordinates": [[13.284976599999998, 52.66080779999999], [13.285090958608574, 52.66070233957125]]}, "properties": {"length": 14.07}}, {"type": "Feature", "geometry": {"type": "LineString", "coordinates": [[13.284614930635982, 52.660870652043016], [13.2845466, 52.66093380000001]]}, "properties": {"length": 8.42}}, {"type": "Feature", "geometry": {"type": "LineString", "coordinates": [[13.284576800000002, 52.66099150000001], [13.284749017197603, 52.66095488398582]]}, "properties": {"length": 12.35}}, {"type": "Feature", "geometry": {"type": "LineString", "coordinates": [[13.2823988, 52.6584261], [13.282412688751993, 52.65876951198211]]}, "properties": {"length": 38.25}}, {"type": "Feature", "geometry": {"type": "LineString", "coordinates": [[13.2823988, 52.6584261], [13.282257345729418, 52.65731420100683]]}, "properties": {"length": 124.18}}, {"type": "Feature", "geometry": {"type": "LineString", "coordinates": [[13.2856211, 52.6614007], [13.2855988, 52.66136159999999], [13.2856765, 52.661345299999994], [13.285698799999999, 52.66138449999999]]}, "properties": {"length": 14.756403678073132}}, {"type": "Feature", "geometry": {"type": "LineString", "coordinates": [[13.285707009703307, 52.6613827822436], [13.285698799999999, 52.66138449999999]]}, "properties": {"length": 0.59}}, {"type": "Feature", "geometry": {"type": "LineString", "coordinates": [[13.285721, 52.661423600000006], [13.285725699999999, 52.66143189999999], [13.2856481, 52.661448199999995], [13.2856211, 52.6614007]]}, "properties": {"length": 12.101184772152454}}, {"type": "Feature", "geometry": {"type": "LineString", "coordinates": [[13.285721, 52.661423600000006], [13.285731140956244, 52.66142148121543]]}, "properties": {"length": 0.73}}, {"type": "Feature", "geometry": {"type": "LineString", "coordinates": [[13.2854568, 52.6615028], [13.285560230311468, 52.661581938758324]]}, "properties": {"length": 11.26}}, {"type": "Feature", "geometry": {"type": "LineString", "coordinates": [[13.282858100000002, 52.66184109999999], [13.2828604, 52.6618237]]}, "properties": {"length": 1.9410024820192926}}, {"type": "Feature", "geometry": {"type": "LineString", "coordinates": [[13.2828522, 52.6618887], [13.282849699999998, 52.6619082], [13.282791499999998, 52.661905499999996], [13.282792299999999, 52.6618992], [13.282761100000002, 52.6618977], [13.282765800000002, 52.66185960000001], [13.282797700000001, 52.661861], [13.2828027, 52.661821], [13.2828604, 52.6618237]]}, "properties": {"length": 23.69372844919456}}, {"type": "Feature", "geometry": {"type": "LineString", "coordinates": [[13.282863043669481, 52.66180423599737], [13.2828604, 52.6618237]]}, "properties": {"length": 2.17}}, {"type": "Feature", "geometry": {"type": "LineString", "coordinates": [[13.2828522, 52.6618887], [13.282858100000002, 52.66184109999999]]}, "properties": {"length": 5.307821745238697}}, {"type": "Feature", "geometry": {"type": "LineString", "coordinates": [[13.282861591891079, 52.66184127009257], [13.282858100000002, 52.66184109999999]]}, "properties": {"length": 0.24}}, {"type": "Feature", "geometry": {"type": "LineString", "coordinates": [[13.2828522, 52.6618887], [13.282859719294558, 52.66188903885359]]}, "properties": {"length": 0.51}}, {"type": "Feature", "geometry": {"type": "LineString", "coordinates": [[13.2832141, 52.661845899999996], [13.283217299999999, 52.661826299999994], [13.2832322, 52.6618272], [13.2832366, 52.6618006], [13.283204899999998, 52.6617987], [13.283208599999998, 52.6617757], [13.2831659, 52.661773099999984], [13.283154599999996, 52.6618423]]}, "properties": {"length": 21.517121281902032}}, {"type": "Feature", "geometry": {"type": "LineString", "coordinates": [[13.283146715787403, 52.66189037719232], [13.283154599999996, 52.6618423]]}, "properties": {"length": 5.38}}, {"type": "Feature", "geometry": {"type": "LineString", "coordinates": [[13.283140299999998, 52.6619295], [13.283144220375245, 52.661905593964356]]}, "properties": {"length": 2.68}}, {"type": "Feature", "geometry": {"type": "LineString", "coordinates": [[13.283088444676357, 52.66192636841839], [13.283140299999998, 52.6619295]]}, "properties": {"length": 3.53}}, {"type": "Feature", "geometry": {"type": "LineString", "coordinates": [[13.283211556745998, 52.66186141979813], [13.2832141, 52.661845899999996]]}, "properties": {"length": 1.74}}, {"type": "Feature", "geometry": {"type": "LineString", "coordinates": [[13.2831331, 52.661973499999995], [13.283105753365275, 52.661971848519265]]}, "properties": {"length": 1.86}}, {"type": "Feature", "geometry": {"type": "LineString", "coordinates": [[13.2831331, 52.661973499999995], [13.283199753329708, 52.661933448125914]]}, "properties": {"length": 6.34}}, {"type": "Feature", "geometry": {"type": "LineString", "coordinates": [[13.278279564050711, 52.65754936230282], [13.278277600000001, 52.6575497]]}, "properties": {"length": 0.14}}, {"type": "Feature", "geometry": {"type": "LineString", "coordinates": [[13.2783815, 52.6577723], [13.278458545952434, 52.65773876524606]]}, "properties": {"length": 6.42}}, {"type": "Feature", "geometry": {"type": "LineString", "coordinates": [[13.277763747780135, 52.65760787326128], [13.277739199999997, 52.6576142]]}, "properties": {"length": 1.81}}, {"type": "Feature", "geometry": {"type": "LineString", "coordinates": [[13.2779147, 52.657866799999994], [13.2779895139489, 52.65783641011243]]}, "properties": {"length": 6.09}}, {"type": "Feature", "geometry": {"type": "LineString", "coordinates": [[13.278852359120373, 52.65770645606163], [13.2788331, 52.6577089]]}, "properties": {"length": 1.33}}, {"type": "Feature", "geometry": {"type": "LineString", "coordinates": [[13.277456499999998, 52.65799749999999], [13.277287617549813, 52.65792629440569]]}, "properties": {"length": 13.91}}, {"type": "Feature", "geometry": {"type": "LineString", "coordinates": [[13.276995599999998, 52.6581418], [13.277002336561061, 52.65813970850777]]}, "properties": {"length": 0.51}}, {"type": "Feature", "geometry": {"type": "LineString", "coordinates": [[13.2809233, 52.6584887], [13.281023699137435, 52.65841504071369]]}, "properties": {"length": 10.65}}, {"type": "Feature", "geometry": {"type": "LineString", "coordinates": [[13.280249871315718, 52.65859253617614], [13.2802365, 52.6585735]]}, "properties": {"length": 2.3}}, {"type": "Feature", "geometry": {"type": "LineString", "coordinates": [[13.28035163989362, 52.658580480916584], [13.2802365, 52.6585735]]}, "properties": {"length": 7.83}}, {"type": "Feature", "geometry": {"type": "LineString", "coordinates": [[13.28037108770203, 52.658786933146494], [13.2802365, 52.6585735]]}, "properties": {"length": 25.45}}, {"type": "Feature", "geometry": {"type": "LineString", "coordinates": [[13.2803225, 52.658696], [13.280311565350983, 52.65868041468138]]}, "properties": {"length": 1.89}}, {"type": "Feature", "geometry": {"type": "LineString", "coordinates": [[13.280353043500263, 52.658739505913864], [13.2803225, 52.658696]]}, "properties": {"length": 5.27}}, {"type": "Feature", "geometry": {"type": "LineString", "coordinates": [[13.2803225, 52.658696], [13.280335249116234, 52.658692735186214]]}, "properties": {"length": 0.94}}, {"type": "Feature", "geometry": {"type": "LineString", "coordinates": [[13.279701499999998, 52.65882129999999], [13.279640499999998, 52.6587494], [13.279730200000001, 52.6587212]]}, "properties": {"length": 15.805728011026982}}, {"type": "Feature", "geometry": {"type": "LineString", "coordinates": [[13.27973506727072, 52.65872689379608], [13.279730200000001, 52.6587212]]}, "properties": {"length": 0.71}}, {"type": "Feature", "geometry": {"type": "LineString", "coordinates": [[13.279912676113613, 52.65867318554008], [13.279730200000001, 52.6587212]]}, "properties": {"length": 13.46}}, {"type": "Feature", "geometry": {"type": "LineString", "coordinates": [[13.2797329, 52.6588582], [13.279701499999998, 52.65882129999999]]}, "properties": {"length": 4.61742073049984}}, {"type": "Feature", "geometry": {"type": "LineString", "coordinates": [[13.279701499999998, 52.65882129999999], [13.279753924086485, 52.658790902278646]]}, "properties": {"length": 4.9}}, {"type": "Feature", "geometry": {"type": "LineString", "coordinates": [[13.28008400743661, 52.65878080478361], [13.280059699999999, 52.658776399999994]]}, "properties": {"length": 1.72}}, {"type": "Feature", "geometry": {"type": "LineString", "coordinates": [[13.2800183, 52.6587878], [13.280093224849006, 52.658793132845204]]}, "properties": {"length": 5.11}}, {"type": "Feature", "geometry": {"type": "LineString", "coordinates": [[13.2797298, 52.65888559999999], [13.279714899999998, 52.65889149999999], [13.279694499999998, 52.6588673], [13.2797329, 52.6588582]]}, "properties": {"length": 7.003009398441661}}, {"type": "Feature", "geometry": {"type": "LineString", "coordinates": [[13.2797329, 52.6588582], [13.279782582316011, 52.65884634103679]]}, "properties": {"length": 3.61}}, {"type": "Feature", "geometry": {"type": "LineString", "coordinates": [[13.2799145, 52.6589363], [13.2798041, 52.65897139999999], [13.2797298, 52.65888559999999]]}, "properties": {"length": 19.183535233785346}}, {"type": "Feature", "geometry": {"type": "LineString", "coordinates": [[13.2797298, 52.65888559999999], [13.27979253536838, 52.658865594974245]]}, "properties": {"length": 4.8}}, {"type": "Feature", "geometry": {"type": "LineString", "coordinates": [[13.2799145, 52.6589363], [13.279956362590001, 52.65890879734556]]}, "properties": {"length": 4.17}}, {"type": "Feature", "geometry": {"type": "LineString", "coordinates": [[13.2799145, 52.6589363], [13.279906157570505, 52.65892661711805]]}, "properties": {"length": 1.22}}, {"type": "Feature", "geometry": {"type": "LineString", "coordinates": [[13.27925015973178, 52.6588830762666], [13.279242000000002, 52.65887279999999]]}, "properties": {"length": 1.27}}, {"type": "Feature", "geometry": {"type": "LineString", "coordinates": [[13.279343314623238, 52.6588546158246], [13.279242000000002, 52.65887279999999]]}, "properties": {"length": 7.15}}, {"type": "Feature", "geometry": {"type": "LineString", "coordinates": [[13.2792464520639, 52.65896228868944], [13.279242000000002, 52.65887279999999]]}, "properties": {"length": 9.97}}, {"type": "Feature", "geometry": {"type": "LineString", "coordinates": [[13.279357000000001, 52.6590173], [13.2793292, 52.6589822]]}, "properties": {"length": 4.329970098129602}}, {"type": "Feature", "geometry": {"type": "LineString", "coordinates": [[13.279294099999996, 52.65899249999999], [13.2793292, 52.6589822]]}, "properties": {"length": 2.629855382236286}}, {"type": "Feature", "geometry": {"type": "LineString", "coordinates": [[13.2793292, 52.6589822], [13.279328353047644, 52.658981145752584]]}, "properties": {"length": 0.13}}, {"type": "Feature", "geometry": {"type": "LineString", "coordinates": [[13.2793292, 52.6589822], [13.27933083349347, 52.6589817168548]]}, "properties": {"length": 0.12}}, {"type": "Feature", "geometry": {"type": "LineString", "coordinates": [[13.279357000000001, 52.6590173], [13.279282399999998, 52.6590391], [13.279254499999999, 52.6590041], [13.279294099999996, 52.65899249999999]]}, "properties": {"length": 12.873871804420185}}, {"type": "Feature", "geometry": {"type": "LineString", "coordinates": [[13.279294099999996, 52.65899249999999], [13.27927384142065, 52.658968594883774]]}, "properties": {"length": 2.99}}, {"type": "Feature", "geometry": {"type": "LineString", "coordinates": [[13.279357000000001, 52.6590173], [13.279468630300876, 52.65903963375241]]}, "properties": {"length": 7.96}}, {"type": "Feature", "geometry": {"type": "LineString", "coordinates": [[13.2789446, 52.659186799999986], [13.2789038, 52.6591999], [13.278866200000001, 52.6591567], [13.2789071, 52.6591436]]}, "properties": {"length": 11.665010149664855}}, {"type": "Feature", "geometry": {"type": "LineString", "coordinates": [[13.279009923393197, 52.659124295481135], [13.2789071, 52.6591436]]}, "properties": {"length": 7.29}}, {"type": "Feature", "geometry": {"type": "LineString", "coordinates": [[13.278955399999997, 52.65919919999999], [13.2789446, 52.659186799999986]]}, "properties": {"length": 1.5594010321913194}}, {"type": "Feature", "geometry": {"type": "LineString", "coordinates": [[13.278955399999997, 52.65919919999999], [13.279058428360784, 52.65918002280984]]}, "properties": {"length": 7.3}}, {"type": "Feature", "geometry": {"type": "LineString", "coordinates": [[13.277818899999998, 52.65958309999999], [13.27781509055303, 52.6595786853177]]}, "properties": {"length": 0.56}}, {"type": "Feature", "geometry": {"type": "LineString", "coordinates": [[13.277828227088802, 52.659580257842066], [13.277818899999998, 52.65958309999999]]}, "properties": {"length": 0.71}}, {"type": "Feature", "geometry": {"type": "LineString", "coordinates": [[13.277847400000002, 52.6596176], [13.2777354111001, 52.65956914713737]]}, "properties": {"length": 9.31}}, {"type": "Feature", "geometry": {"type": "LineString", "coordinates": [[13.277847400000002, 52.6596176], [13.277880037975084, 52.6595864599257]]}, "properties": {"length": 4.11}}, {"type": "Feature", "geometry": {"type": "LineString", "coordinates": [[13.2769593, 52.6599122], [13.2768831, 52.6599394], [13.2768316, 52.6598864], [13.2768591, 52.659876600000004]]}, "properties": {"length": 14.9551425285806}}, {"type": "Feature", "geometry": {"type": "LineString", "coordinates": [[13.2768591, 52.659876600000004], [13.276855688422863, 52.659873037279944]]}, "properties": {"length": 0.46}}, {"type": "Feature", "geometry": {"type": "LineString", "coordinates": [[13.2768591, 52.659876600000004], [13.276880586368831, 52.65986892314954]]}, "properties": {"length": 1.69}}, {"type": "Feature", "geometry": {"type": "LineString", "coordinates": [[13.2769593, 52.6599122], [13.276994107383462, 52.659850164896646]]}, "properties": {"length": 7.3}}, {"type": "Feature", "geometry": {"type": "LineString", "coordinates": [[13.2769593, 52.6599122], [13.276912175845611, 52.6598637033035]]}, "properties": {"length": 6.27}}, {"type": "Feature", "geometry": {"type": "LineString", "coordinates": [[13.280177702185137, 52.65993481767119], [13.280067699999998, 52.6599534]]}, "properties": {"length": 7.73}}, {"type": "Feature", "geometry": {"type": "LineString", "coordinates": [[13.2793768, 52.66047249999999], [13.2791446, 52.660142799999996]]}, "properties": {"length": 39.865810841257186}}, {"type": "Feature", "geometry": {"type": "LineString", "coordinates": [[13.2793768, 52.66047249999999], [13.279433013491838, 52.660552241877184]]}, "properties": {"length": 9.66}}, {"type": "Feature", "geometry": {"type": "LineString", "coordinates": [[13.279310857115895, 52.660489761931615], [13.2793768, 52.66047249999999]]}, "properties": {"length": 4.86}}, {"type": "Feature", "geometry": {"type": "LineString", "coordinates": [[13.2793768, 52.66047249999999], [13.279582195663375, 52.66041870600682]]}, "properties": {"length": 15.14}}, {"type": "Feature", "geometry": {"type": "LineString", "coordinates": [[13.2791422, 52.6579197], [13.2791319, 52.65787819999999]]}, "properties": {"length": 4.66659648859984}}, {"type": "Feature", "geometry": {"type": "LineString", "coordinates": [[13.2791319, 52.65787819999999], [13.279162101193611, 52.65779917323422]]}, "properties": {"length": 9.03}}, {"type": "Feature", "geometry": {"type": "LineString", "coordinates": [[13.2791319, 52.65787819999999], [13.27921594398861, 52.657870476047535]]}, "properties": {"length": 5.76}}, {"type": "Feature", "geometry": {"type": "LineString", "coordinates": [[13.279112899999998, 52.65796280000001], [13.279102999999997, 52.6579233], [13.2791422, 52.6579197]]}, "properties": {"length": 7.116760987946272}}, {"type": "Feature", "geometry": {"type": "LineString", "coordinates": [[13.2791422, 52.6579197], [13.279178773558964, 52.6579163387627]]}, "properties": {"length": 2.5}}, {"type": "Feature", "geometry": {"type": "LineString", "coordinates": [[13.2802641, 52.65789650000001], [13.2802262, 52.6578999], [13.2802161, 52.65785890000001], [13.280315400000001, 52.65784990000001], [13.2803255, 52.657891]]}, "properties": {"length": 18.58624356128579}}, {"type": "Feature", "geometry": {"type": "LineString", "coordinates": [[13.279254499999999, 52.657995299999996], [13.2791239, 52.65800720000001], [13.279112899999998, 52.65796280000001]]}, "properties": {"length": 13.900005118278361}}, {"type": "Feature", "geometry": {"type": "LineString", "coordinates": [[13.279112899999998, 52.65796280000001], [13.279169978171842, 52.6579575991743]]}, "properties": {"length": 3.91}}, {"type": "Feature", "geometry": {"type": "LineString", "coordinates": [[13.2793331, 52.657989199999996], [13.279378836480392, 52.65797212317653]]}, "properties": {"length": 3.63}}, {"type": "Feature", "geometry": {"type": "LineString", "coordinates": [[13.2793331, 52.657989199999996], [13.279332205752098, 52.65798563085653]]}, "properties": {"length": 0.4}}, {"type": "Feature", "geometry": {"type": "LineString", "coordinates": [[13.279315033594367, 52.65799060516629], [13.2793331, 52.657989199999996]]}, "properties": {"length": 1.23}}, {"type": "Feature", "geometry": {"type": "LineString", "coordinates": [[13.279254499999999, 52.657995299999996], [13.279252653762558, 52.65798784792146]]}, "properties": {"length": 0.84}}, {"type": "Feature", "geometry": {"type": "LineString", "coordinates": [[13.279254499999999, 52.657995299999996], [13.279297857069503, 52.65799558073709]]}, "properties": {"length": 2.94}}, {"type": "Feature", "geometry": {"type": "LineString", "coordinates": [[13.279846099999999, 52.65786229999999], [13.279838999999997, 52.65782329999999]]}, "properties": {"length": 4.362968946883277}}, {"type": "Feature", "geometry": {"type": "LineString", "coordinates": [[13.279838999999997, 52.65782329999999], [13.27986342351931, 52.657744416645315]]}, "properties": {"length": 8.94}}, {"type": "Feature", "geometry": {"type": "LineString", "coordinates": [[13.279838999999997, 52.65782329999999], [13.279882048166398, 52.65782045012938]]}, "properties": {"length": 2.93}}, {"type": "Feature", "geometry": {"type": "LineString", "coordinates": [[13.280898699999996, 52.657806699999995], [13.2809345, 52.65780359999999]]}, "properties": {"length": 2.4391205551019755}}, {"type": "Feature", "geometry": {"type": "LineString", "coordinates": [[13.2809345, 52.65780359999999], [13.280951132136408, 52.65780203198808]]}, "properties": {"length": 1.14}}, {"type": "Feature", "geometry": {"type": "LineString", "coordinates": [[13.2809345, 52.65780359999999], [13.280930447772704, 52.65778670904379]]}, "properties": {"length": 1.9}}, {"type": "Feature", "geometry": {"type": "LineString", "coordinates": [[13.2808192, 52.65781379999999], [13.2808391, 52.65789650000001], [13.2808756, 52.657893300000005], [13.2808558, 52.657810500000004]]}, "properties": {"length": 21.08400576712092}}, {"type": "Feature", "geometry": {"type": "LineString", "coordinates": [[13.2808192, 52.65781379999999], [13.280888794647797, 52.657755852424614]]}, "properties": {"length": 7.99}}, {"type": "Feature", "geometry": {"type": "LineString", "coordinates": [[13.280978500000002, 52.6578625], [13.280967253428605, 52.657813974600195]]}, "properties": {"length": 5.46}}, {"type": "Feature", "geometry": {"type": "LineString", "coordinates": [[13.280978500000002, 52.6578625], [13.281027215535401, 52.65785839431745]]}, "properties": {"length": 3.33}}, {"type": "Feature", "geometry": {"type": "LineString", "coordinates": [[13.2808558, 52.657810500000004], [13.280898699999996, 52.657806699999995]]}, "properties": {"length": 2.924210369062873}}, {"type": "Feature", "geometry": {"type": "LineString", "coordinates": [[13.28104313808478, 52.65787018966707], [13.280898699999996, 52.657806699999995]]}, "properties": {"length": 12.07}}, {"type": "Feature", "geometry": {"type": "LineString", "coordinates": [[13.2798472, 52.6578683], [13.279846099999999, 52.65786229999999]]}, "properties": {"length": 0.671283132491955}}, {"type": "Feature", "geometry": {"type": "LineString", "coordinates": [[13.279846099999999, 52.65786229999999], [13.279891561394134, 52.65785928686903]]}, "properties": {"length": 3.1}}, {"type": "Feature", "geometry": {"type": "LineString", "coordinates": [[13.2798538, 52.6579046], [13.2798472, 52.6578683]]}, "properties": {"length": 4.060854599833769}}, {"type": "Feature", "geometry": {"type": "LineString", "coordinates": [[13.279892099999998, 52.65794069999999], [13.279815900000001, 52.65794579999999], [13.2798024, 52.6578713], [13.2798472, 52.6578683]]}, "properties": {"length": 16.544668630591552}}, {"type": "Feature", "geometry": {"type": "LineString", "coordinates": [[13.2798538, 52.6579046], [13.279901866976063, 52.65790135828157]]}, "properties": {"length": 3.27}}, {"type": "Feature", "geometry": {"type": "LineString", "coordinates": [[13.2799528, 52.6579704], [13.2798982, 52.657974], [13.279892099999998, 52.65794069999999]]}, "properties": {"length": 7.429926084441181}}, {"type": "Feature", "geometry": {"type": "LineString", "coordinates": [[13.279892099999998, 52.65794069999999], [13.279934635780736, 52.65793781754088]]}, "properties": {"length": 2.9}}, {"type": "Feature", "geometry": {"type": "LineString", "coordinates": [[13.2799528, 52.6579704], [13.280025421597225, 52.65797294027637]]}, "properties": {"length": 4.93}}, {"type": "Feature", "geometry": {"type": "LineString", "coordinates": [[13.2799528, 52.6579704], [13.27994777789143, 52.65794290190166]]}, "properties": {"length": 3.08}}, {"type": "Feature", "geometry": {"type": "LineString", "coordinates": [[13.278491699999998, 52.6579628], [13.2784597, 52.6578919], [13.278547499999998, 52.65787729999999]]}, "properties": {"length": 14.314262283523426}}, {"type": "Feature", "geometry": {"type": "LineString", "coordinates": [[13.27855408646492, 52.65789191373992], [13.278547499999998, 52.65787729999999]]}, "properties": {"length": 1.69}}, {"type": "Feature", "geometry": {"type": "LineString", "coordinates": [[13.278646273259382, 52.65786315942301], [13.278547499999998, 52.65787729999999]]}, "properties": {"length": 6.87}}, {"type": "Feature", "geometry": {"type": "LineString", "coordinates": [[13.2785093, 52.658000699999995], [13.278491699999998, 52.6579628]]}, "properties": {"length": 4.378291025181099}}, {"type": "Feature", "geometry": {"type": "LineString", "coordinates": [[13.278491699999998, 52.6579628], [13.278542686122822, 52.657954379749576]]}, "properties": {"length": 3.58}}, {"type": "Feature", "geometry": {"type": "LineString", "coordinates": [[13.278258099999999, 52.6579668], [13.278242499999998, 52.6579394], [13.2783087, 52.6579256]]}, "properties": {"length": 7.944682385491852}}, {"type": "Feature", "geometry": {"type": "LineString", "coordinates": [[13.278362112429194, 52.65792355531807], [13.2783087, 52.6579256]]}, "properties": {"length": 3.62}}, {"type": "Feature", "geometry": {"type": "LineString", "coordinates": [[13.2782861, 52.6580163], [13.278352300000002, 52.65800260000001], [13.2783364, 52.65797439999999]]}, "properties": {"length": 8.031775531861623}}, {"type": "Feature", "geometry": {"type": "LineString", "coordinates": [[13.2783364, 52.65797439999999], [13.278355363932599, 52.65797042809094]]}, "properties": {"length": 1.36}}, {"type": "Feature", "geometry": {"type": "LineString", "coordinates": [[13.2782861, 52.6580163], [13.2781914, 52.658036100000004], [13.2781634, 52.6579865], [13.278258099999999, 52.6579668]]}, "properties": {"length": 19.338244925737612}}, {"type": "Feature", "geometry": {"type": "LineString", "coordinates": [[13.278615899999998, 52.658028599999994], [13.2785285, 52.6580432], [13.2785093, 52.658000699999995]]}, "properties": {"length": 11.014402130841258}}, {"type": "Feature", "geometry": {"type": "LineString", "coordinates": [[13.2785093, 52.658000699999995], [13.27857871176481, 52.65798918432421]]}, "properties": {"length": 4.87}}, {"type": "Feature", "geometry": {"type": "LineString", "coordinates": [[13.278670500000002, 52.658113799999995], [13.278655499999996, 52.6581163], [13.278615899999998, 52.658028599999994]]}, "properties": {"length": 11.160175544858578}}, {"type": "Feature", "geometry": {"type": "LineString", "coordinates": [[13.278615899999998, 52.658028599999994], [13.278609240217115, 52.65801389298977]]}, "properties": {"length": 1.7}}, {"type": "Feature", "geometry": {"type": "LineString", "coordinates": [[13.278615899999998, 52.658028599999994], [13.27863526412928, 52.65802538037206]]}, "properties": {"length": 1.36}}, {"type": "Feature", "geometry": {"type": "LineString", "coordinates": [[13.277919999999998, 52.65813059999998], [13.277898299999999, 52.6580988]]}, "properties": {"length": 3.8269417416717673}}, {"type": "Feature", "geometry": {"type": "LineString", "coordinates": [[13.277898299999999, 52.6580988], [13.277905635357618, 52.658007680220145]]}, "properties": {"length": 10.16}}, {"type": "Feature", "geometry": {"type": "LineString", "coordinates": [[13.277898299999999, 52.6580988], [13.277968707959305, 52.65808119801379]]}, "properties": {"length": 5.15}}, {"type": "Feature", "geometry": {"type": "LineString", "coordinates": [[13.278670500000002, 52.658113799999995], [13.27874144482135, 52.65810750101794]]}, "properties": {"length": 4.85}}, {"type": "Feature", "geometry": {"type": "LineString", "coordinates": [[13.277919999999998, 52.65813059999998], [13.2779994, 52.6581107]]}, "properties": {"length": 5.794483274342552}}, {"type": "Feature", "geometry": {"type": "LineString", "coordinates": [[13.2779994, 52.6581107], [13.277984824750874, 52.6580891421954]]}, "properties": {"length": 2.6}}, {"type": "Feature", "geometry": {"type": "LineString", "coordinates": [[13.2779994, 52.6581107], [13.278015759046934, 52.658106610245625]]}, "properties": {"length": 1.2}}, {"type": "Feature", "geometry": {"type": "LineString", "coordinates": [[13.278004156272392, 52.65811769852319], [13.2779994, 52.6581107]]}, "properties": {"length": 0.84}}, {"type": "Feature", "geometry": {"type": "LineString", "coordinates": [[13.2781344, 52.65817949999999], [13.278149384185015, 52.65816489082612]]}, "properties": {"length": 1.92}}, {"type": "Feature", "geometry": {"type": "LineString", "coordinates": [[13.278070658450886, 52.658215625128335], [13.2781344, 52.65817949999999]]}, "properties": {"length": 5.9}}, {"type": "Feature", "geometry": {"type": "LineString", "coordinates": [[13.277956488030268, 52.65816325299348], [13.277919999999998, 52.65813059999998]]}, "properties": {"length": 4.4}}, {"type": "Feature", "geometry": {"type": "LineString", "coordinates": [[13.277379799999999, 52.65825469999999], [13.277301, 52.65828], [13.277239099999997, 52.65820889999999], [13.2774093, 52.658154399999994]]}, "properties": {"length": 27.93507915741639}}, {"type": "Feature", "geometry": {"type": "LineString", "coordinates": [[13.277418481641316, 52.658164946296736], [13.2774093, 52.658154399999994]]}, "properties": {"length": 1.33}}, {"type": "Feature", "geometry": {"type": "LineString", "coordinates": [[13.277512393927925, 52.65813474554664], [13.2774093, 52.658154399999994]]}, "properties": {"length": 7.32}}, {"type": "Feature", "geometry": {"type": "LineString", "coordinates": [[13.2774193, 52.6583001], [13.277379799999999, 52.65825469999999]]}, "properties": {"length": 5.708125329883286}}, {"type": "Feature", "geometry": {"type": "LineString", "coordinates": [[13.277379799999999, 52.65825469999999], [13.277411922424532, 52.658244437705996]]}, "properties": {"length": 2.46}}, {"type": "Feature", "geometry": {"type": "LineString", "coordinates": [[13.2774193, 52.6583001], [13.277480889498475, 52.65828035633241]]}, "properties": {"length": 4.71}}, {"type": "Feature", "geometry": {"type": "LineString", "coordinates": [[13.277576517222561, 52.65835954754719], [13.2774193, 52.6583001]]}, "properties": {"length": 12.54}}, {"type": "Feature", "geometry": {"type": "LineString", "coordinates": [[13.277059199999998, 52.6583912], [13.277029899999999, 52.6583565]]}, "properties": {"length": 4.33510800540609}}, {"type": "Feature", "geometry": {"type": "LineString", "coordinates": [[13.2769745, 52.658373700000006], [13.277029899999999, 52.6583565]]}, "properties": {"length": 4.197601157244203}}, {"type": "Feature", "geometry": {"type": "LineString", "coordinates": [[13.277029899999999, 52.6583565], [13.276988110509306, 52.65830689379192]]}, "properties": {"length": 6.21}}, {"type": "Feature", "geometry": {"type": "LineString", "coordinates": [[13.277029899999999, 52.6583565], [13.277036439341462, 52.65835446931807]]}, "properties": {"length": 0.5}}, {"type": "Feature", "geometry": {"type": "LineString", "coordinates": [[13.2770037, 52.65840839999999], [13.2769745, 52.658373700000006]]}, "properties": {"length": 4.332037165800144}}, {"type": "Feature", "geometry": {"type": "LineString", "coordinates": [[13.2769745, 52.658373700000006], [13.276972138376328, 52.65829117059579]]}, "properties": {"length": 9.19}}, {"type": "Feature", "geometry": {"type": "LineString", "coordinates": [[13.2770037, 52.65840839999999], [13.277059199999998, 52.6583912]]}, "properties": {"length": 4.203603573810902}}, {"type": "Feature", "geometry": {"type": "LineString", "coordinates": [[13.277059199999998, 52.6583912], [13.277065991599388, 52.658389090983626]]}, "properties": {"length": 0.52}}, {"type": "Feature", "geometry": {"type": "LineString", "coordinates": [[13.277083986281712, 52.658420611894016], [13.277059199999998, 52.6583912]]}, "properties": {"length": 3.68}}, {"type": "Feature", "geometry": {"type": "LineString", "coordinates": [[13.277086610139904, 52.65842520804287], [13.2770037, 52.65840839999999]]}, "properties": {"length": 5.92}}, {"type": "Feature", "geometry": {"type": "LineString", "coordinates": [[13.278005100000001, 52.65897079999999], [13.278003074907991, 52.65896847673714]]}, "properties": {"length": 0.29}}, {"type": "Feature", "geometry": {"type": "LineString", "coordinates": [[13.278005100000001, 52.65897079999999], [13.278051126647714, 52.658956226781044]]}, "properties": {"length": 3.51}}, {"type": "Feature", "geometry": {"type": "LineString", "coordinates": [[13.278010807470789, 52.6589778036779], [13.278005100000001, 52.65897079999999]]}, "properties": {"length": 0.87}}, {"type": "Feature", "geometry": {"type": "LineString", "coordinates": [[13.2780916, 52.6590723], [13.278174800000002, 52.659045600000006]]}, "properties": {"length": 6.348507104133958}}, {"type": "Feature", "geometry": {"type": "LineString", "coordinates": [[13.278174800000002, 52.659045600000006], [13.278189725935386, 52.6590408243735]]}, "properties": {"length": 1.14}}, {"type": "Feature", "geometry": {"type": "LineString", "coordinates": [[13.278174800000002, 52.659045600000006], [13.278159608425339, 52.65902808320816]]}, "properties": {"length": 2.21}}, {"type": "Feature", "geometry": {"type": "LineString", "coordinates": [[13.2780916, 52.6590723], [13.2780195, 52.65909529999999], [13.277976299999999, 52.6590456], [13.2780483, 52.6590226]]}, "properties": {"length": 17.230230697438184}}, {"type": "Feature", "geometry": {"type": "LineString", "coordinates": [[13.2780483, 52.6590226], [13.278039247214078, 52.659012180758054]]}, "properties": {"length": 1.31}}, {"type": "Feature", "geometry": {"type": "LineString", "coordinates": [[13.279683725411205, 52.65842768429734], [13.2796795, 52.658371599999995]]}, "properties": {"length": 6.25}}, {"type": "Feature", "geometry": {"type": "LineString", "coordinates": [[13.279451099999998, 52.6584746], [13.279435699999999, 52.65847920000001], [13.279387799999999, 52.658419999999985], [13.279472399999998, 52.6583948]]}, "properties": {"length": 14.847539564189393}}, {"type": "Feature", "geometry": {"type": "LineString", "coordinates": [[13.27949849464326, 52.65842711807509], [13.279472399999998, 52.6583948]]}, "properties": {"length": 4.01}}, {"type": "Feature", "geometry": {"type": "LineString", "coordinates": [[13.279576056305942, 52.658388404783864], [13.279472399999998, 52.6583948]]}, "properties": {"length": 7.05}}, {"type": "Feature", "geometry": {"type": "LineString", "coordinates": [[13.2794989, 52.65853380000001], [13.279451099999998, 52.6584746]]}, "properties": {"length": 7.329838776299126}}, {"type": "Feature", "geometry": {"type": "LineString", "coordinates": [[13.279451099999998, 52.6584746], [13.279486258937524, 52.65846411847171]]}, "properties": {"length": 2.65}}, {"type": "Feature", "geometry": {"type": "LineString", "coordinates": [[13.2793314, 52.6585026], [13.279369135090246, 52.65849175943858]]}, "properties": {"length": 2.83}}, {"type": "Feature", "geometry": {"type": "LineString", "coordinates": [[13.2794989, 52.65853380000001], [13.279506733479131, 52.658531468071324]]}, "properties": {"length": 0.59}}, {"type": "Feature", "geometry": {"type": "LineString", "coordinates": [[13.279529910827131, 52.658607708075365], [13.2794989, 52.65853380000001]]}, "properties": {"length": 8.49}}, {"type": "Feature", "geometry": {"type": "LineString", "coordinates": [[13.279042943647207, 52.6585807244745], [13.279070999999998, 52.6585721]]}, "properties": {"length": 2.13}}, {"type": "Feature", "geometry": {"type": "LineString", "coordinates": [[13.279136689843746, 52.65857267100564], [13.279070999999998, 52.6585721]]}, "properties": {"length": 4.45}}, {"type": "Feature", "geometry": {"type": "LineString", "coordinates": [[13.2789824, 52.65869669999998], [13.278954899999999, 52.65866389999999]]}, "properties": {"length": 4.091733563105776}}, {"type": "Feature", "geometry": {"type": "LineString", "coordinates": [[13.278954899999999, 52.65866389999999], [13.278958582390727, 52.658606684450106]]}, "properties": {"length": 6.38}}, {"type": "Feature", "geometry": {"type": "LineString", "coordinates": [[13.278954899999999, 52.65866389999999], [13.279000163863621, 52.65864997730212]]}, "properties": {"length": 3.43}}, {"type": "Feature", "geometry": {"type": "LineString", "coordinates": [[13.2789824, 52.65869669999998], [13.27903075430843, 52.65868182671222]]}, "properties": {"length": 3.67}}, {"type": "Feature", "geometry": {"type": "LineString", "coordinates": [[13.279098289975261, 52.65875214161034], [13.2789824, 52.65869669999998]]}, "properties": {"length": 9.98}}, {"type": "Feature", "geometry": {"type": "LineString", "coordinates": [[13.278454300000002, 52.6588207], [13.2784109, 52.65877369999999], [13.2784886, 52.6587473]]}, "properties": {"length": 11.996867460189481}}, {"type": "Feature", "geometry": {"type": "LineString", "coordinates": [[13.278507311421052, 52.658767516952565], [13.2784886, 52.6587473]]}, "properties": {"length": 2.58}}, {"type": "Feature", "geometry": {"type": "LineString", "coordinates": [[13.278523839675218, 52.658735301514085], [13.2784886, 52.6587473]]}, "properties": {"length": 2.73}}, {"type": "Feature", "geometry": {"type": "LineString", "coordinates": [[13.278486399999998, 52.6588603], [13.278454300000002, 52.6588207]]}, "properties": {"length": 4.906794675085429}}, {"type": "Feature", "geometry": {"type": "LineString", "coordinates": [[13.278454300000002, 52.6588207], [13.278528962375173, 52.6587953646969]]}, "properties": {"length": 5.79}}, {"type": "Feature", "geometry": {"type": "LineString", "coordinates": [[13.278486399999998, 52.6588603], [13.27855999854595, 52.65883528374924]]}, "properties": {"length": 5.71}}, {"type": "Feature", "geometry": {"type": "LineString", "coordinates": [[13.278613028230346, 52.65890349090388], [13.278486399999998, 52.6588603]]}, "properties": {"length": 9.83}}, {"type": "Feature", "geometry": {"type": "LineString", "coordinates": [[13.2811239, 52.6581413], [13.2811818, 52.658135699999995]]}, "properties": {"length": 3.954545529624739}}, {"type": "Feature", "geometry": {"type": "LineString", "coordinates": [[13.2811818, 52.658135699999995], [13.281302293322923, 52.65809995536465]]}, "properties": {"length": 9.08}}, {"type": "Feature", "geometry": {"type": "LineString", "coordinates": [[13.280961599999998, 52.658122799999994], [13.280955499999997, 52.65810209999999], [13.2809812, 52.6580993], [13.2809651, 52.6580442], [13.281036, 52.6580367]]}, "properties": {"length": 15.17591546260569}}, {"type": "Feature", "geometry": {"type": "LineString", "coordinates": [[13.281036, 52.6580367], [13.281061739068043, 52.658034085527326]]}, "properties": {"length": 1.77}}, {"type": "Feature", "geometry": {"type": "LineString", "coordinates": [[13.281037301250706, 52.658041368460815], [13.281036, 52.6580367]]}, "properties": {"length": 0.53}}, {"type": "Feature", "geometry": {"type": "LineString", "coordinates": [[13.2811239, 52.6581413], [13.281122931231595, 52.658137827540955]]}, "properties": {"length": 0.39}}, {"type": "Feature", "geometry": {"type": "LineString", "coordinates": [[13.281089796971976, 52.65814482378397], [13.2811239, 52.6581413]]}, "properties": {"length": 2.34}}, {"type": "Feature", "geometry": {"type": "LineString", "coordinates": [[13.280966057331948, 52.65813798141528], [13.280961599999998, 52.658122799999994]]}, "properties": {"length": 1.72}}, {"type": "Feature", "geometry": {"type": "LineString", "coordinates": [[13.280875667601258, 52.65816553521738], [13.280961599999998, 52.658122799999994]]}, "properties": {"length": 7.52}}, {"type": "Feature", "geometry": {"type": "LineString", "coordinates": [[13.2800718, 52.6583204], [13.2800462, 52.65832670000001], [13.2800242, 52.65829419999999]]}, "properties": {"length": 5.769959094160114}}, {"type": "Feature", "geometry": {"type": "LineString", "coordinates": [[13.2800242, 52.65829419999999], [13.28008512989836, 52.65823978458764]]}, "properties": {"length": 7.33}}, {"type": "Feature", "geometry": {"type": "LineString", "coordinates": [[13.2800242, 52.65829419999999], [13.280065767915275, 52.658283870109656]]}, "properties": {"length": 3.04}}, {"type": "Feature", "geometry": {"type": "LineString", "coordinates": [[13.2800959, 52.658356], [13.2800718, 52.6583204]]}, "properties": {"length": 4.279282404464}}, {"type": "Feature", "geometry": {"type": "LineString", "coordinates": [[13.2800718, 52.6583204], [13.280097922974898, 52.65831391430052]]}, "properties": {"length": 1.91}}, {"type": "Feature", "geometry": {"type": "LineString", "coordinates": [[13.2802053, 52.65841759999999], [13.280117999999998, 52.65843929999999], [13.280066599999998, 52.65836329999999], [13.2800959, 52.658356]]}, "properties": {"length": 17.63405358765281}}, {"type": "Feature", "geometry": {"type": "LineString", "coordinates": [[13.2800959, 52.658356], [13.280133084893766, 52.65834676789276]]}, "properties": {"length": 2.72}}, {"type": "Feature", "geometry": {"type": "LineString", "coordinates": [[13.2802053, 52.65841759999999], [13.280208136014028, 52.65841689181747]]}, "properties": {"length": 0.21}}, {"type": "Feature", "geometry": {"type": "LineString", "coordinates": [[13.2802053, 52.65841759999999], [13.280199130016754, 52.65840847708342]]}, "properties": {"length": 1.1}}, {"type": "Feature", "geometry": {"type": "LineString", "coordinates": [[13.2763145, 52.6618763], [13.2762989, 52.66184629999999], [13.276370999999996, 52.6618326], [13.2763866, 52.66186259999999]]}, "properties": {"length": 12.091256037195759}}, {"type": "Feature", "geometry": {"type": "LineString", "coordinates": [[13.27642390809646, 52.66187530674085], [13.2763866, 52.66186259999999]]}, "properties": {"length": 2.9}}, {"type": "Feature", "geometry": {"type": "LineString", "coordinates": [[13.2763312, 52.6619088], [13.2763145, 52.6618763]]}, "properties": {"length": 3.785279564236416}}, {"type": "Feature", "geometry": {"type": "LineString", "coordinates": [[13.2763312, 52.6619088], [13.276418293151405, 52.66189228533628]]}, "properties": {"length": 6.18}}, {"type": "Feature", "geometry": {"type": "LineString", "coordinates": [[13.276335095945036, 52.6619163307146], [13.2763312, 52.6619088]]}, "properties": {"length": 0.88}}, {"type": "Feature", "geometry": {"type": "LineString", "coordinates": [[13.276277912799479, 52.6619189620488], [13.2763312, 52.6619088]]}, "properties": {"length": 3.78}}, {"type": "Feature", "geometry": {"type": "LineString", "coordinates": [[13.276087999999998, 52.66200999999999], [13.276131144068271, 52.661938718273596]]}, "properties": {"length": 8.46}}, {"type": "Feature", "geometry": {"type": "LineString", "coordinates": [[13.276087999999998, 52.66200999999999], [13.27616851115288, 52.661994734660894]]}, "properties": {"length": 5.71}}, {"type": "Feature", "geometry": {"type": "LineString", "coordinates": [[13.276206234733582, 52.66205128530313], [13.276087999999998, 52.66200999999999]]}, "properties": {"length": 9.23}}, {"type": "Feature", "geometry": {"type": "LineString", "coordinates": [[13.276298399999998, 52.6620236], [13.276294143875164, 52.662015357988984]]}, "properties": {"length": 0.96}}, {"type": "Feature", "geometry": {"type": "LineString", "coordinates": [[13.276298399999998, 52.6620236], [13.276365931744106, 52.66197596770969]]}, "properties": {"length": 7.0}}, {"type": "Feature", "geometry": {"type": "LineString", "coordinates": [[13.276276329311198, 52.662027780678216], [13.276298399999998, 52.6620236]]}, "properties": {"length": 1.57}}, {"type": "Feature", "geometry": {"type": "LineString", "coordinates": [[13.29233390860715, 52.666280998597806], [13.292330700000003, 52.666221300000004]]}, "properties": {"length": 6.65}}, {"type": "Feature", "geometry": {"type": "LineString", "coordinates": [[13.292330700000003, 52.666221300000004], [13.292996209336652, 52.66607863019185]]}, "properties": {"length": 47.77}}, {"type": "Feature", "geometry": {"type": "LineString", "coordinates": [[13.292330700000003, 52.666221300000004], [13.292292111504626, 52.665909342303024]]}, "properties": {"length": 34.83}}, {"type": "Feature", "geometry": {"type": "LineString", "coordinates": [[13.285188099999997, 52.65467559999999], [13.2853432, 52.654671]]}, "properties": {"length": 10.474438839182454}}, {"type": "Feature", "geometry": {"type": "LineString", "coordinates": [[13.2848389, 52.6551407], [13.284678199999998, 52.6550871]]}, "properties": {"length": 12.370066163216768}}, {"type": "Feature", "geometry": {"type": "LineString", "coordinates": [[13.2848389, 52.6551407], [13.284818475704947, 52.655183650146874]]}, "properties": {"length": 4.98}}, {"type": "Feature", "geometry": {"type": "LineString", "coordinates": [[13.2848389, 52.6551407], [13.285048558931532, 52.65401970403292]]}, "properties": {"length": 125.63}}, {"type": "Feature", "geometry": {"type": "LineString", "coordinates": [[13.2831576, 52.656329299999996], [13.283166100000003, 52.6562543], [13.2832471, 52.65618440000001], [13.283309, 52.6561635]]}, "properties": {"length": 22.638347253251023}}, {"type": "Feature", "geometry": {"type": "LineString", "coordinates": [[13.283309, 52.6561635], [13.283169564770624, 52.65595040113018]]}, "properties": {"length": 25.54}}, {"type": "Feature", "geometry": {"type": "LineString", "coordinates": [[13.283427753547908, 52.65615450650024], [13.283309, 52.6561635]]}, "properties": {"length": 8.1}}, {"type": "Feature", "geometry": {"type": "LineString", "coordinates": [[13.2831576, 52.656329299999996], [13.2831874, 52.65639389999999], [13.2832813, 52.6564664], [13.283541399999999, 52.65649739999999], [13.283443299999998, 52.6563836], [13.283429, 52.65632129999999]]}, "properties": {"length": 56.86423289776854}}, {"type": "Feature", "geometry": {"type": "LineString", "coordinates": [[13.283429, 52.65632129999999], [13.2835499, 52.6563163]]}, "properties": {"length": 8.17367753923752}}, {"type": "Feature", "geometry": {"type": "LineString", "coordinates": [[13.283429, 52.65632129999999], [13.283425568050232, 52.65618013489893]]}, "properties": {"length": 15.72}}, {"type": "Feature", "geometry": {"type": "LineString", "coordinates": [[13.28295982043991, 52.65633992054844], [13.2831576, 52.656329299999996]]}, "properties": {"length": 13.44}}, {"type": "Feature", "geometry": {"type": "LineString", "coordinates": [[13.2835499, 52.6563163], [13.2835712, 52.6561922], [13.283651800000001, 52.656151200000004], [13.2839945, 52.65609229999998], [13.284214299999999, 52.6560142], [13.2843285, 52.65589109999999], [13.28449, 52.655966899999996], [13.2844942, 52.6560851], [13.2843848, 52.6561062], [13.284248299999998, 52.6562298], [13.284198799999999, 52.65611879999999], [13.284012599999999, 52.65621079999999], [13.2840446, 52.6565595], [13.2839321, 52.65661070000001], [13.283725600000002, 52.65660260000001], [13.2836992, 52.6565], [13.2835883, 52.656417199999986], [13.2835499, 52.6563163]]}, "properties": {"length": 255.27460004604234}}, {"type": "Feature", "geometry": {"type": "LineString", "coordinates": [[13.284097199999998, 52.65726299999999], [13.2842457, 52.657252899999996]]}, "properties": {"length": 10.078927133691835}}, {"type": "Feature", "geometry": {"type": "LineString", "coordinates": [[13.2844887, 52.6585163], [13.2844139, 52.65766449999999], [13.284411900000002, 52.65761299999999], [13.2843914, 52.6574641], [13.284374999999997, 52.65736539999999], [13.2842457, 52.657252899999996]]}, "properties": {"length": 143.4729247830866}}, {"type": "Feature", "geometry": {"type": "LineString", "coordinates": [[13.284238905230698, 52.65719906736581], [13.2842457, 52.657252899999996]]}, "properties": {"length": 6.01}}, {"type": "Feature", "geometry": {"type": "LineString", "coordinates": [[13.284078266001801, 52.65714998097145], [13.284097199999998, 52.65726299999999]]}, "properties": {"length": 12.65}}, {"type": "Feature", "geometry": {"type": "LineString", "coordinates": [[13.283993893826201, 52.657372268032006], [13.284097199999998, 52.65726299999999]]}, "properties": {"length": 14.03}}, {"type": "Feature", "geometry": {"type": "LineString", "coordinates": [[13.284113793409487, 52.658531985663494], [13.2844887, 52.6585163]]}, "properties": {"length": 25.44}}, {"type": "Feature", "geometry": {"type": "LineString", "coordinates": [[13.282301599999998, 52.6559211], [13.282264199999998, 52.6559183], [13.282125699999998, 52.6559077]]}, "properties": {"length": 11.95782832494089}}, {"type": "Feature", "geometry": {"type": "LineString", "coordinates": [[13.282321725883218, 52.65592213608648], [13.282301599999998, 52.6559211]]}, "properties": {"length": 1.37}}, {"type": "Feature", "geometry": {"type": "LineString", "coordinates": [[13.282301599999998, 52.6559211], [13.282515576955703, 52.65563134595465]]}, "properties": {"length": 35.37}}, {"type": "Feature", "geometry": {"type": "LineString", "coordinates": [[13.28230275988889, 52.65593060619427], [13.282301599999998, 52.6559211]]}, "properties": {"length": 1.06}}, {"type": "Feature", "geometry": {"type": "LineString", "coordinates": [[13.2821169, 52.65625459999998], [13.282125699999998, 52.65621990000001], [13.282125699999998, 52.6559077]]}, "properties": {"length": 38.618962788261385}}, {"type": "Feature", "geometry": {"type": "LineString", "coordinates": [[13.2825417, 52.65831469999999], [13.2826032, 52.6582481], [13.2825044, 52.657186]]}, "properties": {"length": 126.77631157339617}}, {"type": "Feature", "geometry": {"type": "LineString", "coordinates": [[13.2825044, 52.657186], [13.2828955, 52.6571725]]}, "properties": {"length": 26.421988114149052}}, {"type": "Feature", "geometry": {"type": "LineString", "coordinates": [[13.2825044, 52.657186], [13.282397933135387, 52.65671060774089]]}, "properties": {"length": 53.42}}, {"type": "Feature", "geometry": {"type": "LineString", "coordinates": [[13.282962600000001, 52.6579678], [13.2828955, 52.6571725]]}, "properties": {"length": 88.54918326634203}}, {"type": "Feature", "geometry": {"type": "LineString", "coordinates": [[13.2828955, 52.6571725], [13.283202591571348, 52.65706516586646]]}, "properties": {"length": 23.98}}, {"type": "Feature", "geometry": {"type": "LineString", "coordinates": [[13.2829901, 52.6582942], [13.282962600000001, 52.6579678]]}, "properties": {"length": 36.34143936560487}}, {"type": "Feature", "geometry": {"type": "LineString", "coordinates": [[13.282962600000001, 52.6579678], [13.28322111570166, 52.657958481901325]]}, "properties": {"length": 17.53}}, {"type": "Feature", "geometry": {"type": "LineString", "coordinates": [[13.2825417, 52.65831469999999], [13.2829901, 52.6582942]]}, "properties": {"length": 30.329144799111493}}, {"type": "Feature", "geometry": {"type": "LineString", "coordinates": [[13.2826169041254, 52.659034889036406], [13.2825417, 52.65831469999999]]}, "properties": {"length": 80.35}}, {"type": "Feature", "geometry": {"type": "LineString", "coordinates": [[13.283049950337535, 52.65892384819692], [13.2829901, 52.6582942]]}, "properties": {"length": 70.23}}, {"type": "Feature", "geometry": {"type": "LineString", "coordinates": [[13.2830589, 52.659017999999996], [13.283054751204272, 52.65901815853674]]}, "properties": {"length": 0.28}}, {"type": "Feature", "geometry": {"type": "LineString", "coordinates": [[13.2830589, 52.659017999999996], [13.283052196442826, 52.65894747761411]]}, "properties": {"length": 7.87}}, {"type": "Feature", "geometry": {"type": "LineString", "coordinates": [[13.283061430457932, 52.65904257557045], [13.2830589, 52.659017999999996]]}, "properties": {"length": 2.74}}, {"type": "Feature", "geometry": {"type": "LineString", "coordinates": [[13.283008499999998, 52.660411], [13.282965633035433, 52.659974301586566]]}, "properties": {"length": 48.71}}, {"type": "Feature", "geometry": {"type": "LineString", "coordinates": [[13.280978600000001, 52.6560563], [13.2810228, 52.6562421], [13.2810631, 52.65637219999999], [13.2811167, 52.65649750000001], [13.2811543, 52.65657229999999], [13.2812025, 52.656655300000004], [13.281245499999999, 52.6567383], [13.281282400000004, 52.65679370000001]]}, "properties": {"length": 84.78656578757601}}, {"type": "Feature", "geometry": {"type": "LineString", "coordinates": [[13.280937477513678, 52.65600162735545], [13.280978600000001, 52.6560563]]}, "properties": {"length": 6.69}}, {"type": "Feature", "geometry": {"type": "LineString", "coordinates": [[13.2623417, 52.668698799999994], [13.262363499999996, 52.6689393]]}, "properties": {"length": 26.78278910677986}}, {"type": "Feature", "geometry": {"type": "LineString", "coordinates": [[13.262363499999996, 52.6689393], [13.262131514445025, 52.66909042711581]]}, "properties": {"length": 23.02}}, {"type": "Feature", "geometry": {"type": "LineString", "coordinates": [[13.262364428117193, 52.668939262754876], [13.262363499999996, 52.6689393]]}, "properties": {"length": 0.06}}, {"type": "Feature", "geometry": {"type": "LineString", "coordinates": [[13.27965856369623, 52.657071828233235], [13.2797151, 52.65707079999999]]}, "properties": {"length": 3.83}}, {"type": "Feature", "geometry": {"type": "LineString", "coordinates": [[13.2797345, 52.6571731], [13.280843399999998, 52.6571286]]}, "properties": {"length": 74.95776535370264}}, {"type": "Feature", "geometry": {"type": "LineString", "coordinates": [[13.279545905844156, 52.65718022030619], [13.2797345, 52.6571731]]}, "properties": {"length": 12.79}}, {"type": "Feature", "geometry": {"type": "LineString", "coordinates": [[13.278662399999998, 52.66439059999999], [13.278813525267621, 52.664376380736584]]}, "properties": {"length": 10.35}}, {"type": "Feature", "geometry": {"type": "LineString", "coordinates": [[13.2812308, 52.6640207], [13.281238200000002, 52.6640287], [13.281285199999997, 52.664012899999996]]}, "properties": {"length": 4.643937014636902}}, {"type": "Feature", "geometry": {"type": "LineString", "coordinates": [[13.2812308, 52.6640207], [13.281118402804115, 52.66405854706671]]}, "properties": {"length": 8.7}}, {"type": "Feature", "geometry": {"type": "LineString", "coordinates": [[13.281285199999997, 52.664012899999996], [13.281310266163814, 52.66404024490617]]}, "properties": {"length": 3.49}}, {"type": "Feature", "geometry": {"type": "LineString", "coordinates": [[13.298819458674052, 52.65137570566603], [13.3007022, 52.64959089999999]]}, "properties": {"length": 236.12}}, {"type": "Feature", "geometry": {"type": "LineString", "coordinates": [[13.302669499999999, 52.65073229999999], [13.302694400000002, 52.6508019], [13.302942499999999, 52.6508823]]}, "properties": {"length": 26.89399255719664}}, {"type": "Feature", "geometry": {"type": "LineString", "coordinates": [[13.302669499999999, 52.65073229999999], [13.302345152059658, 52.650230271290866]]}, "properties": {"length": 60.06}}, {"type": "Feature", "geometry": {"type": "LineString", "coordinates": [[13.302343684613067, 52.65116352899592], [13.302669499999999, 52.65073229999999]]}, "properties": {"length": 52.84}}, {"type": "Feature", "geometry": {"type": "LineString", "coordinates": [[13.302669499999999, 52.65073229999999], [13.30295690486365, 52.65045130174249]]}, "properties": {"length": 36.85}}, {"type": "Feature", "geometry": {"type": "LineString", "coordinates": [[13.302942499999999, 52.6508823], [13.303264010862792, 52.65048498674516]]}, "properties": {"length": 49.31}}, {"type": "Feature", "geometry": {"type": "LineString", "coordinates": [[13.302942499999999, 52.6508823], [13.303043636823219, 52.650915099211446]]}, "properties": {"length": 7.76}}, {"type": "Feature", "geometry": {"type": "LineString", "coordinates": [[13.302601944637727, 52.65138163112758], [13.302942499999999, 52.6508823]]}, "properties": {"length": 60.19}}, {"type": "Feature", "geometry": {"type": "LineString", "coordinates": [[13.250047, 52.67889050000001], [13.249967802614748, 52.67891919789824]]}, "properties": {"length": 6.24}}, {"type": "Feature", "geometry": {"type": "LineString", "coordinates": [[13.28136, 52.6557543], [13.281413599999999, 52.65607970000001]]}, "properties": {"length": 36.363054544864404}}, {"type": "Feature", "geometry": {"type": "LineString", "coordinates": [[13.2812098, 52.655545999999994], [13.28136, 52.6557543]]}, "properties": {"length": 25.28075211494681}}, {"type": "Feature", "geometry": {"type": "LineString", "coordinates": [[13.2812098, 52.655545999999994], [13.281295599999998, 52.65526619999999]]}, "properties": {"length": 31.64607410652021}}, {"type": "Feature", "geometry": {"type": "LineString", "coordinates": [[13.2810703, 52.6549863], [13.281263399999998, 52.65500579999999]]}, "properties": {"length": 13.204303234889263}}, {"type": "Feature", "geometry": {"type": "LineString", "coordinates": [[13.281295599999998, 52.65526619999999], [13.281263399999998, 52.65500579999999]]}, "properties": {"length": 29.036546030687045}}, {"type": "Feature", "geometry": {"type": "LineString", "coordinates": [[13.2808343, 52.65507740000001], [13.2810703, 52.6549863]]}, "properties": {"length": 18.868516609515456}}, {"type": "Feature", "geometry": {"type": "LineString", "coordinates": [[13.2808343, 52.65507740000001], [13.280544599999999, 52.655103499999996]]}, "properties": {"length": 19.755253657847568}}, {"type": "Feature", "geometry": {"type": "LineString", "coordinates": [[13.280544599999999, 52.655103499999996], [13.2802012, 52.655149]]}, "properties": {"length": 23.709187966388892}}, {"type": "Feature", "geometry": {"type": "LineString", "coordinates": [[13.272523699999999, 52.67401959999999], [13.272540700000002, 52.674045099999994]]}, "properties": {"length": 3.058377135884774}}, {"type": "Feature", "geometry": {"type": "LineString", "coordinates": [[13.272566953627942, 52.674087334333], [13.272540700000002, 52.674045099999994]]}, "properties": {"length": 5.03}}, {"type": "Feature", "geometry": {"type": "LineString", "coordinates": [[13.272523699999999, 52.67401959999999], [13.272597, 52.673961199999994]]}, "properties": {"length": 8.160503223657734}}, {"type": "Feature", "geometry": {"type": "LineString", "coordinates": [[13.2729902, 52.6737396], [13.272730099999999, 52.673883]]}, "properties": {"length": 23.702211717307918}}, {"type": "Feature", "geometry": {"type": "LineString", "coordinates": [[13.272716220100587, 52.6738911548516], [13.272730099999999, 52.673883]]}, "properties": {"length": 1.31}}, {"type": "Feature", "geometry": {"type": "LineString", "coordinates": [[13.272740081111136, 52.67388970473773], [13.272730099999999, 52.673883]]}, "properties": {"length": 1.01}}, {"type": "Feature", "geometry": {"type": "LineString", "coordinates": [[13.272597, 52.673961199999994], [13.272646694837917, 52.673932002931814]]}, "properties": {"length": 4.68}}, {"type": "Feature", "geometry": {"type": "LineString", "coordinates": [[13.2729902, 52.6737396], [13.273315399999996, 52.67354829999999]]}, "properties": {"length": 30.548948084335116}}, {"type": "Feature", "geometry": {"type": "LineString", "coordinates": [[13.2729902, 52.6737396], [13.273448247580518, 52.67403729216529]]}, "properties": {"length": 45.39}}, {"type": "Feature", "geometry": {"type": "LineString", "coordinates": [[13.2738591, 52.6728033], [13.273998399999996, 52.672830099999985]]}, "properties": {"length": 9.85371114149517}}, {"type": "Feature", "geometry": {"type": "LineString", "coordinates": [[13.2738591, 52.6728033], [13.273837566051725, 52.67273891231752]]}, "properties": {"length": 7.32}}, {"type": "Feature", "geometry": {"type": "LineString", "coordinates": [[13.274593078268799, 52.67242600199883], [13.274098699999998, 52.67282759999999]]}, "properties": {"length": 55.85}}, {"type": "Feature", "geometry": {"type": "LineString", "coordinates": [[13.274144814714964, 52.67283879367576], [13.274098699999998, 52.67282759999999]]}, "properties": {"length": 3.36}}, {"type": "Feature", "geometry": {"type": "LineString", "coordinates": [[13.273998399999996, 52.672830099999985], [13.274601156667117, 52.672419975433904]]}, "properties": {"length": 61.24}}, {"type": "Feature", "geometry": {"type": "LineString", "coordinates": [[13.2737219, 52.67291809999999], [13.2736206, 52.673009], [13.273340199999998, 52.67324409999999], [13.273163699999996, 52.673393999999995], [13.273041799999998, 52.67348349999998], [13.272826999999998, 52.6736285], [13.272584100000001, 52.67377659999999], [13.2724231, 52.673864900000005], [13.272388399999999, 52.673851499999984], [13.2723833, 52.67382749999999], [13.272962800000002, 52.67349370000001], [13.2736315, 52.6729124]]}, "properties": {"length": 275.5478535322431}}, {"type": "Feature", "geometry": {"type": "LineString", "coordinates": [[13.2737219, 52.67291809999999], [13.2738614, 52.672946100000004]]}, "properties": {"length": 9.907660004229335}}, {"type": "Feature", "geometry": {"type": "LineString", "coordinates": [[13.274071299999997, 52.6730044], [13.273959900000001, 52.6729836]]}, "properties": {"length": 7.85913264564944}}, {"type": "Feature", "geometry": {"type": "LineString", "coordinates": [[13.2738614, 52.672946100000004], [13.2737587, 52.6730369], [13.273606099999999, 52.6731645], [13.2733759, 52.67336099999999], [13.273183299999998, 52.673515], [13.273016399999998, 52.673633699999996], [13.272830199999998, 52.673747899999995], [13.272468900000002, 52.673963500000006], [13.2724968, 52.67396409999999], [13.2729824, 52.67368479999998], [13.273109, 52.6736027], [13.2732465, 52.67350449999999], [13.273854299999998, 52.673050599999996], [13.273959900000001, 52.6729836]]}, "properties": {"length": 296.592071792473}}, {"type": "Feature", "geometry": {"type": "LineString", "coordinates": [[13.274123308110934, 52.67301254497033], [13.274071299999997, 52.6730044]]}, "properties": {"length": 3.64}}, {"type": "Feature", "geometry": {"type": "LineString", "coordinates": [[13.274071299999997, 52.6730044], [13.273883280026935, 52.67319481815307]]}, "properties": {"length": 24.73}}, {"type": "Feature", "geometry": {"type": "LineString", "coordinates": [[13.284816399999999, 52.6527515], [13.2844024, 52.652540099999996]]}, "properties": {"length": 36.50298233996911}}, {"type": "Feature", "geometry": {"type": "LineString", "coordinates": [[13.284881153748891, 52.652308331994604], [13.2844024, 52.652540099999996]]}, "properties": {"length": 41.44}}, {"type": "Feature", "geometry": {"type": "LineString", "coordinates": [[13.284329560913793, 52.65254263235162], [13.2844024, 52.652540099999996]]}, "properties": {"length": 4.94}}, {"type": "Feature", "geometry": {"type": "LineString", "coordinates": [[13.2843029, 52.652783899999996], [13.284816399999999, 52.6527515]]}, "properties": {"length": 34.82541965824061}}, {"type": "Feature", "geometry": {"type": "LineString", "coordinates": [[13.284819806736477, 52.65275440744652], [13.284816399999999, 52.6527515]]}, "properties": {"length": 0.4}}, {"type": "Feature", "geometry": {"type": "LineString", "coordinates": [[13.284310000953734, 52.65281358553864], [13.2843029, 52.652783899999996]]}, "properties": {"length": 3.34}}, {"type": "Feature", "geometry": {"type": "LineString", "coordinates": [[13.284162402603556, 52.65279274250364], [13.2843029, 52.652783899999996]]}, "properties": {"length": 9.56}}, {"type": "Feature", "geometry": {"type": "LineString", "coordinates": [[13.284357200000002, 52.65301089999999], [13.284342980427663, 52.65295145563736]]}, "properties": {"length": 6.69}}, {"type": "Feature", "geometry": {"type": "LineString", "coordinates": [[13.284039524459885, 52.65280768462457], [13.28405, 52.65279739999999]]}, "properties": {"length": 1.35}}, {"type": "Feature", "geometry": {"type": "LineString", "coordinates": [[13.284073482986601, 52.65275697972118], [13.28405, 52.65279739999999]]}, "properties": {"length": 4.77}}, {"type": "Feature", "geometry": {"type": "LineString", "coordinates": [[13.28405, 52.65279739999999], [13.284103161584115, 52.65279539810893]]}, "properties": {"length": 3.61}}, {"type": "Feature", "geometry": {"type": "LineString", "coordinates": [[13.265130300000001, 52.67842090000001], [13.265102949111778, 52.6782206293289]]}, "properties": {"length": 22.38}}, {"type": "Feature", "geometry": {"type": "LineString", "coordinates": [[13.264827362911223, 52.6784356494876], [13.265130300000001, 52.67842090000001]]}, "properties": {"length": 20.57}}, {"type": "Feature", "geometry": {"type": "LineString", "coordinates": [[13.265130300000001, 52.67842090000001], [13.265408764993003, 52.67842802263667]]}, "properties": {"length": 18.86}}, {"type": "Feature", "geometry": {"type": "LineString", "coordinates": [[13.297429658387, 52.65236267379062], [13.297207499999999, 52.652560599999994]]}, "properties": {"length": 26.68}}, {"type": "Feature", "geometry": {"type": "LineString", "coordinates": [[13.298588499999997, 52.6779115], [13.298751679440114, 52.6778631869546]]}, "properties": {"length": 12.28}}, {"type": "Feature", "geometry": {"type": "LineString", "coordinates": [[13.298588499999997, 52.6779115], [13.298361887472005, 52.67799675047226]]}, "properties": {"length": 18.04}}, {"type": "Feature", "geometry": {"type": "LineString", "coordinates": [[13.298997669853694, 52.67836733408001], [13.298588499999997, 52.6779115]]}, "properties": {"length": 57.82}}, {"type": "Feature", "geometry": {"type": "LineString", "coordinates": [[13.3043885, 52.6648246], [13.304319455176469, 52.664994338017]]}, "properties": {"length": 19.47}}, {"type": "Feature", "geometry": {"type": "LineString", "coordinates": [[13.304462054104855, 52.66464164342225], [13.3043885, 52.6648246]]}, "properties": {"length": 20.97}}, {"type": "Feature", "geometry": {"type": "LineString", "coordinates": [[13.2861445, 52.655307699999994], [13.2860369, 52.65447330000001]]}, "properties": {"length": 93.06462268402495}}, {"type": "Feature", "geometry": {"type": "LineString", "coordinates": [[13.2860369, 52.65447330000001], [13.28599146790818, 52.6541507644803]]}, "properties": {"length": 36.05}}, {"type": "Feature", "geometry": {"type": "LineString", "coordinates": [[13.286142899999998, 52.65532369999999], [13.2861445, 52.655307699999994]]}, "properties": {"length": 1.782391684989977}}, {"type": "Feature", "geometry": {"type": "LineString", "coordinates": [[13.2861445, 52.655307699999994], [13.28599746911743, 52.654206954618715]]}, "properties": {"length": 122.97}}, {"type": "Feature", "geometry": {"type": "LineString", "coordinates": [[13.279470299999998, 52.66005729999999], [13.279713000000001, 52.659993400000005]]}, "properties": {"length": 17.844444422045317}}, {"type": "Feature", "geometry": {"type": "LineString", "coordinates": [[13.279732630110074, 52.66002108821358], [13.279713000000001, 52.659993400000005]]}, "properties": {"length": 3.36}}, {"type": "Feature", "geometry": {"type": "LineString", "coordinates": [[13.2797023, 52.660387099999994], [13.279470299999998, 52.66005729999999]]}, "properties": {"length": 39.87075315259512}}, {"type": "Feature", "geometry": {"type": "LineString", "coordinates": [[13.2797023, 52.660387099999994], [13.279758356745482, 52.66037274880189]]}, "properties": {"length": 4.12}}, {"type": "Feature", "geometry": {"type": "LineString", "coordinates": [[13.279735788058208, 52.66043443223557], [13.2797023, 52.660387099999994]]}, "properties": {"length": 5.74}}, {"type": "Feature", "geometry": {"type": "LineString", "coordinates": [[13.2791446, 52.660142799999996], [13.279442, 52.6600638]]}, "properties": {"length": 21.89723962709895}}, {"type": "Feature", "geometry": {"type": "LineString", "coordinates": [[13.27948468292174, 52.66012436254703], [13.279442, 52.6600638]]}, "properties": {"length": 7.34}}, {"type": "Feature", "geometry": {"type": "LineString", "coordinates": [[13.27958615041001, 52.66041767023721], [13.279674999999997, 52.660394399999994]]}, "properties": {"length": 6.55}}, {"type": "Feature", "geometry": {"type": "LineString", "coordinates": [[13.279674999999997, 52.660394399999994], [13.279493446454019, 52.660136797047805]]}, "properties": {"length": 31.21}}, {"type": "Feature", "geometry": {"type": "LineString", "coordinates": [[13.279699457951498, 52.66042892360613], [13.279674999999997, 52.660394399999994]]}, "properties": {"length": 4.19}}, {"type": "Feature", "geometry": {"type": "LineString", "coordinates": [[13.2788453, 52.6602202], [13.2791446, 52.660142799999996]]}, "properties": {"length": 21.944262542781583}}, {"type": "Feature", "geometry": {"type": "LineString", "coordinates": [[13.279040505726414, 52.66049845268148], [13.2788453, 52.6602202]]}, "properties": {"length": 33.68}}, {"type": "Feature", "geometry": {"type": "LineString", "coordinates": [[13.277813099999998, 52.6607794], [13.277649999999996, 52.660531899999995]]}, "properties": {"length": 29.637726468179807}}, {"type": "Feature", "geometry": {"type": "LineString", "coordinates": [[13.277473599999999, 52.660578399999984], [13.277649999999996, 52.660531899999995]]}, "properties": {"length": 12.972105131643723}}, {"type": "Feature", "geometry": {"type": "LineString", "coordinates": [[13.2774423, 52.6608724], [13.277813099999998, 52.6607794]]}, "properties": {"length": 27.061777142793634}}, {"type": "Feature", "geometry": {"type": "LineString", "coordinates": [[13.277813099999998, 52.6607794], [13.278062870548318, 52.66071703801812]]}, "properties": {"length": 18.28}}, {"type": "Feature", "geometry": {"type": "LineString", "coordinates": [[13.2774423, 52.6608724], [13.277473599999999, 52.660578399999984]]}, "properties": {"length": 32.75944010342404}}, {"type": "Feature", "geometry": {"type": "LineString", "coordinates": [[13.2774258, 52.6612134], [13.277473599999999, 52.660578399999984]]}, "properties": {"length": 70.68243410537535}}, {"type": "Feature", "geometry": {"type": "LineString", "coordinates": [[13.2774258, 52.6612134], [13.2774423, 52.6608724]]}, "properties": {"length": 37.933849517734345}}, {"type": "Feature", "geometry": {"type": "LineString", "coordinates": [[13.277433, 52.6612375], [13.2774258, 52.6612134]]}, "properties": {"length": 2.7234411800675606}}, {"type": "Feature", "geometry": {"type": "LineString", "coordinates": [[13.277617299999998, 52.66131619999999], [13.277657299999998, 52.66131289999999]]}, "properties": {"length": 2.722547110226519}}, {"type": "Feature", "geometry": {"type": "LineString", "coordinates": [[13.277657299999998, 52.66131289999999], [13.277957979619982, 52.66123418675254]]}, "properties": {"length": 22.16}}, {"type": "Feature", "geometry": {"type": "LineString", "coordinates": [[13.2774495, 52.6612598], [13.277433, 52.6612375]]}, "properties": {"length": 2.7179038544354106}}, {"type": "Feature", "geometry": {"type": "LineString", "coordinates": [[13.277476600000002, 52.6612832], [13.2774495, 52.6612598]]}, "properties": {"length": 3.179732537424204}}, {"type": "Feature", "geometry": {"type": "LineString", "coordinates": [[13.277502199999999, 52.66129629999999], [13.277476600000002, 52.6612832]]}, "properties": {"length": 2.2589289557650507}}, {"type": "Feature", "geometry": {"type": "LineString", "coordinates": [[13.277537499999998, 52.661307599999994], [13.277502199999999, 52.66129629999999]]}, "properties": {"length": 2.6919618800299494}}, {"type": "Feature", "geometry": {"type": "LineString", "coordinates": [[13.2775778, 52.6613142], [13.277537499999998, 52.661307599999994]]}, "properties": {"length": 2.815276326860847}}, {"type": "Feature", "geometry": {"type": "LineString", "coordinates": [[13.277617299999998, 52.66131619999999], [13.2775778, 52.6613142]]}, "properties": {"length": 2.67325063516753}}, {"type": "Feature", "geometry": {"type": "LineString", "coordinates": [[13.2579964, 52.67008189999999], [13.258078782957131, 52.67009816895785]]}, "properties": {"length": 5.86}}, {"type": "Feature", "geometry": {"type": "LineString", "coordinates": [[13.2623013, 52.66929059999999], [13.262302949672497, 52.66933592045072]]}, "properties": {"length": 5.05}}, {"type": "Feature", "geometry": {"type": "LineString", "coordinates": [[13.2623013, 52.66929059999999], [13.262309388244416, 52.66928613156794]]}, "properties": {"length": 0.74}}, {"type": "Feature", "geometry": {"type": "LineString", "coordinates": [[13.2774278, 52.6613045], [13.277431499999999, 52.66125589999999]]}, "properties": {"length": 5.409839312799166}}, {"type": "Feature", "geometry": {"type": "LineString", "coordinates": [[13.277411500000001, 52.661386500000006], [13.277542099999996, 52.66136039999999], [13.277544400000002, 52.6613142], [13.2774159, 52.66130809999999]]}, "properties": {"length": 23.106245478839206}}, {"type": "Feature", "geometry": {"type": "LineString", "coordinates": [[13.2814737, 52.65472860000001], [13.2814362, 52.6541331]]}, "properties": {"length": 66.26496852919236}}, {"type": "Feature", "geometry": {"type": "LineString", "coordinates": [[13.2814362, 52.6541331], [13.2813869714589, 52.653181714695286]]}, "properties": {"length": 105.99}}, {"type": "Feature", "geometry": {"type": "LineString", "coordinates": [[13.2815328, 52.65519400000001], [13.2814737, 52.65472860000001]]}, "properties": {"length": 51.90350726324476}}, {"type": "Feature", "geometry": {"type": "LineString", "coordinates": [[13.2816937, 52.65635239999999], [13.2815328, 52.65519400000001]]}, "properties": {"length": 129.26478792257146}}, {"type": "Feature", "geometry": {"type": "LineString", "coordinates": [[13.281835831897345, 52.656717312040136], [13.2816937, 52.65635239999999]]}, "properties": {"length": 41.76}}, {"type": "Feature", "geometry": {"type": "LineString", "coordinates": [[13.281919, 52.6570455], [13.281924399999998, 52.6569447]]}, "properties": {"length": 11.214380760690144}}, {"type": "Feature", "geometry": {"type": "LineString", "coordinates": [[13.281924399999998, 52.6569447], [13.281844907230477, 52.65674061198778]]}, "properties": {"length": 23.35}}, {"type": "Feature", "geometry": {"type": "LineString", "coordinates": [[13.28195432503388, 52.657258001238866], [13.281919, 52.6570455]]}, "properties": {"length": 23.78}}, {"type": "Feature", "geometry": {"type": "LineString", "coordinates": [[13.2821067, 52.6581746], [13.282046709403327, 52.657813737036776]]}, "properties": {"length": 40.39}}, {"type": "Feature", "geometry": {"type": "LineString", "coordinates": [[13.28222493089263, 52.65896301381835], [13.2821067, 52.6581746]]}, "properties": {"length": 88.15}}, {"type": "Feature", "geometry": {"type": "LineString", "coordinates": [[13.282509099999999, 52.660699599999994], [13.2824447, 52.66042629999999]]}, "properties": {"length": 30.698432184009402}}, {"type": "Feature", "geometry": {"type": "LineString", "coordinates": [[13.2824447, 52.66042629999999], [13.282444049122834, 52.66042196694095]]}, "properties": {"length": 0.48}}, {"type": "Feature", "geometry": {"type": "LineString", "coordinates": [[13.282637799999998, 52.66084599999999], [13.282509099999999, 52.660699599999994]]}, "properties": {"length": 18.448482708140624}}, {"type": "Feature", "geometry": {"type": "LineString", "coordinates": [[13.284343700000003, 52.660667100000005], [13.28532, 52.66050440000001]]}, "properties": {"length": 68.28550129159365}}, {"type": "Feature", "geometry": {"type": "LineString", "coordinates": [[13.285487838832365, 52.66045628819893], [13.28532, 52.66050440000001]]}, "properties": {"length": 12.56}}, {"type": "Feature", "geometry": {"type": "LineString", "coordinates": [[13.283736089176761, 52.66077151946521], [13.284343700000003, 52.660667100000005]]}, "properties": {"length": 42.75}}, {"type": "Feature", "geometry": {"type": "LineString", "coordinates": [[13.283018699999998, 52.660894799999994], [13.282637799999998, 52.66084599999999]]}, "properties": {"length": 26.256008505732915}}, {"type": "Feature", "geometry": {"type": "LineString", "coordinates": [[13.283018699999998, 52.660894799999994], [13.283647257355106, 52.66078678513899]]}, "properties": {"length": 44.22}}, {"type": "Feature", "geometry": {"type": "LineString", "coordinates": [[13.306960099999996, 52.65590659999999], [13.306257576487877, 52.6556084307934]]}, "properties": {"length": 58.01}}, {"type": "Feature", "geometry": {"type": "LineString", "coordinates": [[13.2597307, 52.679435299999994], [13.259768013990769, 52.67942961196307]]}, "properties": {"length": 2.6}}, {"type": "Feature", "geometry": {"type": "LineString", "coordinates": [[13.2597307, 52.679435299999994], [13.259381720954707, 52.67957398727771]]}, "properties": {"length": 28.22}}, {"type": "Feature", "geometry": {"type": "LineString", "coordinates": [[13.2597307, 52.679435299999994], [13.259627831556422, 52.67940901799431]]}, "properties": {"length": 7.55}}, {"type": "Feature", "geometry": {"type": "LineString", "coordinates": [[13.2431623, 52.6590785], [13.24323868694387, 52.6585525698493]]}, "properties": {"length": 58.79}}, {"type": "Feature", "geometry": {"type": "LineString", "coordinates": [[13.242881649670638, 52.659273865880465], [13.2431623, 52.6590785]]}, "properties": {"length": 28.88}}, {"type": "Feature", "geometry": {"type": "LineString", "coordinates": [[13.244404799999998, 52.6555349], [13.244332987964816, 52.65565551365035]]}, "properties": {"length": 14.28}}, {"type": "Feature", "geometry": {"type": "LineString", "coordinates": [[13.244598077472022, 52.65535408078356], [13.244404799999998, 52.6555349]]}, "properties": {"length": 24.01}}, {"type": "Feature", "geometry": {"type": "LineString", "coordinates": [[13.249886, 52.67969989999999], [13.24989741902871, 52.6797119421898]]}, "properties": {"length": 1.55}}, {"type": "Feature", "geometry": {"type": "LineString", "coordinates": [[13.249935241707563, 52.67968283017131], [13.249886, 52.67969989999999]]}, "properties": {"length": 3.84}}, {"type": "Feature", "geometry": {"type": "LineString", "coordinates": [[13.249860954323351, 52.679708638974034], [13.249886, 52.67969989999999]]}, "properties": {"length": 1.95}}, {"type": "Feature", "geometry": {"type": "LineString", "coordinates": [[13.258939497140407, 52.67981541723714], [13.2591281, 52.67968470000001]]}, "properties": {"length": 19.36}}, {"type": "Feature", "geometry": {"type": "LineString", "coordinates": [[13.259324178901565, 52.67959910610715], [13.2591281, 52.67968470000001]]}, "properties": {"length": 16.34}}, {"type": "Feature", "geometry": {"type": "LineString", "coordinates": [[13.25885700415379, 52.67953469909411], [13.2591281, 52.67968470000001]]}, "properties": {"length": 24.81}}, {"type": "Feature", "geometry": {"type": "LineString", "coordinates": [[13.259526008586052, 52.67991012468278], [13.2591281, 52.67968470000001]]}, "properties": {"length": 36.81}}, {"type": "Feature", "geometry": {"type": "LineString", "coordinates": [[13.257625100411431, 52.67865668891715], [13.257758399999998, 52.67878559999998]]}, "properties": {"length": 16.95}}, {"type": "Feature", "geometry": {"type": "LineString", "coordinates": [[13.257758399999998, 52.67878559999998], [13.257781930610099, 52.67880613213829]]}, "properties": {"length": 2.79}}, {"type": "Feature", "geometry": {"type": "LineString", "coordinates": [[13.257758399999998, 52.67878559999998], [13.257716904107705, 52.67880017468155]]}, "properties": {"length": 3.24}}, {"type": "Feature", "geometry": {"type": "LineString", "coordinates": [[13.274832, 52.6659838], [13.274971287822135, 52.66613864794528]]}, "properties": {"length": 19.65}}, {"type": "Feature", "geometry": {"type": "LineString", "coordinates": [[13.275637599999998, 52.662981099999996], [13.275628988479472, 52.66297100373921]]}, "properties": {"length": 1.27}}, {"type": "Feature", "geometry": {"type": "LineString", "coordinates": [[13.283562600000002, 52.661983400000004], [13.283573925472888, 52.6620887161441]]}, "properties": {"length": 11.75}}, {"type": "Feature", "geometry": {"type": "LineString", "coordinates": [[13.257526999999998, 52.6707674], [13.257316236624664, 52.671923428114745]]}, "properties": {"length": 129.51}}, {"type": "Feature", "geometry": {"type": "LineString", "coordinates": [[13.257576122974683, 52.670916125026515], [13.257526999999998, 52.6707674]]}, "properties": {"length": 16.89}}, {"type": "Feature", "geometry": {"type": "LineString", "coordinates": [[13.278665799999999, 52.6713975], [13.278561608533876, 52.67123739973366]]}, "properties": {"length": 19.17}}, {"type": "Feature", "geometry": {"type": "LineString", "coordinates": [[13.278665799999999, 52.6713975], [13.279155674783084, 52.671310828859426]]}, "properties": {"length": 34.53}}, {"type": "Feature", "geometry": {"type": "LineString", "coordinates": [[13.2726635, 52.67300299999999], [13.272997567211332, 52.673264797448404]]}, "properties": {"length": 36.89}}, {"type": "Feature", "geometry": {"type": "LineString", "coordinates": [[13.245310482748533, 52.67247800663362], [13.2453015, 52.672480199999995]]}, "properties": {"length": 0.66}}, {"type": "Feature", "geometry": {"type": "LineString", "coordinates": [[13.245177675308986, 52.672523208363984], [13.2453015, 52.672480199999995]]}, "properties": {"length": 9.65}}, {"type": "Feature", "geometry": {"type": "LineString", "coordinates": [[13.245301715237488, 52.67248099071526], [13.2453015, 52.672480199999995]]}, "properties": {"length": 0.09}}, {"type": "Feature", "geometry": {"type": "LineString", "coordinates": [[13.27614815401701, 52.66541808688715], [13.276815899999999, 52.66519039999999]]}, "properties": {"length": 51.83}}, {"type": "Feature", "geometry": {"type": "LineString", "coordinates": [[13.276796199999996, 52.67177329999999], [13.2765865, 52.67178749999999], [13.276511399999999, 52.6717994], [13.2763663, 52.671782699999994], [13.2762638, 52.671789]]}, "properties": {"length": 36.365862819755264}}, {"type": "Feature", "geometry": {"type": "LineString", "coordinates": [[13.2761041, 52.6716795], [13.2761125, 52.67169019999999], [13.276168300000002, 52.671675500000006]]}, "properties": {"length": 5.419854733163974}}, {"type": "Feature", "geometry": {"type": "LineString", "coordinates": [[13.276168300000002, 52.671675500000006], [13.276234918735549, 52.67161152853266]]}, "properties": {"length": 8.43}}, {"type": "Feature", "geometry": {"type": "LineString", "coordinates": [[13.2761041, 52.6716795], [13.2760729, 52.671687999999996]]}, "properties": {"length": 2.3062793273627036}}, {"type": "Feature", "geometry": {"type": "LineString", "coordinates": [[13.2761041, 52.6716795], [13.276096599999999, 52.67166999999999]]}, "properties": {"length": 1.1711595350932456}}, {"type": "Feature", "geometry": {"type": "LineString", "coordinates": [[13.2761041, 52.6716795], [13.276215039519432, 52.67161628392154]]}, "properties": {"length": 10.29}}, {"type": "Feature", "geometry": {"type": "LineString", "coordinates": [[13.2764609, 52.6714685], [13.2764768, 52.671481099999994], [13.276496099999997, 52.671492699999995], [13.2765167, 52.6715028], [13.2765393, 52.67151199999999], [13.276563099999999, 52.67151909999998], [13.276589299999996, 52.671525], [13.276612299999998, 52.671531599999994], [13.276641599999998, 52.67154239999999], [13.2766677, 52.671555899999994], [13.2766892, 52.67157049999999], [13.2767084, 52.6715864], [13.2767298, 52.67160080000001], [13.2767546, 52.6716132], [13.2767739, 52.6716201], [13.276795199999999, 52.6716249], [13.276818499999997, 52.671627699999995]]}, "properties": {"length": 30.566760245661207}}, {"type": "Feature", "geometry": {"type": "LineString", "coordinates": [[13.276300487279334, 52.671262238089504], [13.2764609, 52.6714685]]}, "properties": {"length": 25.4}}, {"type": "Feature", "geometry": {"type": "LineString", "coordinates": [[13.276818499999997, 52.671627699999995], [13.2770072, 52.671632300000006], [13.2770744, 52.67162389999999]]}, "properties": {"length": 17.360045192586394}}, {"type": "Feature", "geometry": {"type": "LineString", "coordinates": [[13.2770744, 52.67162389999999], [13.2771122, 52.671619199999995], [13.277355099999998, 52.67158919999999]]}, "properties": {"length": 19.31599010048303}}, {"type": "Feature", "geometry": {"type": "LineString", "coordinates": [[13.276838791279909, 52.67135189970188], [13.2770744, 52.67162389999999]]}, "properties": {"length": 34.23}}, {"type": "Feature", "geometry": {"type": "LineString", "coordinates": [[13.277217599999998, 52.671631500000004], [13.2773631, 52.67161689999999], [13.277355099999998, 52.67158919999999]]}, "properties": {"length": 13.070985833160162}}, {"type": "Feature", "geometry": {"type": "LineString", "coordinates": [[13.249238899999998, 52.6751853], [13.249057799999997, 52.67520520000001]]}, "properties": {"length": 12.40887099209743}}, {"type": "Feature", "geometry": {"type": "LineString", "coordinates": [[13.249057799999997, 52.67520520000001], [13.250166340330246, 52.67569919132096]]}, "properties": {"length": 93.03}}, {"type": "Feature", "geometry": {"type": "LineString", "coordinates": [[13.249057816373524, 52.674609576629585], [13.249057799999997, 52.67520520000001]]}, "properties": {"length": 66.32}}, {"type": "Feature", "geometry": {"type": "LineString", "coordinates": [[13.284411300000002, 52.6554032], [13.28453717698274, 52.65546806599455]]}, "properties": {"length": 11.17}}, {"type": "Feature", "geometry": {"type": "LineString", "coordinates": [[13.290043010098078, 52.66626313564641], [13.290052199999998, 52.6661702]]}, "properties": {"length": 10.37}}, {"type": "Feature", "geometry": {"type": "LineString", "coordinates": [[13.290059275093062, 52.66608669644792], [13.290052199999998, 52.6661702]]}, "properties": {"length": 9.31}}, {"type": "Feature", "geometry": {"type": "LineString", "coordinates": [[13.282924199999998, 52.6609745], [13.2829367, 52.66097160000001]]}, "properties": {"length": 0.9026072534088951}}, {"type": "Feature", "geometry": {"type": "LineString", "coordinates": [[13.2829367, 52.66097160000001], [13.283054672897766, 52.660939592272825]]}, "properties": {"length": 8.75}}, {"type": "Feature", "geometry": {"type": "LineString", "coordinates": [[13.2754941, 52.67203409999999], [13.27550037394504, 52.67221879751894]]}, "properties": {"length": 20.57}}, {"type": "Feature", "geometry": {"type": "LineString", "coordinates": [[13.275583440116424, 52.67222634478158], [13.2754941, 52.67203409999999]]}, "properties": {"length": 22.24}}, {"type": "Feature", "geometry": {"type": "LineString", "coordinates": [[13.273894500000003, 52.673499299999996], [13.273968199999999, 52.67355409999999]]}, "properties": {"length": 7.862754968239215}}, {"type": "Feature", "geometry": {"type": "LineString", "coordinates": [[13.273968199999999, 52.67355409999999], [13.273992272726048, 52.67358443909112]]}, "properties": {"length": 3.75}}, {"type": "Feature", "geometry": {"type": "LineString", "coordinates": [[13.274016031075881, 52.673530472621096], [13.273968199999999, 52.67355409999999]]}, "properties": {"length": 4.17}}, {"type": "Feature", "geometry": {"type": "LineString", "coordinates": [[13.27394174193049, 52.67347588625627], [13.273894500000003, 52.673499299999996]]}, "properties": {"length": 4.13}}, {"type": "Feature", "geometry": {"type": "LineString", "coordinates": [[13.2760729, 52.671687999999996], [13.276042983958337, 52.67165744187511]]}, "properties": {"length": 3.96}}, {"type": "Feature", "geometry": {"type": "LineString", "coordinates": [[13.275248093100581, 52.671819211165], [13.2760729, 52.671687999999996]]}, "properties": {"length": 57.71}}, {"type": "Feature", "geometry": {"type": "LineString", "coordinates": [[13.262403382827006, 52.66869574135348], [13.2623417, 52.668698799999994]]}, "properties": {"length": 4.19}}, {"type": "Feature", "geometry": {"type": "LineString", "coordinates": [[13.273152399999999, 52.66214110000001], [13.2730835, 52.66215999999999], [13.2730397, 52.6621008], [13.2731086, 52.662081900000004]]}, "properties": {"length": 17.41486947122913}}, {"type": "Feature", "geometry": {"type": "LineString", "coordinates": [[13.273110299999999, 52.663149999999995], [13.273042099999998, 52.6630762]]}, "properties": {"length": 9.40723869679248}}, {"type": "Feature", "geometry": {"type": "LineString", "coordinates": [[13.272995900000002, 52.663028499999996], [13.273042099999998, 52.6630762]]}, "properties": {"length": 6.151440699649513}}, {"type": "Feature", "geometry": {"type": "LineString", "coordinates": [[13.273002, 52.663089899999996], [13.273042099999998, 52.6630762]]}, "properties": {"length": 3.1038880379335647}}, {"type": "Feature", "geometry": {"type": "LineString", "coordinates": [[13.273110299999999, 52.663149999999995], [13.27316314262188, 52.66310416054873]]}, "properties": {"length": 6.23}}, {"type": "Feature", "geometry": {"type": "LineString", "coordinates": [[13.273110299999999, 52.663149999999995], [13.27306062690009, 52.663166966145205]]}, "properties": {"length": 3.86}}, {"type": "Feature", "geometry": {"type": "LineString", "coordinates": [[13.272995900000002, 52.663028499999996], [13.272959699999998, 52.6630396], [13.273002, 52.663089899999996]]}, "properties": {"length": 9.014200359149468}}, {"type": "Feature", "geometry": {"type": "LineString", "coordinates": [[13.273151067533309, 52.663091516159575], [13.272995900000002, 52.663028499999996]]}, "properties": {"length": 12.63}}, {"type": "Feature", "geometry": {"type": "LineString", "coordinates": [[13.273056859638336, 52.663167199524594], [13.273002, 52.663089899999996]]}, "properties": {"length": 9.37}}, {"type": "Feature", "geometry": {"type": "LineString", "coordinates": [[13.277839799999999, 52.672224799999995], [13.278172648006633, 52.67189230505877]]}, "properties": {"length": 43.34}}, {"type": "Feature", "geometry": {"type": "LineString", "coordinates": [[13.277839799999999, 52.672224799999995], [13.277853660037678, 52.67224241320186]]}, "properties": {"length": 2.17}}, {"type": "Feature", "geometry": {"type": "LineString", "coordinates": [[13.277832137203676, 52.67224431499593], [13.277839799999999, 52.672224799999995]]}, "properties": {"length": 2.23}}, {"type": "Feature", "geometry": {"type": "LineString", "coordinates": [[13.255020722092022, 52.669778614900686], [13.2548999, 52.669640300000005]]}, "properties": {"length": 17.44}}, {"type": "Feature", "geometry": {"type": "LineString", "coordinates": [[13.25478830095393, 52.66966930809904], [13.2548999, 52.669640300000005]]}, "properties": {"length": 8.22}}, {"type": "Feature", "geometry": {"type": "LineString", "coordinates": [[13.2585462, 52.67050309999999], [13.258597733156941, 52.67031671062804]]}, "properties": {"length": 21.05}}, {"type": "Feature", "geometry": {"type": "LineString", "coordinates": [[13.25859866894487, 52.67049864841929], [13.2585462, 52.67050309999999]]}, "properties": {"length": 3.59}}, {"type": "Feature", "geometry": {"type": "LineString", "coordinates": [[13.259218700000002, 52.670611900000004], [13.259290199999999, 52.6708306]]}, "properties": {"length": 24.79165133602607}}, {"type": "Feature", "geometry": {"type": "LineString", "coordinates": [[13.259218700000002, 52.670611900000004], [13.26029861224845, 52.6705711339413]]}, "properties": {"length": 73.24}}, {"type": "Feature", "geometry": {"type": "LineString", "coordinates": [[13.259218700000002, 52.670611900000004], [13.259618028669491, 52.67069366698701]]}, "properties": {"length": 28.52}}, {"type": "Feature", "geometry": {"type": "LineString", "coordinates": [[13.258715699999998, 52.67092749999999], [13.258758143902405, 52.67104607152445]]}, "properties": {"length": 13.51}}, {"type": "Feature", "geometry": {"type": "LineString", "coordinates": [[13.259290199999999, 52.6708306], [13.2591942, 52.67084690000001]]}, "properties": {"length": 6.7220442030752885}}, {"type": "Feature", "geometry": {"type": "LineString", "coordinates": [[13.259168699999998, 52.6708513], [13.2591942, 52.67084690000001]]}, "properties": {"length": 1.7876665478856233}}, {"type": "Feature", "geometry": {"type": "LineString", "coordinates": [[13.259342908583523, 52.670966095871215], [13.2591942, 52.67084690000001]]}, "properties": {"length": 16.66}}, {"type": "Feature", "geometry": {"type": "LineString", "coordinates": [[13.259310816200882, 52.6709641818342], [13.259168699999998, 52.6708513]]}, "properties": {"length": 15.83}}, {"type": "Feature", "geometry": {"type": "LineString", "coordinates": [[13.2721486, 52.6728125], [13.2720299, 52.672753199999995]]}, "properties": {"length": 10.369790752705633}}, {"type": "Feature", "geometry": {"type": "LineString", "coordinates": [[13.2721486, 52.6728125], [13.272191188815338, 52.672820863335346]]}, "properties": {"length": 3.03}}, {"type": "Feature", "geometry": {"type": "LineString", "coordinates": [[13.2716878, 52.672576499999984], [13.271626307016069, 52.67258692418054]]}, "properties": {"length": 4.32}}, {"type": "Feature", "geometry": {"type": "LineString", "coordinates": [[13.271766415538787, 52.672592847518224], [13.2716878, 52.672576499999984]]}, "properties": {"length": 5.62}}, {"type": "Feature", "geometry": {"type": "LineString", "coordinates": [[13.2719749, 52.6726362], [13.271771746209025, 52.672593955989214]]}, "properties": {"length": 14.53}}, {"type": "Feature", "geometry": {"type": "LineString", "coordinates": [[13.271984863131348, 52.67266834997308], [13.2719749, 52.6726362]]}, "properties": {"length": 3.64}}, {"type": "Feature", "geometry": {"type": "LineString", "coordinates": [[13.2720299, 52.672753199999995], [13.2719987, 52.672713]]}, "properties": {"length": 4.940310361628775}}, {"type": "Feature", "geometry": {"type": "LineString", "coordinates": [[13.2719987, 52.672713], [13.27198562660295, 52.67267081361315]]}, "properties": {"length": 4.78}}, {"type": "Feature", "geometry": {"type": "LineString", "coordinates": [[13.27385803357942, 52.67322038647253], [13.273315399999996, 52.67354829999999]]}, "properties": {"length": 51.79}}, {"type": "Feature", "geometry": {"type": "LineString", "coordinates": [[13.273315399999996, 52.67354829999999], [13.273764843103951, 52.673855314376]]}, "properties": {"length": 45.76}}, {"type": "Feature", "geometry": {"type": "LineString", "coordinates": [[13.274466099999998, 52.673208299999985], [13.2742427, 52.673046799999995]]}, "properties": {"length": 23.438692144096247}}, {"type": "Feature", "geometry": {"type": "LineString", "coordinates": [[13.27422138413695, 52.67303316314675], [13.2742427, 52.673046799999995]]}, "properties": {"length": 2.09}}, {"type": "Feature", "geometry": {"type": "LineString", "coordinates": [[13.274609032923998, 52.673299782882886], [13.274466099999998, 52.673208299999985]]}, "properties": {"length": 14.05}}, {"type": "Feature", "geometry": {"type": "LineString", "coordinates": [[13.274426639005549, 52.67308262890983], [13.2743675, 52.6730704]]}, "properties": {"length": 4.23}}, {"type": "Feature", "geometry": {"type": "LineString", "coordinates": [[13.27423866690342, 52.67303412981287], [13.2743675, 52.6730704]]}, "properties": {"length": 9.61}}, {"type": "Feature", "geometry": {"type": "LineString", "coordinates": [[13.253550999999998, 52.6711508], [13.2536165, 52.6711291]]}, "properties": {"length": 5.032664974284597}}, {"type": "Feature", "geometry": {"type": "LineString", "coordinates": [[13.253603172590479, 52.67112256124218], [13.2536165, 52.6711291]]}, "properties": {"length": 1.16}}, {"type": "Feature", "geometry": {"type": "LineString", "coordinates": [[13.253548525723211, 52.67114053175521], [13.253550999999998, 52.6711508]]}, "properties": {"length": 1.16}}, {"type": "Feature", "geometry": {"type": "LineString", "coordinates": [[13.254933851678134, 52.67125408880425], [13.2549255, 52.6712588]]}, "properties": {"length": 0.77}}, {"type": "Feature", "geometry": {"type": "LineString", "coordinates": [[13.2548643, 52.671293399999996], [13.254974401434266, 52.671231214595885]]}, "properties": {"length": 10.17}}, {"type": "Feature", "geometry": {"type": "LineString", "coordinates": [[13.256067300000002, 52.67052929999999], [13.256035, 52.6705395], [13.256092999999998, 52.67060729999999], [13.2561253, 52.6705971], [13.256067300000002, 52.67052929999999]]}, "properties": {"length": 21.897195286471167}}, {"type": "Feature", "geometry": {"type": "LineString", "coordinates": [[13.257042904484118, 52.67254639482204], [13.257017799999998, 52.6725668]]}, "properties": {"length": 2.84}}, {"type": "Feature", "geometry": {"type": "LineString", "coordinates": [[13.2711346, 52.66503589999999], [13.271604775258956, 52.66575875658647]]}, "properties": {"length": 86.55}}, {"type": "Feature", "geometry": {"type": "LineString", "coordinates": [[13.271136880897934, 52.66481730506751], [13.271136799999997, 52.6649456]]}, "properties": {"length": 14.29}}, {"type": "Feature", "geometry": {"type": "LineString", "coordinates": [[13.272770209091941, 52.66725419826042], [13.272719499999997, 52.66719669999999]]}, "properties": {"length": 7.26}}, {"type": "Feature", "geometry": {"type": "LineString", "coordinates": [[13.272719499999997, 52.66719669999999], [13.272327190577656, 52.66679673414511]]}, "properties": {"length": 51.85}}, {"type": "Feature", "geometry": {"type": "LineString", "coordinates": [[13.272719499999997, 52.66719669999999], [13.272716913063736, 52.66718169577062]]}, "properties": {"length": 1.68}}, {"type": "Feature", "geometry": {"type": "LineString", "coordinates": [[13.286288699999998, 52.6569308], [13.28636784327401, 52.65780520171387]]}, "properties": {"length": 97.51}}, {"type": "Feature", "geometry": {"type": "LineString", "coordinates": [[13.286279983729106, 52.65676993102963], [13.286288699999998, 52.6569308]]}, "properties": {"length": 17.92}}, {"type": "Feature", "geometry": {"type": "LineString", "coordinates": [[13.2862681, 52.65655060000001], [13.286271243435614, 52.65660861687759]]}, "properties": {"length": 6.46}}, {"type": "Feature", "geometry": {"type": "LineString", "coordinates": [[13.2862628330943, 52.65650040511923], [13.2862681, 52.65655060000001]]}, "properties": {"length": 5.6}}, {"type": "Feature", "geometry": {"type": "LineString", "coordinates": [[13.285579199999999, 52.6553425], [13.285609755040685, 52.65534616790324]]}, "properties": {"length": 2.11}}, {"type": "Feature", "geometry": {"type": "LineString", "coordinates": [[13.285579199999999, 52.6553425], [13.285511341085808, 52.6553340176671]]}, "properties": {"length": 4.69}}, {"type": "Feature", "geometry": {"type": "LineString", "coordinates": [[13.285579199999999, 52.6553425], [13.28560977085206, 52.655346323970754]]}, "properties": {"length": 2.11}}, {"type": "Feature", "geometry": {"type": "LineString", "coordinates": [[13.2859068, 52.655296799999995], [13.286142899999998, 52.65532369999999]]}, "properties": {"length": 16.203861926747607}}, {"type": "Feature", "geometry": {"type": "LineString", "coordinates": [[13.2859068, 52.655296799999995], [13.285901948987226, 52.655257551664505]]}, "properties": {"length": 4.38}}, {"type": "Feature", "geometry": {"type": "LineString", "coordinates": [[13.286145608350745, 52.65536551319807], [13.286142899999998, 52.65532369999999]]}, "properties": {"length": 4.66}}, {"type": "Feature", "geometry": {"type": "LineString", "coordinates": [[13.255743499999998, 52.6794799], [13.255684219481882, 52.67950121950314]]}, "properties": {"length": 4.66}}, {"type": "Feature", "geometry": {"type": "LineString", "coordinates": [[13.255767876443468, 52.679471118456036], [13.255743499999998, 52.6794799]]}, "properties": {"length": 1.92}}, {"type": "Feature", "geometry": {"type": "LineString", "coordinates": [[13.2559528, 52.6794045], [13.255850427819361, 52.6794413794967]]}, "properties": {"length": 8.05}}, {"type": "Feature", "geometry": {"type": "LineString", "coordinates": [[13.25599415287986, 52.67938945733836], [13.2559528, 52.6794045]]}, "properties": {"length": 3.26}}, {"type": "Feature", "geometry": {"type": "LineString", "coordinates": [[13.2502754, 52.6755601], [13.2502585, 52.675469]]}, "properties": {"length": 10.193751273914147}}, {"type": "Feature", "geometry": {"type": "LineString", "coordinates": [[13.250255040500614, 52.67545106186647], [13.2502585, 52.675469]]}, "properties": {"length": 2.01}}, {"type": "Feature", "geometry": {"type": "LineString", "coordinates": [[13.250271356227591, 52.675467787162326], [13.2502585, 52.675469]]}, "properties": {"length": 0.88}}, {"type": "Feature", "geometry": {"type": "LineString", "coordinates": [[13.250348432641433, 52.67555541074575], [13.2502754, 52.6755601]]}, "properties": {"length": 4.97}}, {"type": "Feature", "geometry": {"type": "LineString", "coordinates": [[13.253194099999998, 52.6792331], [13.253250745199777, 52.679207047966806]]}, "properties": {"length": 4.81}}, {"type": "Feature", "geometry": {"type": "LineString", "coordinates": [[13.252858699999997, 52.679353399999975], [13.252900190378567, 52.67933842127526]]}, "properties": {"length": 3.27}}, {"type": "Feature", "geometry": {"type": "LineString", "coordinates": [[13.2830139, 52.6609267], [13.2829276, 52.66090479999998], [13.2828133, 52.660780700000004]]}, "properties": {"length": 22.115768546237085}}, {"type": "Feature", "geometry": {"type": "LineString", "coordinates": [[13.2825298, 52.6583183], [13.282401, 52.6569808]]}, "properties": {"length": 148.97693401118312}}, {"type": "Feature", "geometry": {"type": "LineString", "coordinates": [[13.282481462712939, 52.65889619253721], [13.282423600000001, 52.65838699999999]]}, "properties": {"length": 56.83}}, {"type": "Feature", "geometry": {"type": "LineString", "coordinates": [[13.282689500000002, 52.66072679999999], [13.282634682438317, 52.66024445593393]]}, "properties": {"length": 53.84}}, {"type": "Feature", "geometry": {"type": "LineString", "coordinates": [[13.282205299999998, 52.65490399999999], [13.2822228, 52.6548975]]}, "properties": {"length": 1.3841183009613625}}, {"type": "Feature", "geometry": {"type": "LineString", "coordinates": [[13.2825825, 52.6746339], [13.2825961, 52.67468669999999]]}, "properties": {"length": 5.942272185619746}}, {"type": "Feature", "geometry": {"type": "LineString", "coordinates": [[13.282621369716908, 52.67464128751306], [13.2825825, 52.6746339]]}, "properties": {"length": 2.76}}, {"type": "Feature", "geometry": {"type": "LineString", "coordinates": [[13.282677299999998, 52.6608473], [13.282638599999999, 52.66077649999999]]}, "properties": {"length": 8.293999776311807}}, {"type": "Feature", "geometry": {"type": "LineString", "coordinates": [[13.2828567, 52.660909399999994], [13.282677299999998, 52.6608473]]}, "properties": {"length": 13.931108202323953}}, {"type": "Feature", "geometry": {"type": "LineString", "coordinates": [[13.282924199999998, 52.6609745], [13.2828567, 52.660909399999994]]}, "properties": {"length": 8.551299549398351}}, {"type": "Feature", "geometry": {"type": "LineString", "coordinates": [[13.278969947298805, 52.67210168468481], [13.278673907808777, 52.67199816514004]]}, "properties": {"length": 23.12}}, {"type": "Feature", "geometry": {"type": "LineString", "coordinates": [[13.279059857413522, 52.671440832657424], [13.279010992101878, 52.67144964869923]]}, "properties": {"length": 3.45}}, {"type": "Feature", "geometry": {"type": "LineString", "coordinates": [[13.277767577648317, 52.672210455455925], [13.277757395916067, 52.672247167049655]]}, "properties": {"length": 4.15}}, {"type": "Feature", "geometry": {"type": "LineString", "coordinates": [[13.282777675185983, 52.65614696465258], [13.282791685267595, 52.656117702757776]]}, "properties": {"length": 3.39}}, {"type": "Feature", "geometry": {"type": "LineString", "coordinates": [[13.282676522709188, 52.65584968363497], [13.282325757961083, 52.655922343658645]]}, "properties": {"length": 25.09}}, {"type": "Feature", "geometry": {"type": "LineString", "coordinates": [[13.282796035273353, 52.65634871538123], [13.28283347685883, 52.65634670488679]]}, "properties": {"length": 2.55}}, {"type": "Feature", "geometry": {"type": "LineString", "coordinates": [[13.283164919087382, 52.65546243813651], [13.283165058894802, 52.655445743363366]]}, "properties": {"length": 1.86}}, {"type": "Feature", "geometry": {"type": "LineString", "coordinates": [[13.283995452564225, 52.65578330322279], [13.283993760437406, 52.65576868063948]]}, "properties": {"length": 1.63}}, {"type": "Feature", "geometry": {"type": "LineString", "coordinates": [[13.291596009832478, 52.655942088122046], [13.29169832228807, 52.65594928696527]]}, "properties": {"length": 6.97}}, {"type": "Feature", "geometry": {"type": "LineString", "coordinates": [[13.290910826468037, 52.655400217644875], [13.291172530533146, 52.655005941866094]]}, "properties": {"length": 47.34}}, {"type": "Feature", "geometry": {"type": "LineString", "coordinates": [[13.291172660355109, 52.655005746278256], [13.29146607608951, 52.65456368586849]]}, "properties": {"length": 53.08}}, {"type": "Feature", "geometry": {"type": "LineString", "coordinates": [[13.293001395965849, 52.65248594231499], [13.293455028889557, 52.65192730921969]]}, "properties": {"length": 69.38}}, {"type": "Feature", "geometry": {"type": "LineString", "coordinates": [[13.289224423444498, 52.65486973854975], [13.289222503589182, 52.6548723635354]]}, "properties": {"length": 0.32}}, {"type": "Feature", "geometry": {"type": "LineString", "coordinates": [[13.275215125956377, 52.67204104800647], [13.274710286024225, 52.672369408653374]]}, "properties": {"length": 50.04}}, {"type": "Feature", "geometry": {"type": "LineString", "coordinates": [[13.27459854404227, 52.672459194745336], [13.274383225927274, 52.67265400790762]]}, "properties": {"length": 26.13}}, {"type": "Feature", "geometry": {"type": "LineString", "coordinates": [[13.271727831518598, 52.67434834334041], [13.271760340782356, 52.6743281456358]]}, "properties": {"length": 3.15}}, {"type": "Feature", "geometry": {"type": "LineString", "coordinates": [[13.273217809178691, 52.667668342883104], [13.273221744976688, 52.6676727464509]]}, "properties": {"length": 0.56}}, {"type": "Feature", "geometry": {"type": "LineString", "coordinates": [[13.27374648131524, 52.66825983826814], [13.27399365544822, 52.668536378093734]]}, "properties": {"length": 35.04}}, {"type": "Feature", "geometry": {"type": "LineString", "coordinates": [[13.274011760780372, 52.66855663427845], [13.274086466081162, 52.66864021408124]]}, "properties": {"length": 10.59}}, {"type": "Feature", "geometry": {"type": "LineString", "coordinates": [[13.274222945914042, 52.66879290584404], [13.274376460331153, 52.66896465414712]]}, "properties": {"length": 21.77}}, {"type": "Feature", "geometry": {"type": "LineString", "coordinates": [[13.274224585843823, 52.66888414295287], [13.274207926509666, 52.66886526946452]]}, "properties": {"length": 2.39}}, {"type": "Feature", "geometry": {"type": "LineString", "coordinates": [[13.274118887263814, 52.668766073392455], [13.274074537436428, 52.66871666432046]]}, "properties": {"length": 6.27}}, {"type": "Feature", "geometry": {"type": "LineString", "coordinates": [[13.27407061257349, 52.668712291719004], [13.273896439572207, 52.66851824844824]]}, "properties": {"length": 24.61}}, {"type": "Feature", "geometry": {"type": "LineString", "coordinates": [[13.273893795811114, 52.668515303061746], [13.273671719098955, 52.66826788803676]]}, "properties": {"length": 31.38}}, {"type": "Feature", "geometry": {"type": "LineString", "coordinates": [[13.273043471965075, 52.6673662759264], [13.2732313443367, 52.66757761289805]]}, "properties": {"length": 26.75}}, {"type": "Feature", "geometry": {"type": "LineString", "coordinates": [[13.273264330156106, 52.66761471827965], [13.273309522287109, 52.66766555428381]]}, "properties": {"length": 6.43}}, {"type": "Feature", "geometry": {"type": "LineString", "coordinates": [[13.27333498844196, 52.66769420074778], [13.273367379450935, 52.66773063680315]]}, "properties": {"length": 4.61}}, {"type": "Feature", "geometry": {"type": "LineString", "coordinates": [[13.273399935057304, 52.66776725793831], [13.273400672171476, 52.66776808710211]]}, "properties": {"length": 0.1}}, {"type": "Feature", "geometry": {"type": "LineString", "coordinates": [[13.273432161620466, 52.66780350886761], [13.273464601349422, 52.66783994560169]]}, "properties": {"length": 4.61}}, {"type": "Feature", "geometry": {"type": "LineString", "coordinates": [[13.273491049804493, 52.66786960765157], [13.273524208739904, 52.667906795464695]]}, "properties": {"length": 4.71}}, {"type": "Feature", "geometry": {"type": "LineString", "coordinates": [[13.27355156718124, 52.667937477955284], [13.274155011662776, 52.66861422787063]]}, "properties": {"length": 85.72}}, {"type": "Feature", "geometry": {"type": "LineString", "coordinates": [[13.274179390358706, 52.66864156752574], [13.274193815494694, 52.66865774467389]]}, "properties": {"length": 2.05}}, {"type": "Feature", "geometry": {"type": "LineString", "coordinates": [[13.27497466569297, 52.668880634381146], [13.275075068735154, 52.668848142477955]]}, "properties": {"length": 7.7}}, {"type": "Feature", "geometry": {"type": "LineString", "coordinates": [[13.272488415328212, 52.66684983382378], [13.272493594818386, 52.66685566093044]]}, "properties": {"length": 0.74}}, {"type": "Feature", "geometry": {"type": "LineString", "coordinates": [[13.27253823919134, 52.666905887326756], [13.27268636184741, 52.66707252923079]]}, "properties": {"length": 21.09}}, {"type": "Feature", "geometry": {"type": "LineString", "coordinates": [[13.27271432572939, 52.667103989167686], [13.272719495526319, 52.667109805288646]]}, "properties": {"length": 0.74}}, {"type": "Feature", "geometry": {"type": "LineString", "coordinates": [[13.272773507355184, 52.667170569524664], [13.272791742815356, 52.66719108468546]]}, "properties": {"length": 2.6}}, {"type": "Feature", "geometry": {"type": "LineString", "coordinates": [[13.27330898692944, 52.667139717992725], [13.273366431523522, 52.667119346812434]]}, "properties": {"length": 4.5}}, {"type": "Feature", "geometry": {"type": "LineString", "coordinates": [[13.256732090673346, 52.65744771368174], [13.256903191801234, 52.657449007153836]]}, "properties": {"length": 11.59}}, {"type": "Feature", "geometry": {"type": "LineString", "coordinates": [[13.257066055274256, 52.6575153799493], [13.256938985594529, 52.657513598261026]]}, "properties": {"length": 8.61}}, {"type": "Feature", "geometry": {"type": "LineString", "coordinates": [[13.256892055185501, 52.65751294019882], [13.256699987678669, 52.6575151932112]]}, "properties": {"length": 13.01}}, {"type": "Feature", "geometry": {"type": "LineString", "coordinates": [[13.256665662168292, 52.65751587148136], [13.256573063742971, 52.657517701171294]]}, "properties": {"length": 6.27}}, {"type": "Feature", "geometry": {"type": "LineString", "coordinates": [[13.256207558532866, 52.657742140568374], [13.256295124131674, 52.65781788680884]]}, "properties": {"length": 10.31}}, {"type": "Feature", "geometry": {"type": "LineString", "coordinates": [[13.256297270613153, 52.65781974356003], [13.256356705206953, 52.65786731031181]]}, "properties": {"length": 6.65}}, {"type": "Feature", "geometry": {"type": "LineString", "coordinates": [[13.257229371354297, 52.65858169776095], [13.257232255300218, 52.65858441342037]]}, "properties": {"length": 0.36}}, {"type": "Feature", "geometry": {"type": "LineString", "coordinates": [[13.257311923189217, 52.65865943229332], [13.257331753431929, 52.658678105293156]]}, "properties": {"length": 2.48}}, {"type": "Feature", "geometry": {"type": "LineString", "coordinates": [[13.257427939256935, 52.65876867767381], [13.257453217527084, 52.65879248061596]]}, "properties": {"length": 3.16}}, {"type": "Feature", "geometry": {"type": "LineString", "coordinates": [[13.257547958621076, 52.65888169200138], [13.257564404816474, 52.65889717824319]]}, "properties": {"length": 2.05}}, {"type": "Feature", "geometry": {"type": "LineString", "coordinates": [[13.257778830642911, 52.65909908692174], [13.257798326394497, 52.65911744448969]]}, "properties": {"length": 2.43}}, {"type": "Feature", "geometry": {"type": "LineString", "coordinates": [[13.25783024758241, 52.659147502041634], [13.257843225518696, 52.65915972227993]]}, "properties": {"length": 1.62}}, {"type": "Feature", "geometry": {"type": "LineString", "coordinates": [[13.257933730700197, 52.65924494321052], [13.257939079189978, 52.659249979409495]]}, "properties": {"length": 0.67}}, {"type": "Feature", "geometry": {"type": "LineString", "coordinates": [[13.258049749994864, 52.65935418797622], [13.258060546975907, 52.65936435447177]]}, "properties": {"length": 1.35}}, {"type": "Feature", "geometry": {"type": "LineString", "coordinates": [[13.24353906638547, 52.65683870326829], [13.243455053480217, 52.65726428533532]]}, "properties": {"length": 47.73}}, {"type": "Feature", "geometry": {"type": "LineString", "coordinates": [[13.243452589402828, 52.657276767442205], [13.243356298366415, 52.65776453747535]]}, "properties": {"length": 54.7}}, {"type": "Feature", "geometry": {"type": "LineString", "coordinates": [[13.243337703081519, 52.65785873231047], [13.243231836912495, 52.658394993088685]]}, "properties": {"length": 60.14}}, {"type": "Feature", "geometry": {"type": "LineString", "coordinates": [[13.243205897792775, 52.65852638491015], [13.243178518323989, 52.65866507192383]]}, "properties": {"length": 15.55}}, {"type": "Feature", "geometry": {"type": "LineString", "coordinates": [[13.2431758303037, 52.65867868768773], [13.243105150223473, 52.65880638067795]]}, "properties": {"length": 15.0}}, {"type": "Feature", "geometry": {"type": "LineString", "coordinates": [[13.243089472502042, 52.65883402306222], [13.243026369483422, 52.65894528363794]]}, "properties": {"length": 13.1}}, {"type": "Feature", "geometry": {"type": "LineString", "coordinates": [[13.243010881747118, 52.65897259087298], [13.24264769506892, 52.65938750666886]]}, "properties": {"length": 52.34}}, {"type": "Feature", "geometry": {"type": "LineString", "coordinates": [[13.26803728778567, 52.66870085483737], [13.267972367055616, 52.66871035990856]]}, "properties": {"length": 4.52}}, {"type": "Feature", "geometry": {"type": "LineString", "coordinates": [[13.270177712550113, 52.668237744628975], [13.270190547867475, 52.66823338935048]]}, "properties": {"length": 1.0}}, {"type": "Feature", "geometry": {"type": "LineString", "coordinates": [[13.267649167871081, 52.66776735403848], [13.268538754559977, 52.66781780879113]]}, "properties": {"length": 60.48}}, {"type": "Feature", "geometry": {"type": "LineString", "coordinates": [[13.268865693460462, 52.667762829676796], [13.26979998463841, 52.667464530340744]]}, "properties": {"length": 71.44}}, {"type": "Feature", "geometry": {"type": "LineString", "coordinates": [[13.269819608773034, 52.66749846928298], [13.269845152702278, 52.667527963132244]]}, "properties": {"length": 3.71}}, {"type": "Feature", "geometry": {"type": "LineString", "coordinates": [[13.265844418949465, 52.667758287202304], [13.265876675888963, 52.667754171540324]]}, "properties": {"length": 2.23}}, {"type": "Feature", "geometry": {"type": "LineString", "coordinates": [[13.264500643562581, 52.66628469916365], [13.265499190496698, 52.66604349304035]]}, "properties": {"length": 72.74}}, {"type": "Feature", "geometry": {"type": "LineString", "coordinates": [[13.266818447330614, 52.66718801330241], [13.267099725012754, 52.667452994531146]]}, "properties": {"length": 35.12}}, {"type": "Feature", "geometry": {"type": "LineString", "coordinates": [[13.271516850370979, 52.666951015400834], [13.271464803171437, 52.66709576807554]]}, "properties": {"length": 16.5}}, {"type": "Feature", "geometry": {"type": "LineString", "coordinates": [[13.273823342111557, 52.66636854584451], [13.274041470619288, 52.666615639369645]]}, "properties": {"length": 31.23}}, {"type": "Feature", "geometry": {"type": "LineString", "coordinates": [[13.275087349799335, 52.66626767444009], [13.275176030115864, 52.6663662600372]]}, "properties": {"length": 12.51}}, {"type": "Feature", "geometry": {"type": "LineString", "coordinates": [[13.276107418229532, 52.66555512145822], [13.276118883111929, 52.66556802126878]]}, "properties": {"length": 1.63}}, {"type": "Feature", "geometry": {"type": "LineString", "coordinates": [[13.277848301654371, 52.665764601680735], [13.277824882933603, 52.665739891334304]]}, "properties": {"length": 3.18}}, {"type": "Feature", "geometry": {"type": "LineString", "coordinates": [[13.275926071918285, 52.6653594592614], [13.275861339408856, 52.66529214798648]]}, "properties": {"length": 8.68}}, {"type": "Feature", "geometry": {"type": "LineString", "coordinates": [[13.27961601923496, 52.66566981714681], [13.279565961365641, 52.66563905944988]]}, "properties": {"length": 4.82}}, {"type": "Feature", "geometry": {"type": "LineString", "coordinates": [[13.287479463448717, 52.6694179263343], [13.287252030319575, 52.66947462759777]]}, "properties": {"length": 16.64}}, {"type": "Feature", "geometry": {"type": "LineString", "coordinates": [[13.278283819628324, 52.671235442777316], [13.279131877633763, 52.6712948406027]]}, "properties": {"length": 57.78}}, {"type": "Feature", "geometry": {"type": "LineString", "coordinates": [[13.251763593041455, 52.67945143925807], [13.252145175459678, 52.679842091501186]]}, "properties": {"length": 50.59}}, {"type": "Feature", "geometry": {"type": "LineString", "coordinates": [[13.273785133153918, 52.662306149363246], [13.273725138796099, 52.66219054652887]]}, "properties": {"length": 13.5}}, {"type": "Feature", "geometry": {"type": "LineString", "coordinates": [[13.27371105474975, 52.66216340795034], [13.273627918178835, 52.662003211153475]]}, "properties": {"length": 18.7}}, {"type": "Feature", "geometry": {"type": "LineString", "coordinates": [[13.275574555096554, 52.66293498246692], [13.275207657681012, 52.66264648043821]]}, "properties": {"length": 40.61}}, {"type": "Feature", "geometry": {"type": "LineString", "coordinates": [[13.275003996166044, 52.66258155529516], [13.274948845863493, 52.66259202529618]]}, "properties": {"length": 3.91}}, {"type": "Feature", "geometry": {"type": "LineString", "coordinates": [[13.277332531594492, 52.66230718815227], [13.27745229633869, 52.6624318207924]]}, "properties": {"length": 16.07}}, {"type": "Feature", "geometry": {"type": "LineString", "coordinates": [[13.277454124701919, 52.66243372346366], [13.277579809170815, 52.662564515497984]]}, "properties": {"length": 16.87}}, {"type": "Feature", "geometry": {"type": "LineString", "coordinates": [[13.27776773704653, 52.6627600786162], [13.277885434116508, 52.66288255647025]]}, "properties": {"length": 15.8}}, {"type": "Feature", "geometry": {"type": "LineString", "coordinates": [[13.280889148816179, 52.66210755746898], [13.280839517037894, 52.66210483247495]]}, "properties": {"length": 3.37}}, {"type": "Feature", "geometry": {"type": "LineString", "coordinates": [[13.280697121315876, 52.66267313842969], [13.280807062889034, 52.66278814931603]]}, "properties": {"length": 14.81}}, {"type": "Feature", "geometry": {"type": "LineString", "coordinates": [[13.28043512978484, 52.662679653176134], [13.280114396823235, 52.66278871688304]]}, "properties": {"length": 24.88}}, {"type": "Feature", "geometry": {"type": "LineString", "coordinates": [[13.273936269867004, 52.67074896836722], [13.273063005829949, 52.67105637651595]]}, "properties": {"length": 68.31}}, {"type": "Feature", "geometry": {"type": "LineString", "coordinates": [[13.270999338168838, 52.67181271488219], [13.270701543017871, 52.67192269495311]]}, "properties": {"length": 23.59}}, {"type": "Feature", "geometry": {"type": "LineString", "coordinates": [[13.270637616862722, 52.67198580020448], [13.270618031540764, 52.67196751769081]]}, "properties": {"length": 2.43}}, {"type": "Feature", "geometry": {"type": "LineString", "coordinates": [[13.27303467431761, 52.67252679991687], [13.272834599923382, 52.67238510308545]]}, "properties": {"length": 20.79}}, {"type": "Feature", "geometry": {"type": "LineString", "coordinates": [[13.272202334135173, 52.67193731086391], [13.271980683029298, 52.67178032692835]]}, "properties": {"length": 23.04}}, {"type": "Feature", "geometry": {"type": "LineString", "coordinates": [[13.271936237695547, 52.67174884842219], [13.271795342874224, 52.67164905893134]]}, "properties": {"length": 14.64}}, {"type": "Feature", "geometry": {"type": "LineString", "coordinates": [[13.273634950759773, 52.67140635461164], [13.27306379310516, 52.671087000524196]]}, "properties": {"length": 52.53}}, {"type": "Feature", "geometry": {"type": "LineString", "coordinates": [[13.278528611482367, 52.663580269644804], [13.278552365793203, 52.66360660709768]]}, "properties": {"length": 3.34}}, {"type": "Feature", "geometry": {"type": "LineString", "coordinates": [[13.282415581651264, 52.65879936671133], [13.282420925229406, 52.658854512314704]]}, "properties": {"length": 6.15}}, {"type": "Feature", "geometry": {"type": "LineString", "coordinates": [[13.282604358647426, 52.66030854689981], [13.282652372292365, 52.66071161550475]]}, "properties": {"length": 45.0}}, {"type": "Feature", "geometry": {"type": "LineString", "coordinates": [[13.282655405977662, 52.660736697629595], [13.283482913019167, 52.661044914396314]]}, "properties": {"length": 65.7}}, {"type": "Feature", "geometry": {"type": "LineString", "coordinates": [[13.281740503542029, 52.66002389029898], [13.281740838004009, 52.66002695610209]]}, "properties": {"length": 0.34}}, {"type": "Feature", "geometry": {"type": "LineString", "coordinates": [[13.281762904410414, 52.66023121453482], [13.281760646979786, 52.66025753522595]]}, "properties": {"length": 2.93}}, {"type": "Feature", "geometry": {"type": "LineString", "coordinates": [[13.276089668583293, 52.65859633792051], [13.276178754804027, 52.658711533473074]]}, "properties": {"length": 14.17}}, {"type": "Feature", "geometry": {"type": "LineString", "coordinates": [[13.275621243601611, 52.65866599585605], [13.275635579629688, 52.65866463334161]]}, "properties": {"length": 0.98}}, {"type": "Feature", "geometry": {"type": "LineString", "coordinates": [[13.279893605052363, 52.6634911314128], [13.279926812915319, 52.663479726679256]]}, "properties": {"length": 2.58}}, {"type": "Feature", "geometry": {"type": "LineString", "coordinates": [[13.280018475462148, 52.66344824649886], [13.280042196514637, 52.66344009982666]]}, "properties": {"length": 1.84}}, {"type": "Feature", "geometry": {"type": "LineString", "coordinates": [[13.278307635938356, 52.663314904512795], [13.278414831794107, 52.66327720838052]]}, "properties": {"length": 8.38}}, {"type": "Feature", "geometry": {"type": "LineString", "coordinates": [[13.281831779477347, 52.66387975551754], [13.281825761616652, 52.663873337605786]]}, "properties": {"length": 0.82}}, {"type": "Feature", "geometry": {"type": "LineString", "coordinates": [[13.28167783785379, 52.6637155795585], [13.281664774965385, 52.66370164815573]]}, "properties": {"length": 1.79}}, {"type": "Feature", "geometry": {"type": "LineString", "coordinates": [[13.287584130447172, 52.67341702829527], [13.287876988112929, 52.67345078272158]]}, "properties": {"length": 20.18}}, {"type": "Feature", "geometry": {"type": "LineString", "coordinates": [[13.283101497090025, 52.65918904468891], [13.283171408309272, 52.6591866429407]]}, "properties": {"length": 4.74}}, {"type": "Feature", "geometry": {"type": "LineString", "coordinates": [[13.284843413267698, 52.65614414593757], [13.284842550596471, 52.65613676592209]]}, "properties": {"length": 0.82}}, {"type": "Feature", "geometry": {"type": "LineString", "coordinates": [[13.284905188722698, 52.655221518255836], [13.285080139319769, 52.65524690930793]]}, "properties": {"length": 12.18}}, {"type": "Feature", "geometry": {"type": "LineString", "coordinates": [[13.285498600875963, 52.65529804094562], [13.285605973300973, 52.65530886241487]]}, "properties": {"length": 7.37}}, {"type": "Feature", "geometry": {"type": "LineString", "coordinates": [[13.284612380720596, 52.6551090135432], [13.284577164496996, 52.655090255586146]]}, "properties": {"length": 3.17}}, {"type": "Feature", "geometry": {"type": "LineString", "coordinates": [[13.284546163391646, 52.65507459356633], [13.284509300101018, 52.655057188043415]]}, "properties": {"length": 3.16}}, {"type": "Feature", "geometry": {"type": "LineString", "coordinates": [[13.291927924424247, 52.67388996571812], [13.291959298777224, 52.673893552944854]]}, "properties": {"length": 2.16}}, {"type": "Feature", "geometry": {"type": "LineString", "coordinates": [[13.292068781629455, 52.67390607073635], [13.292071929233371, 52.67390643061803]]}, "properties": {"length": 0.22}}, {"type": "Feature", "geometry": {"type": "LineString", "coordinates": [[13.294789332960109, 52.67525339189545], [13.295424316366297, 52.67477826747218]]}, "properties": {"length": 68.16}}, {"type": "Feature", "geometry": {"type": "LineString", "coordinates": [[13.29545480573031, 52.67473046765686], [13.295465934482245, 52.67471302048734]]}, "properties": {"length": 2.08}}, {"type": "Feature", "geometry": {"type": "LineString", "coordinates": [[13.29550696569194, 52.67464869343158], [13.295533476601324, 52.67460713060659]]}, "properties": {"length": 4.96}}, {"type": "Feature", "geometry": {"type": "LineString", "coordinates": [[13.29724077855526, 52.67463556864718], [13.297993026612664, 52.67467587994684]]}, "properties": {"length": 51.11}}, {"type": "Feature", "geometry": {"type": "LineString", "coordinates": [[13.276252115259322, 52.671946841936496], [13.276250602602007, 52.67194490074263]]}, "properties": {"length": 0.24}}, {"type": "Feature", "geometry": {"type": "LineString", "coordinates": [[13.258166601634594, 52.65946330375034], [13.258185666943122, 52.65948105981963]]}, "properties": {"length": 2.36}}, {"type": "Feature", "geometry": {"type": "LineString", "coordinates": [[13.244410765230533, 52.655423355369855], [13.244369719112138, 52.65546742986793]]}, "properties": {"length": 5.64}}, {"type": "Feature", "geometry": {"type": "LineString", "coordinates": [[13.256924707828572, 52.677883525547585], [13.256907900298344, 52.67786609705783]]}, "properties": {"length": 2.25}}, {"type": "Feature", "geometry": {"type": "LineString", "coordinates": [[13.256883669333499, 52.67784097084262], [13.256864769335278, 52.67782137253047]]}, "properties": {"length": 2.53}}, {"type": "Feature", "geometry": {"type": "LineString", "coordinates": [[13.247396672485792, 52.67778905602453], [13.246935784734482, 52.67716161119386]]}, "properties": {"length": 76.51}}, {"type": "Feature", "geometry": {"type": "LineString", "coordinates": [[13.24693533803179, 52.677160892811706], [13.24690348792284, 52.677109671763226]]}, "properties": {"length": 6.1}}, {"type": "Feature", "geometry": {"type": "LineString", "coordinates": [[13.248307837672977, 52.677061511828526], [13.247967762445047, 52.67653629483517]]}, "properties": {"length": 62.85}}, {"type": "Feature", "geometry": {"type": "LineString", "coordinates": [[13.250685670631778, 52.6756622899151], [13.250684613068715, 52.67566242087708]]}, "properties": {"length": 0.07}}, {"type": "Feature", "geometry": {"type": "LineString", "coordinates": [[13.253322230682265, 52.67988401365364], [13.252666285847514, 52.68011722792349]]}, "properties": {"length": 51.43}}, {"type": "Feature", "geometry": {"type": "LineString", "coordinates": [[13.254798820474724, 52.679704836640134], [13.254765729035, 52.679670924041716]]}, "properties": {"length": 4.39}}, {"type": "Feature", "geometry": {"type": "LineString", "coordinates": [[13.257780351858699, 52.678631411399394], [13.257620506630909, 52.67846918324045]]}, "properties": {"length": 21.06}}, {"type": "Feature", "geometry": {"type": "LineString", "coordinates": [[13.257594981171898, 52.67844327711836], [13.257576477558509, 52.67842449753575]]}, "properties": {"length": 2.44}}, {"type": "Feature", "geometry": {"type": "LineString", "coordinates": [[13.256860734706926, 52.67769314878935], [13.256903481305253, 52.6777368687692]]}, "properties": {"length": 5.66}}, {"type": "Feature", "geometry": {"type": "LineString", "coordinates": [[13.256912671533861, 52.677746268254324], [13.256969527223529, 52.67780441840761]]}, "properties": {"length": 7.53}}, {"type": "Feature", "geometry": {"type": "LineString", "coordinates": [[13.256977302804179, 52.677812371004364], [13.25701297947342, 52.677848859830796]]}, "properties": {"length": 4.73}}, {"type": "Feature", "geometry": {"type": "LineString", "coordinates": [[13.257808003228735, 52.6778750327001], [13.257884604642449, 52.67795336002376]]}, "properties": {"length": 10.15}}, {"type": "Feature", "geometry": {"type": "LineString", "coordinates": [[13.257590355918925, 52.678665377618145], [13.257474471201942, 52.678547366351836]]}, "properties": {"length": 15.3}}, {"type": "Feature", "geometry": {"type": "LineString", "coordinates": [[13.257420465157463, 52.67849236900066], [13.256889725412684, 52.67857815181673]]}, "properties": {"length": 37.17}}, {"type": "Feature", "geometry": {"type": "LineString", "coordinates": [[13.254785338004837, 52.67966773808831], [13.254887026771263, 52.67977265611208]]}, "properties": {"length": 13.56}}, {"type": "Feature", "geometry": {"type": "LineString", "coordinates": [[13.257640108527344, 52.67879614282092], [13.257580074683627, 52.67881778584456]]}, "properties": {"length": 4.72}}, {"type": "Feature", "geometry": {"type": "LineString", "coordinates": [[13.244311542014959, 52.676709454268924], [13.243882964713634, 52.67678649528234]]}, "properties": {"length": 30.25}}, {"type": "Feature", "geometry": {"type": "LineString", "coordinates": [[13.245824027342788, 52.677634442267916], [13.245739403858796, 52.67750337418856]]}, "properties": {"length": 15.68}}, {"type": "Feature", "geometry": {"type": "LineString", "coordinates": [[13.248894583362606, 52.678470131282666], [13.24894088383473, 52.67845260911996]]}, "properties": {"length": 3.69}}, {"type": "Feature", "geometry": {"type": "LineString", "coordinates": [[13.24896016168306, 52.67844557245033], [13.24943145824649, 52.678271572142826]]}, "properties": {"length": 37.32}}, {"type": "Feature", "geometry": {"type": "LineString", "coordinates": [[13.249446288111969, 52.67826552824853], [13.249948956417128, 52.67808826411226]]}, "properties": {"length": 39.33}}, {"type": "Feature", "geometry": {"type": "LineString", "coordinates": [[13.250357287540538, 52.67913808117205], [13.250274729443994, 52.67916794384857]]}, "properties": {"length": 6.5}}, {"type": "Feature", "geometry": {"type": "LineString", "coordinates": [[13.250226661474816, 52.67918533081105], [13.25022112688729, 52.679187332758836]]}, "properties": {"length": 0.44}}, {"type": "Feature", "geometry": {"type": "LineString", "coordinates": [[13.250156590022748, 52.679210676730584], [13.250130920741533, 52.67921996168603]]}, "properties": {"length": 2.02}}, {"type": "Feature", "geometry": {"type": "LineString", "coordinates": [[13.249987854693742, 52.67927171060191], [13.249934545376663, 52.67929099322525]]}, "properties": {"length": 4.2}}, {"type": "Feature", "geometry": {"type": "LineString", "coordinates": [[13.24986777194782, 52.679315145923276], [13.249839017915637, 52.67932554655965]]}, "properties": {"length": 2.26}}, {"type": "Feature", "geometry": {"type": "LineString", "coordinates": [[13.249807730496375, 52.679336863535454], [13.249743490326134, 52.67936009981072]]}, "properties": {"length": 5.06}}, {"type": "Feature", "geometry": {"type": "LineString", "coordinates": [[13.249661606270823, 52.6793897179605], [13.249573704703417, 52.67942151258871]]}, "properties": {"length": 6.92}}, {"type": "Feature", "geometry": {"type": "LineString", "coordinates": [[13.249465205352724, 52.67946075743154], [13.249224633398837, 52.67954777310179]]}, "properties": {"length": 18.95}}, {"type": "Feature", "geometry": {"type": "LineString", "coordinates": [[13.256830370554056, 52.67352816677702], [13.256841675050174, 52.673533134392045]]}, "properties": {"length": 0.94}}, {"type": "Feature", "geometry": {"type": "LineString", "coordinates": [[13.256953372234461, 52.673582218157854], [13.257102792128043, 52.67364787829683]]}, "properties": {"length": 12.48}}, {"type": "Feature", "geometry": {"type": "LineString", "coordinates": [[13.25712724026882, 52.673658621596694], [13.257688824325998, 52.67390539680312]]}, "properties": {"length": 46.9}}, {"type": "Feature", "geometry": {"type": "LineString", "coordinates": [[13.257814477275792, 52.673960611342586], [13.25819009184273, 52.67412566259517]]}, "properties": {"length": 31.37}}, {"type": "Feature", "geometry": {"type": "LineString", "coordinates": [[13.25958268712922, 52.674749532449454], [13.259245927279732, 52.6746002462879]]}, "properties": {"length": 28.21}}, {"type": "Feature", "geometry": {"type": "LineString", "coordinates": [[13.25918357016093, 52.67457207051119], [13.25916930302792, 52.67456562396298]]}, "properties": {"length": 1.2}}, {"type": "Feature", "geometry": {"type": "LineString", "coordinates": [[13.259118844946663, 52.6745428246468], [13.258971486225342, 52.67447624083408]]}, "properties": {"length": 12.43}}, {"type": "Feature", "geometry": {"type": "LineString", "coordinates": [[13.258750560578779, 52.674376415180184], [13.258717995930152, 52.67436170070972]]}, "properties": {"length": 2.75}}, {"type": "Feature", "geometry": {"type": "LineString", "coordinates": [[13.256194840539836, 52.673244107731314], [13.25644683621891, 52.67335775605348]]}, "properties": {"length": 21.24}}, {"type": "Feature", "geometry": {"type": "LineString", "coordinates": [[13.27139514000452, 52.673069964773916], [13.27121044212265, 52.67289804242887]]}, "properties": {"length": 22.86}}, {"type": "Feature", "geometry": {"type": "LineString", "coordinates": [[13.265009187403376, 52.67848847790722], [13.26480441343194, 52.67848386276903]]}, "properties": {"length": 13.87}}, {"type": "Feature", "geometry": {"type": "LineString", "coordinates": [[13.264747496650763, 52.678482579931405], [13.264443728209935, 52.678475732881395]]}, "properties": {"length": 20.57}}, {"type": "Feature", "geometry": {"type": "LineString", "coordinates": [[13.264412551538319, 52.6784750301037], [13.264303359369535, 52.67847256865265]]}, "properties": {"length": 7.39}}, {"type": "Feature", "geometry": {"type": "LineString", "coordinates": [[13.264137080208792, 52.67846882013073], [13.264007823862263, 52.678465906072226]]}, "properties": {"length": 8.75}}, {"type": "Feature", "geometry": {"type": "LineString", "coordinates": [[13.263636556783684, 52.678457535141526], [13.263567229172814, 52.678455971887516]]}, "properties": {"length": 4.7}}, {"type": "Feature", "geometry": {"type": "LineString", "coordinates": [[13.265332901420692, 52.67846712411114], [13.265389934835678, 52.678420774412736]]}, "properties": {"length": 6.44}}, {"type": "Feature", "geometry": {"type": "LineString", "coordinates": [[13.259799223948328, 52.67942485439725], [13.25988017477295, 52.67941251441843]]}, "properties": {"length": 5.65}}, {"type": "Feature", "geometry": {"type": "LineString", "coordinates": [[13.25990481735919, 52.6794087579405], [13.260054345872119, 52.679385963921064]]}, "properties": {"length": 10.43}}, {"type": "Feature", "geometry": {"type": "LineString", "coordinates": [[13.260086986031919, 52.6793809882504], [13.260365022462775, 52.67939439327188]]}, "properties": {"length": 18.88}}, {"type": "Feature", "geometry": {"type": "LineString", "coordinates": [[13.260446779110563, 52.67940574523866], [13.260641839631216, 52.67943282927215]]}, "properties": {"length": 13.54}}, {"type": "Feature", "geometry": {"type": "LineString", "coordinates": [[13.285818794813448, 52.65282789377339], [13.28581757485141, 52.65281655825847]]}, "properties": {"length": 1.26}}, {"type": "Feature", "geometry": {"type": "LineString", "coordinates": [[13.285906325694196, 52.65349083345348], [13.285891179933499, 52.65336832239999]]}, "properties": {"length": 13.68}}, {"type": "Feature", "geometry": {"type": "LineString", "coordinates": [[13.285824846383223, 52.65283175347215], [13.285822866366855, 52.65281573696382]]}, "properties": {"length": 1.79}}, {"type": "Feature", "geometry": {"type": "LineString", "coordinates": [[13.290374056614162, 52.6506222256439], [13.290500826159088, 52.65006161373397]]}, "properties": {"length": 63.01}}, {"type": "Feature", "geometry": {"type": "LineString", "coordinates": [[13.302438226015777, 52.65137990421147], [13.302451935869579, 52.651362399756046]]}, "properties": {"length": 2.16}}, {"type": "Feature", "geometry": {"type": "LineString", "coordinates": [[13.3025318474582, 52.65126037000744], [13.303067004121594, 52.650577077996104]]}, "properties": {"length": 84.28}}, {"type": "Feature", "geometry": {"type": "LineString", "coordinates": [[13.307609500580652, 52.65623630600804], [13.306142140813384, 52.65562588019786]]}, "properties": {"length": 120.38}}, {"type": "Feature", "geometry": {"type": "LineString", "coordinates": [[13.285258102251618, 52.65384893612979], [13.285200069647717, 52.65328818777717]]}, "properties": {"length": 62.56}}, {"type": "Feature", "geometry": {"type": "LineString", "coordinates": [[13.28518504377387, 52.65314299511701], [13.285182303854736, 52.65311651957549]]}, "properties": {"length": 2.95}}, {"type": "Feature", "geometry": {"type": "LineString", "coordinates": [[13.285162491845927, 52.6529250770612], [13.285161474985284, 52.65291525112648]]}, "properties": {"length": 1.1}}, {"type": "Feature", "geometry": {"type": "LineString", "coordinates": [[13.284059139850317, 52.65459439825657], [13.284065862633506, 52.65444105889156]]}, "properties": {"length": 17.08}}, {"type": "Feature", "geometry": {"type": "LineString", "coordinates": [[13.28420301480638, 52.654319517581385], [13.284224582282258, 52.65431917710133]]}, "properties": {"length": 1.46}}, {"type": "Feature", "geometry": {"type": "LineString", "coordinates": [[13.284260848250378, 52.65431860457119], [13.284351727276432, 52.654317169816856]]}, "properties": {"length": 6.16}}, {"type": "Feature", "geometry": {"type": "LineString", "coordinates": [[13.282256082855758, 52.65595145188633], [13.282202884315526, 52.655453439506246]]}, "properties": {"length": 55.57}}, {"type": "Feature", "geometry": {"type": "LineString", "coordinates": [[13.28197674949602, 52.65328209067562], [13.282117001782327, 52.6546418155067]]}, "properties": {"length": 151.7}}, {"type": "Feature", "geometry": {"type": "LineString", "coordinates": [[13.283207974053488, 52.65540013281933], [13.283230596048718, 52.655399305895266]]}, "properties": {"length": 1.53}}, {"type": "Feature", "geometry": {"type": "LineString", "coordinates": [[13.283241869528196, 52.65539196347023], [13.28345904261904, 52.65510889944455]]}, "properties": {"length": 34.78}}, {"type": "Feature", "geometry": {"type": "LineString", "coordinates": [[13.284387052558966, 52.65506800480243], [13.2846122986571, 52.6551898557365]]}, "properties": {"length": 20.41}}, {"type": "Feature", "geometry": {"type": "LineString", "coordinates": [[13.284761705734283, 52.655391786749945], [13.284957762104256, 52.65528303611557]]}, "properties": {"length": 17.97}}, {"type": "Feature", "geometry": {"type": "LineString", "coordinates": [[13.285259714995188, 52.653849889286874], [13.285202275697255, 52.653288682943476]]}, "properties": {"length": 62.61}}, {"type": "Feature", "geometry": {"type": "LineString", "coordinates": [[13.285187327919274, 52.65314263377119], [13.285185579866482, 52.653125554116556]]}, "properties": {"length": 1.91}}, {"type": "Feature", "geometry": {"type": "LineString", "coordinates": [[13.285165241227766, 52.652926830641924], [13.285164015755083, 52.652914856797516]]}, "properties": {"length": 1.34}}, {"type": "Feature", "geometry": {"type": "LineString", "coordinates": [[13.285259135933819, 52.653849547051244], [13.285201211493566, 52.65328844407576]]}, "properties": {"length": 62.6}}, {"type": "Feature", "geometry": {"type": "LineString", "coordinates": [[13.285186178122004, 52.65314281566587], [13.285183925115655, 52.65312099066541]]}, "properties": {"length": 2.43}}, {"type": "Feature", "geometry": {"type": "LineString", "coordinates": [[13.28516378620041, 52.652925902610164], [13.28516266754936, 52.652915066039704]]}, "properties": {"length": 1.21}}, {"type": "Feature", "geometry": {"type": "LineString", "coordinates": [[13.285407401729056, 52.65527861945011], [13.285400855620015, 52.65521558076199]]}, "properties": {"length": 7.03}}, {"type": "Feature", "geometry": {"type": "LineString", "coordinates": [[13.286844683236465, 52.66762267659126], [13.28683986465694, 52.66757617393267]]}, "properties": {"length": 5.19}}, {"type": "Feature", "geometry": {"type": "LineString", "coordinates": [[13.254853116849187, 52.66970093941844], [13.255061514391492, 52.66964992149462]]}, "properties": {"length": 15.21}}, {"type": "Feature", "geometry": {"type": "LineString", "coordinates": [[13.255096005998574, 52.66964147753783], [13.255739296241167, 52.66948399000111]]}, "properties": {"length": 46.94}}, {"type": "Feature", "geometry": {"type": "LineString", "coordinates": [[13.262130573094662, 52.6679183691064], [13.26225348908064, 52.667888284410736]]}, "properties": {"length": 8.97}}, {"type": "Feature", "geometry": {"type": "LineString", "coordinates": [[13.265320198818346, 52.66671034273715], [13.265537469559423, 52.666490509668805]]}, "properties": {"length": 28.56}}, {"type": "Feature", "geometry": {"type": "LineString", "coordinates": [[13.265555239417358, 52.666472530134676], [13.265637596148718, 52.66638920141054]]}, "properties": {"length": 10.82}}, {"type": "Feature", "geometry": {"type": "LineString", "coordinates": [[13.302400975322563, 52.66159130992782], [13.302397103119796, 52.66154383137518]]}, "properties": {"length": 5.29}}, {"type": "Feature", "geometry": {"type": "LineString", "coordinates": [[13.297551977696314, 52.652248998471386], [13.29754244634603, 52.6522562898329]]}, "properties": {"length": 1.04}}, {"type": "Feature", "geometry": {"type": "LineString", "coordinates": [[13.297496300535185, 52.65229159074611], [13.297483457197329, 52.65230222023442]]}, "properties": {"length": 1.47}}, {"type": "Feature", "geometry": {"type": "LineString", "coordinates": [[13.281240897650145, 52.65318699795863], [13.281252255318572, 52.653395899158305]]}, "properties": {"length": 23.27}}, {"type": "Feature", "geometry": {"type": "LineString", "coordinates": [[13.279377137626572, 52.65279330315117], [13.280037528971981, 52.652681161217764]]}, "properties": {"length": 46.43}}, {"type": "Feature", "geometry": {"type": "LineString", "coordinates": [[13.279790995168385, 52.651696133807526], [13.279920963973524, 52.65159825027403]]}, "properties": {"length": 14.01}}, {"type": "Feature", "geometry": {"type": "LineString", "coordinates": [[13.279867648269557, 52.65714688011032], [13.279529807207867, 52.65715534457827]]}, "properties": {"length": 22.89}}, {"type": "Feature", "geometry": {"type": "LineString", "coordinates": [[13.277881627762733, 52.65743119226654], [13.27783648088544, 52.65744014059178]]}, "properties": {"length": 3.22}}, {"type": "Feature", "geometry": {"type": "LineString", "coordinates": [[13.277761405901419, 52.657455020763926], [13.277720977038243, 52.65746303390801]]}, "properties": {"length": 2.88}}, {"type": "Feature", "geometry": {"type": "LineString", "coordinates": [[13.270398913556825, 52.66610372589836], [13.270408254952903, 52.66587907630829]]}, "properties": {"length": 25.02}}, {"type": "Feature", "geometry": {"type": "LineString", "coordinates": [[13.270408971295414, 52.665861849082695], [13.270434234582355, 52.66525429286925]]}, "properties": {"length": 67.67}}, {"type": "Feature", "geometry": {"type": "LineString", "coordinates": [[13.282250428000456, 52.6559539773084], [13.282193607022137, 52.65542081571217]]}, "properties": {"length": 59.49}}, {"type": "Feature", "geometry": {"type": "LineString", "coordinates": [[13.282164647591529, 52.65514907773299], [13.282124883611608, 52.65477549300132]]}, "properties": {"length": 41.69}}, {"type": "Feature", "geometry": {"type": "LineString", "coordinates": [[13.282112650519444, 52.654660203504044], [13.281961910907901, 52.65327506088871]]}, "properties": {"length": 154.57}}, {"type": "Feature", "geometry": {"type": "LineString", "coordinates": [[13.271245696966032, 52.654242735178016], [13.271313943822083, 52.654239409065255]]}, "properties": {"length": 4.64}}, {"type": "Feature", "geometry": {"type": "LineString", "coordinates": [[13.287694399115468, 52.65864096258512], [13.287689179107964, 52.65860835999505]]}, "properties": {"length": 3.65}}, {"type": "Feature", "geometry": {"type": "LineString", "coordinates": [[13.287665996328572, 52.65846356666066], [13.28766448021679, 52.65845409739921]]}, "properties": {"length": 1.06}}, {"type": "Feature", "geometry": {"type": "LineString", "coordinates": [[13.287643196665682, 52.65832116505792], [13.287613444554669, 52.65813533836171]]}, "properties": {"length": 20.79}}, {"type": "Feature", "geometry": {"type": "LineString", "coordinates": [[13.295734763373575, 52.66256263337939], [13.295754768373815, 52.66273429350987]]}, "properties": {"length": 19.16}}, {"type": "Feature", "geometry": {"type": "LineString", "coordinates": [[13.295760239759032, 52.66278124241344], [13.295767393962665, 52.66284263106764]]}, "properties": {"length": 6.85}}, {"type": "Feature", "geometry": {"type": "LineString", "coordinates": [[13.295788859937865, 52.66302682460457], [13.29579821024267, 52.66310705635127]]}, "properties": {"length": 8.96}}, {"type": "Feature", "geometry": {"type": "LineString", "coordinates": [[13.298274594863525, 52.66336227313846], [13.298114693499993, 52.66340223878787]]}, "properties": {"length": 11.7}}, {"type": "Feature", "geometry": {"type": "LineString", "coordinates": [[13.29801650259265, 52.663411641401346], [13.297245474408397, 52.66348547094142]]}, "properties": {"length": 52.84}}, {"type": "Feature", "geometry": {"type": "LineString", "coordinates": [[13.296967993269872, 52.66359864969132], [13.29676395963529, 52.66366298788977]]}, "properties": {"length": 15.56}}, {"type": "Feature", "geometry": {"type": "LineString", "coordinates": [[13.29675671581475, 52.66366518050437], [13.296613552469426, 52.663708514138555]]}, "properties": {"length": 10.83}}, {"type": "Feature", "geometry": {"type": "LineString", "coordinates": [[13.296471003874986, 52.66222795810847], [13.296347507097602, 52.6622315776389]]}, "properties": {"length": 8.37}}, {"type": "Feature", "geometry": {"type": "LineString", "coordinates": [[13.298214508514837, 52.663287571643316], [13.296665780464403, 52.66230910732887]]}, "properties": {"length": 151.21}}, {"type": "Feature", "geometry": {"type": "LineString", "coordinates": [[13.296630501976306, 52.66228681811733], [13.296618602194213, 52.6622792997387]]}, "properties": {"length": 1.16}}, {"type": "Feature", "geometry": {"type": "LineString", "coordinates": [[13.293226070209776, 52.666029352262456], [13.293882488918035, 52.665888625166076]]}, "properties": {"length": 47.12}}, {"type": "Feature", "geometry": {"type": "LineString", "coordinates": [[13.29382140723111, 52.66541715936408], [13.293610050147583, 52.665310540074]]}, "properties": {"length": 18.59}}, {"type": "Feature", "geometry": {"type": "LineString", "coordinates": [[13.293597923967667, 52.66530442298271], [13.293353241445633, 52.66518099143544]]}, "properties": {"length": 21.52}}, {"type": "Feature", "geometry": {"type": "LineString", "coordinates": [[13.298833537517448, 52.662901815465425], [13.298416931612175, 52.662756458713915]]}, "properties": {"length": 32.52}}, {"type": "Feature", "geometry": {"type": "LineString", "coordinates": [[13.297822225036775, 52.6625489570882], [13.296795731821192, 52.66225002688357]]}, "properties": {"length": 77.06}}, {"type": "Feature", "geometry": {"type": "LineString", "coordinates": [[13.296717822306535, 52.662242893748044], [13.296648220840186, 52.66223652122414]]}, "properties": {"length": 4.77}}, {"type": "Feature", "geometry": {"type": "LineString", "coordinates": [[13.298305126933737, 52.662420291947896], [13.297865463727254, 52.66228437589848]]}, "properties": {"length": 33.39}}, {"type": "Feature", "geometry": {"type": "LineString", "coordinates": [[13.297604379610519, 52.662216568848116], [13.297108789920562, 52.66210250827039]]}, "properties": {"length": 35.88}}, {"type": "Feature", "geometry": {"type": "LineString", "coordinates": [[13.299599474788106, 52.664065299008755], [13.299597861958896, 52.663993760092566]]}, "properties": {"length": 7.97}}, {"type": "Feature", "geometry": {"type": "LineString", "coordinates": [[13.302435728399374, 52.665141025355084], [13.302375700191458, 52.665061680341424]]}, "properties": {"length": 9.72}}, {"type": "Feature", "geometry": {"type": "LineString", "coordinates": [[13.301985246560665, 52.66520662401611], [13.30194884732522, 52.66513433040966]]}, "properties": {"length": 8.42}}, {"type": "Feature", "geometry": {"type": "LineString", "coordinates": [[13.301943992319462, 52.66512468771792], [13.301919390001329, 52.66507582414609]]}, "properties": {"length": 5.69}}, {"type": "Feature", "geometry": {"type": "LineString", "coordinates": [[13.301903623718852, 52.66504451008691], [13.301868250866903, 52.66497425443584]]}, "properties": {"length": 8.18}}, {"type": "Feature", "geometry": {"type": "LineString", "coordinates": [[13.301313718026059, 52.66478265223526], [13.301347020347686, 52.66478912857999]]}, "properties": {"length": 2.37}}, {"type": "Feature", "geometry": {"type": "LineString", "coordinates": [[13.299765888969855, 52.66489071285649], [13.299754165126384, 52.66478206364959]]}, "properties": {"length": 12.12}}, {"type": "Feature", "geometry": {"type": "LineString", "coordinates": [[13.299723536183429, 52.664498210635344], [13.299699312939417, 52.664273718971195]]}, "properties": {"length": 25.05}}, {"type": "Feature", "geometry": {"type": "LineString", "coordinates": [[13.304912157266939, 52.66453641442856], [13.305425733682998, 52.664586767630375]]}, "properties": {"length": 35.22}}, {"type": "Feature", "geometry": {"type": "LineString", "coordinates": [[13.286063637415939, 52.6552710939972], [13.286072684565118, 52.65535575556356]]}, "properties": {"length": 9.45}}, {"type": "Feature", "geometry": {"type": "LineString", "coordinates": [[13.286916323104544, 52.65240931509986], [13.286701218628455, 52.65241918005161]]}, "properties": {"length": 14.61}}, {"type": "Feature", "geometry": {"type": "LineString", "coordinates": [[13.280207121991761, 52.674090814366394], [13.280218397025877, 52.674206587117276]]}, "properties": {"length": 12.91}}, {"type": "Feature", "geometry": {"type": "LineString", "coordinates": [[13.272714119848082, 52.66717642534046], [13.272648366746845, 52.667097010998816]]}, "properties": {"length": 9.9}}, {"type": "Feature", "geometry": {"type": "LineString", "coordinates": [[13.27264698801679, 52.66709534581229], [13.272403148792355, 52.66681789800261]]}, "properties": {"length": 35.03}}, {"type": "Feature", "geometry": {"type": "LineString", "coordinates": [[13.262134481430053, 52.667793598675125], [13.262173632084567, 52.66839996277772]]}, "properties": {"length": 67.57}}, {"type": "Feature", "geometry": {"type": "LineString", "coordinates": [[13.262197587976036, 52.66866789164499], [13.26240539415624, 52.66868316765207]]}, "properties": {"length": 14.17}}, {"type": "Feature", "geometry": {"type": "LineString", "coordinates": [[13.255262468033708, 52.67273331427634], [13.255164164154852, 52.6727689397619]]}, "properties": {"length": 7.75}}, {"type": "Feature", "geometry": {"type": "LineString", "coordinates": [[13.255262393096208, 52.672848289107755], [13.255211574906534, 52.672834015962636]]}, "properties": {"length": 3.79}}, {"type": "Feature", "geometry": {"type": "LineString", "coordinates": [[13.25598025892196, 52.67243755581958], [13.256014849676829, 52.67242254839598]]}, "properties": {"length": 2.88}}, {"type": "Feature", "geometry": {"type": "LineString", "coordinates": [[13.255451804791743, 52.67280851433456], [13.255502522995357, 52.67289642475735]]}, "properties": {"length": 10.37}}, {"type": "Feature", "geometry": {"type": "LineString", "coordinates": [[13.25526189393933, 52.672849277243664], [13.255238792696618, 52.67285901857114]]}, "properties": {"length": 1.9}}, {"type": "Feature", "geometry": {"type": "LineString", "coordinates": [[13.252278778334265, 52.67129889214301], [13.252262804398928, 52.67128314939886]]}, "properties": {"length": 2.06}}, {"type": "Feature", "geometry": {"type": "LineString", "coordinates": [[13.249999036288894, 52.67109607736133], [13.250237734539644, 52.671284554808324]]}, "properties": {"length": 26.49}}, {"type": "Feature", "geometry": {"type": "LineString", "coordinates": [[13.252626258890617, 52.67269417878496], [13.251847033343106, 52.67228448795913]]}, "properties": {"length": 69.73}}, {"type": "Feature", "geometry": {"type": "LineString", "coordinates": [[13.26062461692549, 52.670989231873676], [13.260634814995928, 52.67111734635338]]}, "properties": {"length": 14.28}}, {"type": "Feature", "geometry": {"type": "LineString", "coordinates": [[13.260637905774086, 52.67115617442204], [13.260650733292545, 52.67131731981801]]}, "properties": {"length": 17.96}}, {"type": "Feature", "geometry": {"type": "LineString", "coordinates": [[13.259639395752034, 52.67098377837468], [13.259640832186106, 52.67092858447786]]}, "properties": {"length": 6.15}}, {"type": "Feature", "geometry": {"type": "LineString", "coordinates": [[13.259712003672785, 52.67071285617217], [13.260395593249525, 52.67067131955328]]}, "properties": {"length": 46.5}}, {"type": "Feature", "geometry": {"type": "LineString", "coordinates": [[13.25924093075189, 52.67251114702836], [13.259240249430631, 52.67250932489786]]}, "properties": {"length": 0.21}}, {"type": "Feature", "geometry": {"type": "LineString", "coordinates": [[13.259408232832994, 52.67303581429828], [13.259373330309456, 52.672912329415674]]}, "properties": {"length": 13.95}}, {"type": "Feature", "geometry": {"type": "LineString", "coordinates": [[13.25391735589927, 52.67226179320527], [13.253760445220953, 52.672189622430764]]}, "properties": {"length": 13.32}}, {"type": "Feature", "geometry": {"type": "LineString", "coordinates": [[13.253596653987382, 52.672104654074865], [13.253573794799294, 52.6720912968158]]}, "properties": {"length": 2.15}}, {"type": "Feature", "geometry": {"type": "LineString", "coordinates": [[13.259763431700767, 52.67052351840857], [13.258739551226611, 52.67044638611168]]}, "properties": {"length": 69.84}}, {"type": "Feature", "geometry": {"type": "LineString", "coordinates": [[13.256252530189428, 52.66975627650824], [13.257039905216327, 52.669758222327374]]}, "properties": {"length": 53.3}}, {"type": "Feature", "geometry": {"type": "LineString", "coordinates": [[13.25718692985743, 52.669791841202176], [13.258420334047461, 52.67028653263485]]}, "properties": {"length": 100.02}}, {"type": "Feature", "geometry": {"type": "LineString", "coordinates": [[13.255537662833113, 52.6697433515522], [13.254517221854094, 52.669565930264916]]}, "properties": {"length": 71.84}}, {"type": "Feature", "geometry": {"type": "LineString", "coordinates": [[13.283604473554945, 52.67622677906404], [13.282992915482142, 52.675824130079306]]}, "properties": {"length": 61.02}}, {"type": "Feature", "geometry": {"type": "LineString", "coordinates": [[13.284635669334754, 52.676587053831284], [13.284576491644657, 52.67655915065787]]}, "properties": {"length": 5.07}}, {"type": "Feature", "geometry": {"type": "LineString", "coordinates": [[13.28442246098223, 52.67649802519592], [13.284310107714083, 52.6764577761765]]}, "properties": {"length": 8.83}}, {"type": "Feature", "geometry": {"type": "LineString", "coordinates": [[13.284209080770925, 52.67642158450079], [13.284020877637525, 52.67637152062739]]}, "properties": {"length": 13.9}}, {"type": "Feature", "geometry": {"type": "LineString", "coordinates": [[13.27906610828055, 52.654164032134844], [13.27903530077904, 52.65413202672574]]}, "properties": {"length": 4.13}}, {"type": "Feature", "geometry": {"type": "LineString", "coordinates": [[13.278978937089548, 52.654073471264056], [13.278944345704378, 52.6540375346556]]}, "properties": {"length": 4.64}}, {"type": "Feature", "geometry": {"type": "LineString", "coordinates": [[13.278910815902401, 52.65400270084584], [13.278909237009605, 52.65400106054665]]}, "properties": {"length": 0.21}}, {"type": "Feature", "geometry": {"type": "LineString", "coordinates": [[13.278874128374524, 52.653964586425886], [13.278853995973256, 52.65394367097864]]}, "properties": {"length": 2.7}}, {"type": "Feature", "geometry": {"type": "LineString", "coordinates": [[13.278799255765772, 52.65389157051455], [13.278796983523867, 52.65388954595418]]}, "properties": {"length": 0.27}}, {"type": "Feature", "geometry": {"type": "LineString", "coordinates": [[13.278697865447269, 52.653801231827906], [13.27867798843878, 52.65378339401862]]}, "properties": {"length": 2.4}}, {"type": "Feature", "geometry": {"type": "LineString", "coordinates": [[13.297194342258525, 52.65082207746008], [13.297022195901619, 52.65069295779196]]}, "properties": {"length": 18.51}}, {"type": "Feature", "geometry": {"type": "LineString", "coordinates": [[13.287491665455319, 52.654572747458936], [13.287151227429195, 52.655100957416764]]}, "properties": {"length": 63.17}}, {"type": "Feature", "geometry": {"type": "LineString", "coordinates": [[13.301046375148392, 52.67055129002563], [13.300857628476601, 52.670758428548794]]}, "properties": {"length": 26.37}}, {"type": "Feature", "geometry": {"type": "LineString", "coordinates": [[13.301229690196037, 52.67050427016126], [13.301131911797276, 52.67045324238344]]}, "properties": {"length": 8.72}}, {"type": "Feature", "geometry": {"type": "LineString", "coordinates": [[13.301434487380863, 52.67057404351508], [13.302202552412759, 52.67052441880734]]}, "properties": {"length": 52.28}}, {"type": "Feature", "geometry": {"type": "LineString", "coordinates": [[13.303543961405428, 52.6700804701857], [13.303600779380691, 52.669880553737734]]}, "properties": {"length": 22.59}}, {"type": "Feature", "geometry": {"type": "LineString", "coordinates": [[13.299932741575278, 52.66807479346982], [13.300549974197434, 52.66871641746907]]}, "properties": {"length": 82.77}}, {"type": "Feature", "geometry": {"type": "LineString", "coordinates": [[13.30098579514005, 52.66797077195743], [13.301038414016398, 52.66775872035635]]}, "properties": {"length": 23.88}}, {"type": "Feature", "geometry": {"type": "LineString", "coordinates": [[13.301058837480683, 52.667740538916966], [13.301299903719347, 52.66754606563672]]}, "properties": {"length": 27.12}}, {"type": "Feature", "geometry": {"type": "LineString", "coordinates": [[13.303383959659472, 52.66758688806695], [13.303550157954797, 52.66806308105537]]}, "properties": {"length": 54.21}}, {"type": "Feature", "geometry": {"type": "LineString", "coordinates": [[13.303231783560213, 52.66875106297002], [13.303460891318272, 52.669003095684815]]}, "properties": {"length": 32.06}}, {"type": "Feature", "geometry": {"type": "LineString", "coordinates": [[13.303467197854769, 52.66901509105325], [13.303528819607617, 52.66914548596259]]}, "properties": {"length": 15.11}}, {"type": "Feature", "geometry": {"type": "LineString", "coordinates": [[13.303534119923581, 52.669168230864535], [13.303547379500303, 52.66922513070773]]}, "properties": {"length": 6.4}}, {"type": "Feature", "geometry": {"type": "LineString", "coordinates": [[13.29865219439725, 52.674246541021866], [13.29877575010151, 52.67414055281325]]}, "properties": {"length": 14.46}}, {"type": "Feature", "geometry": {"type": "LineString", "coordinates": [[13.280981210309532, 52.65972364841618], [13.280973020917134, 52.65973050722014]]}, "properties": {"length": 0.94}}, {"type": "Feature", "geometry": {"type": "LineString", "coordinates": [[13.281222605325828, 52.65983557366953], [13.281212556814467, 52.6598286584778]]}, "properties": {"length": 1.03}}, {"type": "Feature", "geometry": {"type": "LineString", "coordinates": [[13.278032034542292, 52.660690596618366], [13.27799711064405, 52.66069888521218]]}, "properties": {"length": 2.54}}, {"type": "Feature", "geometry": {"type": "LineString", "coordinates": [[13.284991254118832, 52.66217116679203], [13.28503718526071, 52.66213531335855]]}, "properties": {"length": 5.06}}, {"type": "Feature", "geometry": {"type": "LineString", "coordinates": [[13.285084849915494, 52.66209810667625], [13.284999523595589, 52.66197692580952]]}, "properties": {"length": 14.68}}, {"type": "Feature", "geometry": {"type": "LineString", "coordinates": [[13.283015026013365, 52.653885019780596], [13.282982722263913, 52.653689742734414]]}, "properties": {"length": 21.85}}, {"type": "Feature", "geometry": {"type": "LineString", "coordinates": [[13.282980019748528, 52.65367399842019], [13.282888173684743, 52.65331297724306]]}, "properties": {"length": 40.68}}, {"type": "Feature", "geometry": {"type": "LineString", "coordinates": [[13.2837096192863, 52.653066814876055], [13.283720855482153, 52.65306459502594]]}, "properties": {"length": 0.8}}, {"type": "Feature", "geometry": {"type": "LineString", "coordinates": [[13.283962519886337, 52.652883285626864], [13.28398392549723, 52.65286227020883]]}, "properties": {"length": 2.75}}, {"type": "Feature", "geometry": {"type": "LineString", "coordinates": [[13.281822563208808, 52.65781112371847], [13.281718262129543, 52.65781452156416]]}, "properties": {"length": 7.07}}, {"type": "Feature", "geometry": {"type": "LineString", "coordinates": [[13.281978738197347, 52.657813119895316], [13.28177742176373, 52.65784837831456]]}, "properties": {"length": 14.19}}, {"type": "Feature", "geometry": {"type": "LineString", "coordinates": [[13.28183202382885, 52.65780544307881], [13.281878227144528, 52.65777770022402]]}, "properties": {"length": 4.4}}, {"type": "Feature", "geometry": {"type": "LineString", "coordinates": [[13.271158717508714, 52.66482618726943], [13.272421918565495, 52.66426128910656]]}, "properties": {"length": 106.16}}, {"type": "Feature", "geometry": {"type": "LineString", "coordinates": [[13.272422091533217, 52.66424640262912], [13.27242358689597, 52.66411770474779]]}, "properties": {"length": 14.33}}, {"type": "Feature", "geometry": {"type": "LineString", "coordinates": [[13.27242430434964, 52.66405595773083], [13.27242943175113, 52.66361467973466]]}, "properties": {"length": 49.14}}, {"type": "Feature", "geometry": {"type": "LineString", "coordinates": [[13.272440277759586, 52.6635899780896], [13.273428101952303, 52.6628231468242]]}, "properties": {"length": 108.46}}, {"type": "Feature", "geometry": {"type": "LineString", "coordinates": [[13.273187010190714, 52.66276617189848], [13.273183820263203, 52.66276548744825]]}, "properties": {"length": 0.23}}, {"type": "Feature", "geometry": {"type": "LineString", "coordinates": [[13.27318177563472, 52.66276504874028], [13.273024926236154, 52.66273139404269]]}, "properties": {"length": 11.26}}, {"type": "Feature", "geometry": {"type": "LineString", "coordinates": [[13.265514089303531, 52.65684684313251], [13.265789424759088, 52.65719734352655]]}, "properties": {"length": 43.25}}, {"type": "Feature", "geometry": {"type": "LineString", "coordinates": [[13.288052246798584, 52.6748982185734], [13.288000463485615, 52.67454303533286]]}, "properties": {"length": 39.7}}, {"type": "Feature", "geometry": {"type": "LineString", "coordinates": [[13.28780996294503, 52.672722553666084], [13.287640751182133, 52.67058911372564]]}, "properties": {"length": 237.84}}, {"type": "Feature", "geometry": {"type": "LineString", "coordinates": [[13.279946357429944, 52.651603891619125], [13.27974823220338, 52.65174940372567]]}, "properties": {"length": 21.04}}, {"type": "Feature", "geometry": {"type": "LineString", "coordinates": [[13.306711564719597, 52.65603826945001], [13.305833849082529, 52.65568341389124]]}, "properties": {"length": 71.37}}, {"type": "Feature", "geometry": {"type": "LineString", "coordinates": [[13.30221709337272, 52.65133543703287], [13.302952528099738, 52.65044309244587]]}, "properties": {"length": 111.15}}, {"type": "Feature", "geometry": {"type": "LineString", "coordinates": [[13.285859525343499, 52.660032954155874], [13.285830499908565, 52.66009404882361]]}, "properties": {"length": 7.08}}, {"type": "Feature", "geometry": {"type": "LineString", "coordinates": [[13.28578713127401, 52.66018533370121], [13.285776736612675, 52.66020721294623]]}, "properties": {"length": 2.54}}, {"type": "Feature", "geometry": {"type": "LineString", "coordinates": [[13.290113514668061, 52.66608878522786], [13.290072794349737, 52.666269344864666]]}, "properties": {"length": 20.29}}, {"type": "Feature", "geometry": {"type": "LineString", "coordinates": [[13.292888042983355, 52.6664062415303], [13.29366279734326, 52.66628559388084]]}, "properties": {"length": 54.14}}, {"type": "Feature", "geometry": {"type": "LineString", "coordinates": [[13.29377763223718, 52.66628060865708], [13.293895084874638, 52.66627550967536]]}, "properties": {"length": 7.97}}, {"type": "Feature", "geometry": {"type": "LineString", "coordinates": [[13.294581880982012, 52.666245691382265], [13.294606194448933, 52.666244635702625]]}, "properties": {"length": 1.65}}, {"type": "Feature", "geometry": {"type": "LineString", "coordinates": [[13.294815799743125, 52.66623553452753], [13.295315445412413, 52.66621383813304]]}, "properties": {"length": 33.91}}, {"type": "Feature", "geometry": {"type": "LineString", "coordinates": [[13.295333454232402, 52.666213056086235], [13.29554527670594, 52.666203857325506]]}, "properties": {"length": 14.38}}, {"type": "Feature", "geometry": {"type": "LineString", "coordinates": [[13.242128064294015, 52.6585524659403], [13.242130012788117, 52.65855236213327]]}, "properties": {"length": 0.13}}, {"type": "Feature", "geometry": {"type": "LineString", "coordinates": [[13.305228704082083, 52.65777172581075], [13.3052317334173, 52.657765354949504]]}, "properties": {"length": 0.74}}, {"type": "Feature", "geometry": {"type": "LineString", "coordinates": [[13.29034695316871, 52.65060538521338], [13.2904797345371, 52.65005158994818]]}, "properties": {"length": 62.32}}, {"type": "Feature", "geometry": {"type": "LineString", "coordinates": [[13.304802447516122, 52.65779958085039], [13.304805601410619, 52.65782695928324]]}, "properties": {"length": 3.06}}, {"type": "Feature", "geometry": {"type": "LineString", "coordinates": [[13.301206702025711, 52.66700558777222], [13.301706177694056, 52.66709982994786]]}, "properties": {"length": 35.4}}, {"type": "Feature", "geometry": {"type": "LineString", "coordinates": [[13.301947587049138, 52.66722615763604], [13.302053218598669, 52.66728143343119]]}, "properties": {"length": 9.43}}, {"type": "Feature", "geometry": {"type": "LineString", "coordinates": [[13.303708844645275, 52.66844582393795], [13.30374470948653, 52.66856354815942]]}, "properties": {"length": 13.33}}, {"type": "Feature", "geometry": {"type": "LineString", "coordinates": [[13.298127064904664, 52.674690970563326], [13.298029092490165, 52.67468597216301]]}, "properties": {"length": 6.65}}, {"type": "Feature", "geometry": {"type": "LineString", "coordinates": [[13.297969348218533, 52.674682924062616], [13.297232927616998, 52.67464535000824]]}, "properties": {"length": 50.02}}, {"type": "Feature", "geometry": {"type": "LineString", "coordinates": [[13.297086853362325, 52.67475969800265], [13.296943466237845, 52.675072089162974]]}, "properties": {"length": 36.11}}, {"type": "Feature", "geometry": {"type": "LineString", "coordinates": [[13.295748274025348, 52.66614555082578], [13.295734889451895, 52.666083689539576]]}, "properties": {"length": 6.95}}, {"type": "Feature", "geometry": {"type": "LineString", "coordinates": [[13.294589366340295, 52.66626351072335], [13.294637706150915, 52.66626064592198]]}, "properties": {"length": 3.29}}, {"type": "Feature", "geometry": {"type": "LineString", "coordinates": [[13.294734992871826, 52.666254880279396], [13.295324976266297, 52.66621991350569]]}, "properties": {"length": 40.13}}, {"type": "Feature", "geometry": {"type": "LineString", "coordinates": [[13.295330152238224, 52.66621960672614], [13.295540762022112, 52.66620712370146]]}, "properties": {"length": 14.33}}, {"type": "Feature", "geometry": {"type": "LineString", "coordinates": [[13.277298336336356, 52.67342191219392], [13.277292411197786, 52.67341001514954]]}, "properties": {"length": 1.38}}, {"type": "Feature", "geometry": {"type": "LineString", "coordinates": [[13.276789882608844, 52.67333874341995], [13.276882261975906, 52.673356384169814]]}, "properties": {"length": 6.55}}, {"type": "Feature", "geometry": {"type": "LineString", "coordinates": [[13.276970881156043, 52.67337330679293], [13.277038203005567, 52.673386162447066]]}, "properties": {"length": 4.78}}, {"type": "Feature", "geometry": {"type": "LineString", "coordinates": [[13.277152633939332, 52.67340801385723], [13.277262654828963, 52.673429023011444]]}, "properties": {"length": 7.81}}, {"type": "Feature", "geometry": {"type": "LineString", "coordinates": [[13.277293175044743, 52.67342294076891], [13.27728064445977, 52.673408911113384]]}, "properties": {"length": 1.78}}, {"type": "Feature", "geometry": {"type": "LineString", "coordinates": [[13.276295958523932, 52.672077592631084], [13.276282963801883, 52.67206093092496]]}, "properties": {"length": 2.05}}, {"type": "Feature", "geometry": {"type": "LineString", "coordinates": [[13.276250367462076, 52.67201913615052], [13.276248182826409, 52.67201633502427]]}, "properties": {"length": 0.35}}, {"type": "Feature", "geometry": {"type": "LineString", "coordinates": [[13.276220897062453, 52.671981349352585], [13.276198741703796, 52.671952941813466]]}, "properties": {"length": 3.5}}, {"type": "Feature", "geometry": {"type": "LineString", "coordinates": [[13.276125229887393, 52.67185868486058], [13.276078517869362, 52.671813682748535]]}, "properties": {"length": 5.93}}, {"type": "Feature", "geometry": {"type": "LineString", "coordinates": [[13.277379724999701, 52.67345104191223], [13.27749435723827, 52.67347240858694]]}, "properties": {"length": 8.12}}, {"type": "Feature", "geometry": {"type": "LineString", "coordinates": [[13.281980911571855, 52.66417253427701], [13.281932812632055, 52.66412153950673]]}, "properties": {"length": 6.55}}, {"type": "Feature", "geometry": {"type": "LineString", "coordinates": [[13.281876403214895, 52.66406173373801], [13.281824990975723, 52.664007225850064]]}, "properties": {"length": 7.0}}, {"type": "Feature", "geometry": {"type": "LineString", "coordinates": [[13.281692549307255, 52.66386680880948], [13.281589685480746, 52.66375774997813]]}, "properties": {"length": 14.0}}, {"type": "Feature", "geometry": {"type": "LineString", "coordinates": [[13.281402434951437, 52.663559220543554], [13.281208064718292, 52.66335314025276]]}, "properties": {"length": 26.45}}, {"type": "Feature", "geometry": {"type": "LineString", "coordinates": [[13.280669284872424, 52.66328972326065], [13.28030360337352, 52.66341554384669]]}, "properties": {"length": 28.45}}, {"type": "Feature", "geometry": {"type": "LineString", "coordinates": [[13.280263220869063, 52.663429438203984], [13.280015872113056, 52.66351454269171]]}, "properties": {"length": 19.24}}, {"type": "Feature", "geometry": {"type": "LineString", "coordinates": [[13.279812183204047, 52.6635846246491], [13.2797726646961, 52.66359822146705]]}, "properties": {"length": 3.07}}, {"type": "Feature", "geometry": {"type": "LineString", "coordinates": [[13.261963241120363, 52.67055041616502], [13.262132853722733, 52.67058396655323]]}, "properties": {"length": 12.07}}, {"type": "Feature", "geometry": {"type": "LineString", "coordinates": [[13.27401375578009, 52.672906326930736], [13.273737176683753, 52.672850197034116]]}, "properties": {"length": 19.74}}, {"type": "Feature", "geometry": {"type": "LineString", "coordinates": [[13.261958306089051, 52.670598922060805], [13.262126776798423, 52.6706327357489]]}, "properties": {"length": 12.01}}, {"type": "Feature", "geometry": {"type": "LineString", "coordinates": [[13.273283089234605, 52.67280615539369], [13.274069514945454, 52.67296038911819]]}, "properties": {"length": 55.93}}, {"type": "Feature", "geometry": {"type": "LineString", "coordinates": [[13.274344004067542, 52.672803796683226], [13.27460439357015, 52.67249471798995]]}, "properties": {"length": 38.67}}, {"type": "Feature", "geometry": {"type": "LineString", "coordinates": [[13.274818387721112, 52.672319317845954], [13.275006324870823, 52.672192115984124]]}, "properties": {"length": 19.04}}, {"type": "Feature", "geometry": {"type": "LineString", "coordinates": [[13.275587424573184, 52.65864442272113], [13.275612386692353, 52.65863543541114]]}, "properties": {"length": 1.96}}, {"type": "Feature", "geometry": {"type": "LineString", "coordinates": [[13.275772037112777, 52.658577954993795], [13.275820684882152, 52.65856176543427]]}, "properties": {"length": 3.75}}, {"type": "Feature", "geometry": {"type": "LineString", "coordinates": [[13.276005367419646, 52.65850141004595], [13.276319386581937, 52.65839881398835]]}, "properties": {"length": 24.14}}, {"type": "Feature", "geometry": {"type": "LineString", "coordinates": [[13.276363392015524, 52.658384436536544], [13.281437205550455, 52.657440741439586]]}, "properties": {"length": 359.25}}, {"type": "Feature", "geometry": {"type": "LineString", "coordinates": [[13.28220191636994, 52.65544990041539], [13.282255916138865, 52.65595152633861]]}, "properties": {"length": 55.98}}, {"type": "Feature", "geometry": {"type": "LineString", "coordinates": [[13.284739836129534, 52.66084685896742], [13.284669881262333, 52.66072295880001]]}, "properties": {"length": 14.59}}, {"type": "Feature", "geometry": {"type": "LineString", "coordinates": [[13.287038141891953, 52.66755188054547], [13.287059260429062, 52.66775093066916]]}, "properties": {"length": 22.21}}, {"type": "Feature", "geometry": {"type": "LineString", "coordinates": [[13.28723337951819, 52.66946878822098], [13.287225806711625, 52.66939409052371]]}, "properties": {"length": 8.33}}, {"type": "Feature", "geometry": {"type": "LineString", "coordinates": [[13.287034287520864, 52.667551872810705], [13.287059072198018, 52.667750963033065]]}, "properties": {"length": 22.23}}, {"type": "Feature", "geometry": {"type": "LineString", "coordinates": [[13.286845010520782, 52.6676227875426], [13.286840684775811, 52.667574731842315]]}, "properties": {"length": 5.36}}, {"type": "Feature", "geometry": {"type": "LineString", "coordinates": [[13.287482773914707, 52.669466529203014], [13.287332986192865, 52.66950311523864]]}, "properties": {"length": 10.93}}, {"type": "Feature", "geometry": {"type": "LineString", "coordinates": [[13.243473584562734, 52.67141993961585], [13.24342164212991, 52.67137795467159]]}, "properties": {"length": 5.85}}, {"type": "Feature", "geometry": {"type": "LineString", "coordinates": [[13.248129408550193, 52.671620527232086], [13.248036246224633, 52.671533490428736]]}, "properties": {"length": 11.56}}, {"type": "Feature", "geometry": {"type": "LineString", "coordinates": [[13.254174025858863, 52.66955871626661], [13.254280201408383, 52.669538592238716]]}, "properties": {"length": 7.53}}, {"type": "Feature", "geometry": {"type": "LineString", "coordinates": [[13.248542361035854, 52.671420705290934], [13.247720357298311, 52.67162609119212]]}, "properties": {"length": 60.16}}, {"type": "Feature", "geometry": {"type": "LineString", "coordinates": [[13.24883107796691, 52.67145188916623], [13.249947791413586, 52.67110749794223]]}, "properties": {"length": 84.76}}, {"type": "Feature", "geometry": {"type": "LineString", "coordinates": [[13.270495325915, 52.6670876668818], [13.270369843338234, 52.6671578808226]]}, "properties": {"length": 11.54}}, {"type": "Feature", "geometry": {"type": "LineString", "coordinates": [[13.270316032800565, 52.667187990472016], [13.270288877886152, 52.667203184961195]]}, "properties": {"length": 2.5}}, {"type": "Feature", "geometry": {"type": "LineString", "coordinates": [[13.270219091460744, 52.667242233769066], [13.270145714023952, 52.66728329180053]]}, "properties": {"length": 6.75}}, {"type": "Feature", "geometry": {"type": "LineString", "coordinates": [[13.270043501653182, 52.667340484095874], [13.26987581945117, 52.667434309122356]]}, "properties": {"length": 15.43}}, {"type": "Feature", "geometry": {"type": "LineString", "coordinates": [[13.269698959581538, 52.66753326874789], [13.26968933734624, 52.6675386527237]]}, "properties": {"length": 0.89}}, {"type": "Feature", "geometry": {"type": "LineString", "coordinates": [[13.26962218147802, 52.6675762287136], [13.269567970227039, 52.667606561676926]]}, "properties": {"length": 4.99}}, {"type": "Feature", "geometry": {"type": "LineString", "coordinates": [[13.269531195245023, 52.667627138441645], [13.26946351176058, 52.66766500941142]]}, "properties": {"length": 6.23}}, {"type": "Feature", "geometry": {"type": "LineString", "coordinates": [[13.269368026301915, 52.667718436258205], [13.26933597435895, 52.667736370191946]]}, "properties": {"length": 2.95}}, {"type": "Feature", "geometry": {"type": "LineString", "coordinates": [[13.26924893411094, 52.667780049793244], [13.269149823212844, 52.66782448530941]]}, "properties": {"length": 8.34}}, {"type": "Feature", "geometry": {"type": "LineString", "coordinates": [[13.262408553137886, 52.66822562519388], [13.262297422227066, 52.66822987345644]]}, "properties": {"length": 7.54}}, {"type": "Feature", "geometry": {"type": "LineString", "coordinates": [[13.26229480890539, 52.66822997335606], [13.262158897816294, 52.668235168758386]]}, "properties": {"length": 9.22}}, {"type": "Feature", "geometry": {"type": "LineString", "coordinates": [[13.255995758207643, 52.66952890248218], [13.25500476334457, 52.66977494532188]]}, "properties": {"length": 72.46}}, {"type": "Feature", "geometry": {"type": "LineString", "coordinates": [[13.265196254422513, 52.66576564672341], [13.265546127812827, 52.666098704010025]]}, "properties": {"length": 44.0}}, {"type": "Feature", "geometry": {"type": "LineString", "coordinates": [[13.26670545413616, 52.66720226403995], [13.266991751878397, 52.66747477951915]]}, "properties": {"length": 36.01}}, {"type": "Feature", "geometry": {"type": "LineString", "coordinates": [[13.26709555478642, 52.667573584350706], [13.267164343388837, 52.667639060497926]]}, "properties": {"length": 8.65}}, {"type": "Feature", "geometry": {"type": "LineString", "coordinates": [[13.26765690698787, 52.66780583019842], [13.270092640854164, 52.66728386344476]]}, "properties": {"length": 174.83}}, {"type": "Feature", "geometry": {"type": "LineString", "coordinates": [[13.27010721314312, 52.667278140100244], [13.270213857188354, 52.6672362549818]]}, "properties": {"length": 8.59}}, {"type": "Feature", "geometry": {"type": "LineString", "coordinates": [[13.270292375808946, 52.667205416189525], [13.270336037143437, 52.66718488948359]]}, "properties": {"length": 3.74}}, {"type": "Feature", "geometry": {"type": "LineString", "coordinates": [[13.270353323317195, 52.667176604205444], [13.270503061346618, 52.66708542798234]]}, "properties": {"length": 14.35}}, {"type": "Feature", "geometry": {"type": "LineString", "coordinates": [[13.2576470640001, 52.673968542463484], [13.257593168180732, 52.673944561764415]]}, "properties": {"length": 4.52}}, {"type": "Feature", "geometry": {"type": "LineString", "coordinates": [[13.257582100271982, 52.67393963749274], [13.257364803653761, 52.67384318683151]]}, "properties": {"length": 18.21}}, {"type": "Feature", "geometry": {"type": "LineString", "coordinates": [[13.257200540845178, 52.67377062789818], [13.256860051022125, 52.67361939028151]]}, "properties": {"length": 28.54}}, {"type": "Feature", "geometry": {"type": "LineString", "coordinates": [[13.256780640335803, 52.67358407206186], [13.25672438117451, 52.67355905050722]]}, "properties": {"length": 4.72}}, {"type": "Feature", "geometry": {"type": "LineString", "coordinates": [[13.256666245357854, 52.673533194240974], [13.256654325668524, 52.67352789287752]]}, "properties": {"length": 1.0}}, {"type": "Feature", "geometry": {"type": "LineString", "coordinates": [[13.256603006613737, 52.673505068347474], [13.256433849748218, 52.6734299497727]]}, "properties": {"length": 14.18}}, {"type": "Feature", "geometry": {"type": "LineString", "coordinates": [[13.254527551866992, 52.674692180955596], [13.254497163690043, 52.67468881424304]]}, "properties": {"length": 2.09}}, {"type": "Feature", "geometry": {"type": "LineString", "coordinates": [[13.272534822414537, 52.66201198674479], [13.272526196476026, 52.66202007520769]]}, "properties": {"length": 1.07}}, {"type": "Feature", "geometry": {"type": "LineString", "coordinates": [[13.285890983298382, 52.6534037040355], [13.285902153851303, 52.65348827738814]]}, "properties": {"length": 9.45}}, {"type": "Feature", "geometry": {"type": "LineString", "coordinates": [[13.289199234290116, 52.6544114174739], [13.289177956401726, 52.65430222166055]]}, "properties": {"length": 12.24}}, {"type": "Feature", "geometry": {"type": "LineString", "coordinates": [[13.28988848125607, 52.65398674186104], [13.290168908265414, 52.65364814520311]]}, "properties": {"length": 42.21}}, {"type": "Feature", "geometry": {"type": "LineString", "coordinates": [[13.286741270477778, 52.65804669847234], [13.2870794090677, 52.65789569022511]]}, "properties": {"length": 28.41}}, {"type": "Feature", "geometry": {"type": "LineString", "coordinates": [[13.287097491335272, 52.657887614866596], [13.287157414158878, 52.65786085389696]]}, "properties": {"length": 5.03}}, {"type": "Feature", "geometry": {"type": "LineString", "coordinates": [[13.29731646175404, 52.650914290137855], [13.297362437030825, 52.65094944313073]]}, "properties": {"length": 5.0}}, {"type": "Feature", "geometry": {"type": "LineString", "coordinates": [[13.297372042814457, 52.65095678776514], [13.29744212052077, 52.65101036945933]]}, "properties": {"length": 7.62}}, {"type": "Feature", "geometry": {"type": "LineString", "coordinates": [[13.24524070818715, 52.659019294008495], [13.245087132583398, 52.65885199348992]]}, "properties": {"length": 21.33}}, {"type": "Feature", "geometry": {"type": "LineString", "coordinates": [[13.244054769295296, 52.65882810303234], [13.244058141676513, 52.65888480129747]]}, "properties": {"length": 6.32}}, {"type": "Feature", "geometry": {"type": "LineString", "coordinates": [[13.244063436482211, 52.65897381994633], [13.244095742236771, 52.659089386858305]]}, "properties": {"length": 13.05}}, {"type": "Feature", "geometry": {"type": "LineString", "coordinates": [[13.244116134531872, 52.65913808433516], [13.244151144899584, 52.6592216899742]]}, "properties": {"length": 9.61}}, {"type": "Feature", "geometry": {"type": "LineString", "coordinates": [[13.248512828600255, 52.66576415117922], [13.24847859288873, 52.66572319341116]]}, "properties": {"length": 5.12}}, {"type": "Feature", "geometry": {"type": "LineString", "coordinates": [[13.247072642324722, 52.664041111769016], [13.246896998455332, 52.663830960466285]]}, "properties": {"length": 26.25}}, {"type": "Feature", "geometry": {"type": "LineString", "coordinates": [[13.246853527054537, 52.663778948199315], [13.246743648872199, 52.66364748150148]]}, "properties": {"length": 16.42}}, {"type": "Feature", "geometry": {"type": "LineString", "coordinates": [[13.244964272473117, 52.66424877573413], [13.245025229215779, 52.664224815249085]]}, "properties": {"length": 4.91}}, {"type": "Feature", "geometry": {"type": "LineString", "coordinates": [[13.245095859514045, 52.664197052273934], [13.245121944690672, 52.6641867988347]]}, "properties": {"length": 2.1}}, {"type": "Feature", "geometry": {"type": "LineString", "coordinates": [[13.245143327707128, 52.66417839369085], [13.24573381464492, 52.663946284873234]]}, "properties": {"length": 47.6}}, {"type": "Feature", "geometry": {"type": "LineString", "coordinates": [[13.245839828959282, 52.66390461216451], [13.245863315255804, 52.66389538001445]]}, "properties": {"length": 1.89}}, {"type": "Feature", "geometry": {"type": "LineString", "coordinates": [[13.241107092804295, 52.665320983312796], [13.242732354445723, 52.66478409854754]]}, "properties": {"length": 125.22}}, {"type": "Feature", "geometry": {"type": "LineString", "coordinates": [[13.242994566603496, 52.6646974767751], [13.243092981816858, 52.66466496507934]]}, "properties": {"length": 7.58}}, {"type": "Feature", "geometry": {"type": "LineString", "coordinates": [[13.24386684293191, 52.66440931377712], [13.244211640046878, 52.66429540469428]]}, "properties": {"length": 26.57}}, {"type": "Feature", "geometry": {"type": "LineString", "coordinates": [[13.245129142369557, 52.66399228587339], [13.246043400762566, 52.66369022766167]]}, "properties": {"length": 70.44}}, {"type": "Feature", "geometry": {"type": "LineString", "coordinates": [[13.246062096042106, 52.66368405088663], [13.246103669705063, 52.663670315254976]]}, "properties": {"length": 3.2}}, {"type": "Feature", "geometry": {"type": "LineString", "coordinates": [[13.245866315851718, 52.66390254398084], [13.245855471617054, 52.66390753381758]]}, "properties": {"length": 0.92}}, {"type": "Feature", "geometry": {"type": "LineString", "coordinates": [[13.245787206709826, 52.6639389449988], [13.245613674911475, 52.66401795310807]]}, "properties": {"length": 14.68}}, {"type": "Feature", "geometry": {"type": "LineString", "coordinates": [[13.245565878564783, 52.664038957662555], [13.24527289146186, 52.66416733157743]]}, "properties": {"length": 24.45}}, {"type": "Feature", "geometry": {"type": "LineString", "coordinates": [[13.245120258383162, 52.66422830806696], [13.245115607690957, 52.664230165999875]]}, "properties": {"length": 0.38}}, {"type": "Feature", "geometry": {"type": "LineString", "coordinates": [[13.24243201444673, 52.662827773856755], [13.242563967194648, 52.66248679084144]]}, "properties": {"length": 39.0}}, {"type": "Feature", "geometry": {"type": "LineString", "coordinates": [[13.242619977035824, 52.66233981624532], [13.242629176076104, 52.66231567708983]]}, "properties": {"length": 2.76}}, {"type": "Feature", "geometry": {"type": "LineString", "coordinates": [[13.247312977339952, 52.65837456015055], [13.248102126913986, 52.65892751867001]]}, "properties": {"length": 81.52}}, {"type": "Feature", "geometry": {"type": "LineString", "coordinates": [[13.245637729634778, 52.66699638009057], [13.245208390557886, 52.66691501367893]]}, "properties": {"length": 30.44}}, {"type": "Feature", "geometry": {"type": "LineString", "coordinates": [[13.24452741142267, 52.66678595371841], [13.243665910633043, 52.66662267430574]]}, "properties": {"length": 61.09}}, {"type": "Feature", "geometry": {"type": "LineString", "coordinates": [[13.25048288333898, 52.66643910489534], [13.249493104132373, 52.66662366586757]]}, "properties": {"length": 70.08}}, {"type": "Feature", "geometry": {"type": "LineString", "coordinates": [[13.253515798002292, 52.66832500963384], [13.253422129972863, 52.66830645354462]]}, "properties": {"length": 6.67}}, {"type": "Feature", "geometry": {"type": "LineString", "coordinates": [[13.25334063847978, 52.66829030961219], [13.252988497850584, 52.668220547741775]]}, "properties": {"length": 25.07}}, {"type": "Feature", "geometry": {"type": "LineString", "coordinates": [[13.252975690450155, 52.66821801046928], [13.252875018869725, 52.6681980663759]]}, "properties": {"length": 7.17}}, {"type": "Feature", "geometry": {"type": "LineString", "coordinates": [[13.254586357470226, 52.66853562975469], [13.254599657401366, 52.668538208919045]]}, "properties": {"length": 0.94}}, {"type": "Feature", "geometry": {"type": "LineString", "coordinates": [[13.254194775967434, 52.668418475255564], [13.254174246030319, 52.66839450095907]]}, "properties": {"length": 3.01}}, {"type": "Feature", "geometry": {"type": "LineString", "coordinates": [[13.2540866415469, 52.66829219850156], [13.254058606056748, 52.66825945919552]]}, "properties": {"length": 4.11}}, {"type": "Feature", "geometry": {"type": "LineString", "coordinates": [[13.253697771358324, 52.667838078211076], [13.253658385837198, 52.66779208341316]]}, "properties": {"length": 5.77}}, {"type": "Feature", "geometry": {"type": "LineString", "coordinates": [[13.253617013962414, 52.667743768808954], [13.253614882761939, 52.66774127996237]]}, "properties": {"length": 0.31}}, {"type": "Feature", "geometry": {"type": "LineString", "coordinates": [[13.25327725873589, 52.667346993545564], [13.252890278819605, 52.666838300187806]]}, "properties": {"length": 62.41}}, {"type": "Feature", "geometry": {"type": "LineString", "coordinates": [[13.261792697350002, 52.665290829314166], [13.261777256956469, 52.66497547227588]]}, "properties": {"length": 35.13}}, {"type": "Feature", "geometry": {"type": "LineString", "coordinates": [[13.261853874770907, 52.66501065540554], [13.261873228030016, 52.66526156499203]]}, "properties": {"length": 27.97}}, {"type": "Feature", "geometry": {"type": "LineString", "coordinates": [[13.261811866343317, 52.664991365023894], [13.26183595762425, 52.665271028152965]]}, "properties": {"length": 31.18}}, {"type": "Feature", "geometry": {"type": "LineString", "coordinates": [[13.246628835389059, 52.661996732561704], [13.247143662206325, 52.662170234953]]}, "properties": {"length": 39.85}}, {"type": "Feature", "geometry": {"type": "LineString", "coordinates": [[13.268115253025046, 52.66168403421332], [13.267957619024257, 52.66164971605512]]}, "properties": {"length": 11.34}}, {"type": "Feature", "geometry": {"type": "LineString", "coordinates": [[13.255921263493587, 52.6677291986283], [13.25575203702218, 52.66749725982084]]}, "properties": {"length": 28.25}}, {"type": "Feature", "geometry": {"type": "LineString", "coordinates": [[13.256585271506381, 52.66762065071646], [13.256564035975257, 52.66749842504673]]}, "properties": {"length": 13.69}}, {"type": "Feature", "geometry": {"type": "LineString", "coordinates": [[13.26444358393342, 52.666470633595274], [13.264396516474113, 52.66642974036774]]}, "properties": {"length": 5.56}}, {"type": "Feature", "geometry": {"type": "LineString", "coordinates": [[13.265575121667384, 52.66789195140727], [13.265498350588588, 52.66790644631557]]}, "properties": {"length": 5.44}}, {"type": "Feature", "geometry": {"type": "LineString", "coordinates": [[13.264982227950698, 52.667964911556695], [13.264654098400445, 52.66796122588467]]}, "properties": {"length": 22.22}}, {"type": "Feature", "geometry": {"type": "LineString", "coordinates": [[13.263372055565661, 52.66802921060979], [13.263277116561634, 52.668038759069574]]}, "properties": {"length": 6.51}}, {"type": "Feature", "geometry": {"type": "LineString", "coordinates": [[13.262697927296491, 52.66808405452165], [13.262354404317655, 52.6680909904649]]}, "properties": {"length": 23.27}}, {"type": "Feature", "geometry": {"type": "LineString", "coordinates": [[13.262170392677659, 52.66884088071983], [13.262132404648739, 52.66909097261733]]}, "properties": {"length": 27.97}}, {"type": "Feature", "geometry": {"type": "LineString", "coordinates": [[13.269690606228934, 52.667526709356046], [13.269676118875278, 52.66753293520621]]}, "properties": {"length": 1.2}}, {"type": "Feature", "geometry": {"type": "LineString", "coordinates": [[13.269622989950014, 52.66755576700173], [13.269549406536704, 52.667587388897374]]}, "properties": {"length": 6.1}}, {"type": "Feature", "geometry": {"type": "LineString", "coordinates": [[13.269448744145567, 52.66763064762594], [13.269430243894265, 52.667638597918966]]}, "properties": {"length": 1.53}}, {"type": "Feature", "geometry": {"type": "LineString", "coordinates": [[13.269762353169535, 52.667534194444194], [13.269779071392962, 52.667552682255995]]}, "properties": {"length": 2.35}}, {"type": "Feature", "geometry": {"type": "LineString", "coordinates": [[13.269611141349346, 52.668332027415545], [13.269494685530196, 52.66836381069009]]}, "properties": {"length": 8.64}}, {"type": "Feature", "geometry": {"type": "LineString", "coordinates": [[13.269463414789783, 52.6683717135883], [13.268228747597435, 52.668612978427]]}, "properties": {"length": 87.79}}, {"type": "Feature", "geometry": {"type": "LineString", "coordinates": [[13.278512478999561, 52.66261014356531], [13.278287639206392, 52.662682879626146]]}, "properties": {"length": 17.24}}, {"type": "Feature", "geometry": {"type": "LineString", "coordinates": [[13.277945741484167, 52.66273441255253], [13.277951715198688, 52.66272028456331]]}, "properties": {"length": 1.62}}, {"type": "Feature", "geometry": {"type": "LineString", "coordinates": [[13.27810340473168, 52.6626661539444], [13.278111070881645, 52.66266684992075]]}, "properties": {"length": 0.52}}, {"type": "Feature", "geometry": {"type": "LineString", "coordinates": [[13.278154081491172, 52.66294928683438], [13.278159013065661, 52.662951717832684]]}, "properties": {"length": 0.43}}, {"type": "Feature", "geometry": {"type": "LineString", "coordinates": [[13.27837673630528, 52.66280264990427], [13.278379209638143, 52.66280150361647]]}, "properties": {"length": 0.21}}, {"type": "Feature", "geometry": {"type": "LineString", "coordinates": [[13.262195566139482, 52.667687907435045], [13.262274434008472, 52.6680614866458]]}, "properties": {"length": 41.94}}, {"type": "Feature", "geometry": {"type": "LineString", "coordinates": [[13.262354592958934, 52.66805998607572], [13.262553163091921, 52.6680562686222]]}, "properties": {"length": 13.45}}, {"type": "Feature", "geometry": {"type": "LineString", "coordinates": [[13.263422979898516, 52.66799155313203], [13.263623559206602, 52.66797113712962]]}, "properties": {"length": 13.77}}, {"type": "Feature", "geometry": {"type": "LineString", "coordinates": [[13.264414753913384, 52.66792563801904], [13.26479136827861, 52.667935273701964]]}, "properties": {"length": 25.52}}, {"type": "Feature", "geometry": {"type": "LineString", "coordinates": [[13.26559483113135, 52.66785506037668], [13.265640817882245, 52.66784497639422]]}, "properties": {"length": 3.31}}, {"type": "Feature", "geometry": {"type": "LineString", "coordinates": [[13.273936570974616, 52.66873434638728], [13.273927803700403, 52.66884538676886]]}, "properties": {"length": 12.38}}, {"type": "Feature", "geometry": {"type": "LineString", "coordinates": [[13.265142068509864, 52.66575807727617], [13.265570459810462, 52.66615724094605]]}, "properties": {"length": 53.07}}, {"type": "Feature", "geometry": {"type": "LineString", "coordinates": [[13.266693646514208, 52.66720375320804], [13.266985824580601, 52.66747597542212]]}, "properties": {"length": 36.19}}, {"type": "Feature", "geometry": {"type": "LineString", "coordinates": [[13.267091474082704, 52.66757440798472], [13.267161248134002, 52.66763941545148]]}, "properties": {"length": 8.64}}, {"type": "Feature", "geometry": {"type": "LineString", "coordinates": [[13.2676540792047, 52.667804841783735], [13.26859841500621, 52.667821192312516]]}, "properties": {"length": 63.95}}, {"type": "Feature", "geometry": {"type": "LineString", "coordinates": [[13.268853426053441, 52.66776032957857], [13.269726206241407, 52.66749691976968]]}, "properties": {"length": 65.96}}, {"type": "Feature", "geometry": {"type": "LineString", "coordinates": [[13.28813506079982, 52.67847966181342], [13.28841994399166, 52.67844655266819]]}, "properties": {"length": 19.63}}, {"type": "Feature", "geometry": {"type": "LineString", "coordinates": [[13.27375708526315, 52.673733714134876], [13.273679946751034, 52.673679026097076]]}, "properties": {"length": 8.02}}, {"type": "Feature", "geometry": {"type": "LineString", "coordinates": [[13.273897616160435, 52.673662457896086], [13.273807347837337, 52.673707076829025]]}, "properties": {"length": 7.87}}, {"type": "Feature", "geometry": {"type": "LineString", "coordinates": [[13.273816181116064, 52.67373547834757], [13.273851511222233, 52.67376173241876]]}, "properties": {"length": 3.78}}, {"type": "Feature", "geometry": {"type": "LineString", "coordinates": [[13.259502384696395, 52.672841968973785], [13.259509853888671, 52.67311969900749]]}, "properties": {"length": 30.93}}, {"type": "Feature", "geometry": {"type": "LineString", "coordinates": [[13.259259136131519, 52.672498385806804], [13.259265319429952, 52.67251569834794]]}, "properties": {"length": 1.97}}, {"type": "Feature", "geometry": {"type": "LineString", "coordinates": [[13.259305496522808, 52.672628189324904], [13.259386874343745, 52.67285603536551]]}, "properties": {"length": 25.96}}, {"type": "Feature", "geometry": {"type": "LineString", "coordinates": [[13.25940031211777, 52.67289365892127], [13.259462630294468, 52.67306813862101]]}, "properties": {"length": 19.88}}, {"type": "Feature", "geometry": {"type": "LineString", "coordinates": [[13.287765063949948, 52.675506228740545], [13.288130338117625, 52.67555194554591]]}, "properties": {"length": 25.24}}, {"type": "Feature", "geometry": {"type": "LineString", "coordinates": [[13.287757517953326, 52.67545500776282], [13.288124936819687, 52.6755014535291]]}, "properties": {"length": 25.4}}, {"type": "Feature", "geometry": {"type": "LineString", "coordinates": [[13.279554819932814, 52.67393933534231], [13.279320943069907, 52.67389308146327]]}, "properties": {"length": 16.65}}, {"type": "Feature", "geometry": {"type": "LineString", "coordinates": [[13.254901414879036, 52.67978371872253], [13.25492425314327, 52.67977546395868]]}, "properties": {"length": 1.8}}, {"type": "Feature", "geometry": {"type": "LineString", "coordinates": [[13.255270133745547, 52.679650410166715], [13.25519905264603, 52.67967611892211]]}, "properties": {"length": 5.6}}, {"type": "Feature", "geometry": {"type": "LineString", "coordinates": [[13.260626741338145, 52.67939650582947], [13.260469659425572, 52.67937397763962]]}, "properties": {"length": 10.92}}, {"type": "Feature", "geometry": {"type": "LineString", "coordinates": [[13.242995444168558, 52.65881617909124], [13.24294508219658, 52.65894012162868]]}, "properties": {"length": 14.22}}, {"type": "Feature", "geometry": {"type": "LineString", "coordinates": [[13.24290512516169, 52.65903845678002], [13.242573375078669, 52.659409260270046]]}, "properties": {"length": 47.0}}, {"type": "Feature", "geometry": {"type": "LineString", "coordinates": [[13.243390788160127, 52.656869350854485], [13.243362751883392, 52.65702843925184]]}, "properties": {"length": 17.82}}, {"type": "Feature", "geometry": {"type": "LineString", "coordinates": [[13.243312435757908, 52.65731394944731], [13.24328512596243, 52.65746891286043]]}, "properties": {"length": 17.35}}, {"type": "Feature", "geometry": {"type": "LineString", "coordinates": [[13.243255461342567, 52.65763723715156], [13.2432206759449, 52.657834616587635]]}, "properties": {"length": 22.1}}, {"type": "Feature", "geometry": {"type": "LineString", "coordinates": [[13.24321499002447, 52.65786687951555], [13.243153182019782, 52.65821758657089]]}, "properties": {"length": 39.27}}, {"type": "Feature", "geometry": {"type": "LineString", "coordinates": [[13.243122009253957, 52.658394463292154], [13.24311796481653, 52.65841741165892]]}, "properties": {"length": 2.57}}, {"type": "Feature", "geometry": {"type": "LineString", "coordinates": [[13.243104396750608, 52.65849439748355], [13.24309219800389, 52.658562707551]]}, "properties": {"length": 7.65}}, {"type": "Feature", "geometry": {"type": "LineString", "coordinates": [[13.242173051319032, 52.65792131693683], [13.242189660755116, 52.65794045559555]]}, "properties": {"length": 2.41}}, {"type": "Feature", "geometry": {"type": "LineString", "coordinates": [[13.242246047386203, 52.65800542842346], [13.242499699415355, 52.65828341719248]]}, "properties": {"length": 35.4}}, {"type": "Feature", "geometry": {"type": "LineString", "coordinates": [[13.242527925387746, 52.65830934147631], [13.242608170084434, 52.65838304240313]]}, "properties": {"length": 9.84}}, {"type": "Feature", "geometry": {"type": "LineString", "coordinates": [[13.257155727325964, 52.65754139554939], [13.256513023081343, 52.65754162563833]]}, "properties": {"length": 43.52}}, {"type": "Feature", "geometry": {"type": "LineString", "coordinates": [[13.256312946175468, 52.65771492959979], [13.25684494099163, 52.65811108391945]]}, "properties": {"length": 56.95}}, {"type": "Feature", "geometry": {"type": "LineString", "coordinates": [[13.253309571258468, 52.658126797735996], [13.253216939718225, 52.65783798143893]]}, "properties": {"length": 32.77}}, {"type": "Feature", "geometry": {"type": "LineString", "coordinates": [[13.256177355865029, 52.65781808277124], [13.256274364989112, 52.65788833617295]]}, "properties": {"length": 10.21}}, {"type": "Feature", "geometry": {"type": "LineString", "coordinates": [[13.256517544345058, 52.658100391770525], [13.256591548774205, 52.658170183163456]]}, "properties": {"length": 9.25}}, {"type": "Feature", "geometry": {"type": "LineString", "coordinates": [[13.256758686389848, 52.658332085128144], [13.256844353018108, 52.65841537618447]]}, "properties": {"length": 10.94}}, {"type": "Feature", "geometry": {"type": "LineString", "coordinates": [[13.256855596196818, 52.65842630250233], [13.256923199103115, 52.6584919235447]]}, "properties": {"length": 8.62}}, {"type": "Feature", "geometry": {"type": "LineString", "coordinates": [[13.250935507723991, 52.65878861517655], [13.250802332369593, 52.65845474794686]]}, "properties": {"length": 38.25}}, {"type": "Feature", "geometry": {"type": "LineString", "coordinates": [[13.253131352736368, 52.657814875177884], [13.253229432037847, 52.65817552419256]]}, "properties": {"length": 40.7}}, {"type": "Feature", "geometry": {"type": "LineString", "coordinates": [[13.276892473835614, 52.66191258485333], [13.276971022734248, 52.66191463199746]]}, "properties": {"length": 5.32}}, {"type": "Feature", "geometry": {"type": "LineString", "coordinates": [[13.276682510464598, 52.662188253898975], [13.277020734918324, 52.66212257621364]]}, "properties": {"length": 24.04}}, {"type": "Feature", "geometry": {"type": "LineString", "coordinates": [[13.276629774200426, 52.66217493422676], [13.276639728133102, 52.66202402660417]]}, "properties": {"length": 16.82}}, {"type": "Feature", "geometry": {"type": "LineString", "coordinates": [[13.277114563003716, 52.659814780806556], [13.277352070478198, 52.66045201036869]]}, "properties": {"length": 72.75}}, {"type": "Feature", "geometry": {"type": "LineString", "coordinates": [[13.277346227405081, 52.66052864446631], [13.277341036232581, 52.660596269473835]]}, "properties": {"length": 7.54}}, {"type": "Feature", "geometry": {"type": "LineString", "coordinates": [[13.277337476454168, 52.66064248538013], [13.277284950074522, 52.661324417877374]]}, "properties": {"length": 76.02}}, {"type": "Feature", "geometry": {"type": "LineString", "coordinates": [[13.280342402184843, 52.65997299100225], [13.280342716021766, 52.65997343363175]]}, "properties": {"length": 0.05}}, {"type": "Feature", "geometry": {"type": "LineString", "coordinates": [[13.280915208558257, 52.65967997930585], [13.281113622997237, 52.65962693839499]]}, "properties": {"length": 14.67}}, {"type": "Feature", "geometry": {"type": "LineString", "coordinates": [[13.276555405838508, 52.66191490791396], [13.276589898914466, 52.66138307162675]]}, "properties": {"length": 59.27}}, {"type": "Feature", "geometry": {"type": "LineString", "coordinates": [[13.27659248195273, 52.66134324439772], [13.276634174539238, 52.66070039102885]]}, "properties": {"length": 71.64}}, {"type": "Feature", "geometry": {"type": "LineString", "coordinates": [[13.253715692888733, 52.67978651004585], [13.253690735793104, 52.6797955379007]]}, "properties": {"length": 1.97}}, {"type": "Feature", "geometry": {"type": "LineString", "coordinates": [[13.253337607457953, 52.679923275827484], [13.252774100896026, 52.68012711068162]]}, "properties": {"length": 44.38}}, {"type": "Feature", "geometry": {"type": "LineString", "coordinates": [[13.252572332418081, 52.680200094444764], [13.252547330645488, 52.68020878978642]]}, "properties": {"length": 1.95}}, {"type": "Feature", "geometry": {"type": "LineString", "coordinates": [[13.251714353446797, 52.67946429931404], [13.251824971517543, 52.679578182443365]]}, "properties": {"length": 14.73}}, {"type": "Feature", "geometry": {"type": "LineString", "coordinates": [[13.251851928063669, 52.67960593454306], [13.251978758808717, 52.67973650779816]]}, "properties": {"length": 16.88}}, {"type": "Feature", "geometry": {"type": "LineString", "coordinates": [[13.251983517774544, 52.67974140717266], [13.252045860046806, 52.679805601246116]]}, "properties": {"length": 8.3}}, {"type": "Feature", "geometry": {"type": "LineString", "coordinates": [[13.258068907883395, 52.680405568542795], [13.258510413473433, 52.68011280343984]]}, "properties": {"length": 44.22}}, {"type": "Feature", "geometry": {"type": "LineString", "coordinates": [[13.25864967743956, 52.68001628397812], [13.25882711135327, 52.67989330929437]]}, "properties": {"length": 18.21}}, {"type": "Feature", "geometry": {"type": "LineString", "coordinates": [[13.295504937949904, 52.67629407003795], [13.295660997881699, 52.67630395162482]]}, "properties": {"length": 10.62}}, {"type": "Feature", "geometry": {"type": "LineString", "coordinates": [[13.305740062500762, 52.66805407876168], [13.305728105310918, 52.66794601611823]]}, "properties": {"length": 12.06}}, {"type": "Feature", "geometry": {"type": "LineString", "coordinates": [[13.305758809163024, 52.668077345967745], [13.305899225428176, 52.66810325288841]]}, "properties": {"length": 9.93}}, {"type": "Feature", "geometry": {"type": "LineString", "coordinates": [[13.304680010268726, 52.66843451998443], [13.304496562029309, 52.6678367693043]]}, "properties": {"length": 67.71}}, {"type": "Feature", "geometry": {"type": "LineString", "coordinates": [[13.298991407565607, 52.6620003930938], [13.299434412782114, 52.66215822799684]]}, "properties": {"length": 34.76}}, {"type": "Feature", "geometry": {"type": "LineString", "coordinates": [[13.287792206641786, 52.67913224707348], [13.287779931534665, 52.67909544458386]]}, "properties": {"length": 4.18}}, {"type": "Feature", "geometry": {"type": "LineString", "coordinates": [[13.28773077353528, 52.67894806132908], [13.28600575226102, 52.67646784855968]]}, "properties": {"length": 299.84}}, {"type": "Feature", "geometry": {"type": "LineString", "coordinates": [[13.285338611648589, 52.67598774622771], [13.284840021173075, 52.67568237071129]]}, "properties": {"length": 47.91}}, {"type": "Feature", "geometry": {"type": "LineString", "coordinates": [[13.283522964406668, 52.675069136379726], [13.28214850737344, 52.67463893649342]]}, "properties": {"length": 104.64}}, {"type": "Feature", "geometry": {"type": "LineString", "coordinates": [[13.281834129188423, 52.67456428216965], [13.280572534706426, 52.674292380730165]]}, "properties": {"length": 90.6}}, {"type": "Feature", "geometry": {"type": "LineString", "coordinates": [[13.288495971082844, 52.680898677606365], [13.288234716674468, 52.67841806709319]]}, "properties": {"length": 276.78}}, {"type": "Feature", "geometry": {"type": "LineString", "coordinates": [[13.28823098089913, 52.67838037291407], [13.288135837371204, 52.67741861016012]]}, "properties": {"length": 107.29}}, {"type": "Feature", "geometry": {"type": "LineString", "coordinates": [[13.288107339909564, 52.677097323314094], [13.2873746298004, 52.67011029517763]]}, "properties": {"length": 779.59}}, {"type": "Feature", "geometry": {"type": "LineString", "coordinates": [[13.287309844354201, 52.66949272854644], [13.287119714059797, 52.667552044270714]]}, "properties": {"length": 216.48}}, {"type": "Feature", "geometry": {"type": "LineString", "coordinates": [[13.286984562488161, 52.66893174224576], [13.28702587999836, 52.66922809866656]]}, "properties": {"length": 33.12}}, {"type": "Feature", "geometry": {"type": "LineString", "coordinates": [[13.287047198913706, 52.66937578960973], [13.287047835099504, 52.66938019689241]]}, "properties": {"length": 0.49}}, {"type": "Feature", "geometry": {"type": "LineString", "coordinates": [[13.287714560894743, 52.67458359850626], [13.28792750305187, 52.67683811683538]]}, "properties": {"length": 251.45}}, {"type": "Feature", "geometry": {"type": "LineString", "coordinates": [[13.287792360597496, 52.679092422643734], [13.287784268650533, 52.679156259107295]]}, "properties": {"length": 7.13}}, {"type": "Feature", "geometry": {"type": "LineString", "coordinates": [[13.295711142448212, 52.6745062427468], [13.29569084691825, 52.67451848810124]]}, "properties": {"length": 1.94}}, {"type": "Feature", "geometry": {"type": "LineString", "coordinates": [[13.29679128212142, 52.675032944260856], [13.296842027052389, 52.675000044222784]]}, "properties": {"length": 5.02}}, {"type": "Feature", "geometry": {"type": "LineString", "coordinates": [[13.293507173533605, 52.667143020944515], [13.293528262423896, 52.667141455708034]]}, "properties": {"length": 1.44}}, {"type": "Feature", "geometry": {"type": "LineString", "coordinates": [[13.293363180594696, 52.66715743098599], [13.293268808362175, 52.6671720863192]]}, "properties": {"length": 6.59}}, {"type": "Feature", "geometry": {"type": "LineString", "coordinates": [[13.292879595916977, 52.66641926365748], [13.293347002549245, 52.66636587385531]]}, "properties": {"length": 32.2}}, {"type": "Feature", "geometry": {"type": "LineString", "coordinates": [[13.293286739953919, 52.66739643732365], [13.293251754133475, 52.667277199601116]]}, "properties": {"length": 13.49}}, {"type": "Feature", "geometry": {"type": "LineString", "coordinates": [[13.260056517512197, 52.677927335546684], [13.25964985184417, 52.67807466844916]]}, "properties": {"length": 32.04}}, {"type": "Feature", "geometry": {"type": "LineString", "coordinates": [[13.259574672618237, 52.67810190524227], [13.259514220617245, 52.67812380642885]]}, "properties": {"length": 4.76}}, {"type": "Feature", "geometry": {"type": "LineString", "coordinates": [[13.258887422908257, 52.67782602312311], [13.258951824288049, 52.67788566656807]]}, "properties": {"length": 7.94}}, {"type": "Feature", "geometry": {"type": "LineString", "coordinates": [[13.30112400021512, 52.67869106771611], [13.301125878397105, 52.67871311442469]]}, "properties": {"length": 2.46}}, {"type": "Feature", "geometry": {"type": "LineString", "coordinates": [[13.301049622788746, 52.677931000770904], [13.301014170005494, 52.67762520507299]]}, "properties": {"length": 34.14}}, {"type": "Feature", "geometry": {"type": "LineString", "coordinates": [[13.303728729819777, 52.67837304476756], [13.303665725884912, 52.67806069897222]]}, "properties": {"length": 35.04}}, {"type": "Feature", "geometry": {"type": "LineString", "coordinates": [[13.28558934736664, 52.65662692404812], [13.285590826446816, 52.65664104088257]]}, "properties": {"length": 1.58}}, {"type": "Feature", "geometry": {"type": "LineString", "coordinates": [[13.285872866690834, 52.65995992295784], [13.285883243878136, 52.65985576599957]]}, "properties": {"length": 11.62}}, {"type": "Feature", "geometry": {"type": "LineString", "coordinates": [[13.285873511255016, 52.65995764698819], [13.285884399410438, 52.65985503727166]]}, "properties": {"length": 11.45}}, {"type": "Feature", "geometry": {"type": "LineString", "coordinates": [[13.28559334243901, 52.656624698287374], [13.285595476810268, 52.6566438901992]]}, "properties": {"length": 2.14}}, {"type": "Feature", "geometry": {"type": "LineString", "coordinates": [[13.30247060335444, 52.66507820181578], [13.30243174202611, 52.6650239704861]]}, "properties": {"length": 6.59}}, {"type": "Feature", "geometry": {"type": "LineString", "coordinates": [[13.302428964341257, 52.665020094196265], [13.302390508308273, 52.664966428297305]]}, "properties": {"length": 6.52}}, {"type": "Feature", "geometry": {"type": "LineString", "coordinates": [[13.305521416932052, 52.664611137165544], [13.305584348828353, 52.66465859801083]]}, "properties": {"length": 6.79}}, {"type": "Feature", "geometry": {"type": "LineString", "coordinates": [[13.284618986206826, 52.658531426937216], [13.284486181231804, 52.65725678641589]]}, "properties": {"length": 142.22}}, {"type": "Feature", "geometry": {"type": "LineString", "coordinates": [[13.277415759070673, 52.67352782046893], [13.276744596289634, 52.67339693069982]]}, "properties": {"length": 47.71}}, {"type": "Feature", "geometry": {"type": "LineString", "coordinates": [[13.2765684404845, 52.67336174127322], [13.276522795187775, 52.67335262297544]]}, "properties": {"length": 3.25}}, {"type": "Feature", "geometry": {"type": "LineString", "coordinates": [[13.261967451648616, 52.670509031295836], [13.262138042473484, 52.67054232521412]]}, "properties": {"length": 12.13}}, {"type": "Feature", "geometry": {"type": "LineString", "coordinates": [[13.27376906568645, 52.67281647685501], [13.274055253038222, 52.67287453128847]]}, "properties": {"length": 20.42}}, {"type": "Feature", "geometry": {"type": "LineString", "coordinates": [[13.253072590347182, 52.657797868792954], [13.253180389953135, 52.65818034367901]]}, "properties": {"length": 43.21}}, {"type": "Feature", "geometry": {"type": "LineString", "coordinates": [[13.252158684652066, 52.657973814991884], [13.252455458513523, 52.6582843384746]]}, "properties": {"length": 39.99}}, {"type": "Feature", "geometry": {"type": "LineString", "coordinates": [[13.250782765937917, 52.658473028215475], [13.250893065821103, 52.65878644604515]]}, "properties": {"length": 35.69}}, {"type": "Feature", "geometry": {"type": "LineString", "coordinates": [[13.253969141659276, 52.667677841235566], [13.254000507037796, 52.66771364428446]]}, "properties": {"length": 4.52}}, {"type": "Feature", "geometry": {"type": "LineString", "coordinates": [[13.25403948716472, 52.66775813934289], [13.254574571067268, 52.66836891637742]]}, "properties": {"length": 77.05}}, {"type": "Feature", "geometry": {"type": "LineString", "coordinates": [[13.254589713764824, 52.668386200871126], [13.254625532401066, 52.66842708566151]]}, "properties": {"length": 5.16}}, {"type": "Feature", "geometry": {"type": "LineString", "coordinates": [[13.254657452096108, 52.668463519971716], [13.254667397733675, 52.66847487227236]]}, "properties": {"length": 1.43}}, {"type": "Feature", "geometry": {"type": "LineString", "coordinates": [[13.255517463467255, 52.66944514137242], [13.255753022974844, 52.66971400108513]]}, "properties": {"length": 33.92}}, {"type": "Feature", "geometry": {"type": "LineString", "coordinates": [[13.256433838758797, 52.67037844650914], [13.25651415192665, 52.6704433744047]]}, "properties": {"length": 9.05}}, {"type": "Feature", "geometry": {"type": "LineString", "coordinates": [[13.256546347517537, 52.67046940234347], [13.257330048128237, 52.67110295819175]]}, "properties": {"length": 88.27}}, {"type": "Feature", "geometry": {"type": "LineString", "coordinates": [[13.258672790983303, 52.67218839615122], [13.258675599167006, 52.672190666138334]]}, "properties": {"length": 0.32}}, {"type": "Feature", "geometry": {"type": "LineString", "coordinates": [[13.259219772724878, 52.67263054137008], [13.25951059082266, 52.67286561539483]]}, "properties": {"length": 32.75}}, {"type": "Feature", "geometry": {"type": "LineString", "coordinates": [[13.303567202910001, 52.65071725544005], [13.303556675626808, 52.650730164481764]]}, "properties": {"length": 1.6}}, {"type": "Feature", "geometry": {"type": "LineString", "coordinates": [[13.257989163164636, 52.671245820710325], [13.258073026006729, 52.67121099513275]]}, "properties": {"length": 6.87}}, {"type": "Feature", "geometry": {"type": "LineString", "coordinates": [[13.258115936970203, 52.67122889440835], [13.25807561239925, 52.67125839706887]]}, "properties": {"length": 4.27}}, {"type": "Feature", "geometry": {"type": "LineString", "coordinates": [[13.271272409576081, 52.67281803680791], [13.273020707429563, 52.67328234892078]]}, "properties": {"length": 129.14}}, {"type": "Feature", "geometry": {"type": "LineString", "coordinates": [[13.272983440330957, 52.67326631803971], [13.27263885718261, 52.67298984869226]]}, "properties": {"length": 38.62}}, {"type": "Feature", "geometry": {"type": "LineString", "coordinates": [[13.287200493120912, 52.669457968496936], [13.287196221719613, 52.669397083665]]}, "properties": {"length": 6.79}}, {"type": "Feature", "geometry": {"type": "LineString", "coordinates": [[13.287105861433577, 52.66869072199131], [13.287060268532457, 52.669273184482414]]}, "properties": {"length": 64.93}}, {"type": "Feature", "geometry": {"type": "LineString", "coordinates": [[13.287069608816289, 52.66933638530826], [13.28707757348746, 52.669390277907844]]}, "properties": {"length": 6.03}}, {"type": "Feature", "geometry": {"type": "LineString", "coordinates": [[13.28707547832426, 52.669389567672134], [13.28706812929512, 52.669338986817024]]}, "properties": {"length": 5.65}}, {"type": "Feature", "geometry": {"type": "LineString", "coordinates": [[13.287058168741847, 52.669270431509226], [13.28690455935702, 52.668011087380755]]}, "properties": {"length": 140.61}}, {"type": "Feature", "geometry": {"type": "LineString", "coordinates": [[13.286898403779096, 52.66780271031446], [13.286941579423145, 52.667801558210066]]}, "properties": {"length": 2.93}}, {"type": "Feature", "geometry": {"type": "LineString", "coordinates": [[13.287034622790896, 52.66780790612979], [13.287125903576191, 52.668686058318684]]}, "properties": {"length": 97.98}}, {"type": "Feature", "geometry": {"type": "LineString", "coordinates": [[13.287186942090658, 52.66939802248774], [13.287192850879832, 52.66945289779755]]}, "properties": {"length": 6.12}}, {"type": "Feature", "geometry": {"type": "LineString", "coordinates": [[13.285122881620685, 52.661926969043485], [13.285166799432565, 52.661882483142925]]}, "properties": {"length": 5.78}}, {"type": "Feature", "geometry": {"type": "LineString", "coordinates": [[13.278214759051629, 52.6622676727128], [13.27819026797409, 52.662154144016995]]}, "properties": {"length": 12.75}}, {"type": "Feature", "geometry": {"type": "LineString", "coordinates": [[13.274158202892046, 52.66299477065058], [13.274176616929205, 52.66291980166462]]}, "properties": {"length": 8.44}}, {"type": "Feature", "geometry": {"type": "LineString", "coordinates": [[13.280349428327142, 52.66295448210676], [13.280330427112702, 52.663012282251906]]}, "properties": {"length": 6.56}}, {"type": "Feature", "geometry": {"type": "LineString", "coordinates": [[13.280331311459781, 52.663013244046226], [13.280382457023608, 52.66302939598617]]}, "properties": {"length": 3.9}}, {"type": "Feature", "geometry": {"type": "LineString", "coordinates": [[13.278780981279247, 52.66040926092545], [13.278828506856904, 52.66039528877649]]}, "properties": {"length": 3.57}}, {"type": "Feature", "geometry": {"type": "LineString", "coordinates": [[13.278490917976324, 52.660344879140645], [13.278287916975893, 52.66039003449287]]}, "properties": {"length": 14.64}}, {"type": "Feature", "geometry": {"type": "LineString", "coordinates": [[13.276119163671797, 52.66123641737515], [13.276276753390682, 52.66119108992949]]}, "properties": {"length": 11.8}}, {"type": "Feature", "geometry": {"type": "LineString", "coordinates": [[13.276303686406614, 52.66118334317064], [13.276381307564575, 52.6611610169034]]}, "properties": {"length": 5.81}}, {"type": "Feature", "geometry": {"type": "LineString", "coordinates": [[13.27636802276116, 52.66114019399615], [13.276281501321588, 52.6611464569114]]}, "properties": {"length": 5.9}}, {"type": "Feature", "geometry": {"type": "LineString", "coordinates": [[13.276207518978506, 52.661167736479115], [13.276134411855178, 52.66118876424212]]}, "properties": {"length": 5.48}}, {"type": "Feature", "geometry": {"type": "LineString", "coordinates": [[13.276063202920298, 52.66126835559785], [13.276092906881887, 52.66125556027575]]}, "properties": {"length": 2.46}}, {"type": "Feature", "geometry": {"type": "LineString", "coordinates": [[13.276000846056236, 52.66129521647295], [13.276037178426165, 52.66127956593348]]}, "properties": {"length": 3.01}}, {"type": "Feature", "geometry": {"type": "LineString", "coordinates": [[13.276370885130303, 52.661503996279215], [13.276331788954032, 52.66143899880589]]}, "properties": {"length": 7.71}}, {"type": "Feature", "geometry": {"type": "LineString", "coordinates": [[13.276143708832885, 52.66148160896541], [13.276173127442924, 52.6614688033756]]}, "properties": {"length": 2.45}}, {"type": "Feature", "geometry": {"type": "LineString", "coordinates": [[13.27603671129315, 52.66152818369057], [13.276045619488377, 52.66152430606793]]}, "properties": {"length": 0.74}}, {"type": "Feature", "geometry": {"type": "LineString", "coordinates": [[13.277846914875216, 52.66034267568847], [13.278027994801725, 52.66030665372733]]}, "properties": {"length": 12.9}}, {"type": "Feature", "geometry": {"type": "LineString", "coordinates": [[13.250633855966987, 52.65834123838628], [13.250873418284272, 52.658785441890075]]}, "properties": {"length": 52.05}}, {"type": "Feature", "geometry": {"type": "LineString", "coordinates": [[13.244213005915217, 52.65624132959468], [13.245795154325087, 52.6546324225352]]}, "properties": {"length": 208.74}}, {"type": "Feature", "geometry": {"type": "LineString", "coordinates": [[13.245795154324009, 52.654632422533915], [13.244213005917418, 52.65624132959524]]}, "properties": {"length": 208.74}}, {"type": "Feature", "geometry": {"type": "LineString", "coordinates": [[13.27703766348109, 52.65957262807912], [13.277041934761955, 52.65957123008147]]}, "properties": {"length": 0.33}}, {"type": "Feature", "geometry": {"type": "LineString", "coordinates": [[13.277830810908352, 52.65931325535838], [13.277912282603715, 52.65928668569426]]}, "properties": {"length": 6.26}}, {"type": "Feature", "geometry": {"type": "LineString", "coordinates": [[13.277984647279387, 52.65926308595116], [13.281046908874966, 52.65837292538585]]}, "properties": {"length": 229.81}}, {"type": "Feature", "geometry": {"type": "LineString", "coordinates": [[13.281051651734945, 52.65837192297462], [13.281440318033937, 52.65836571484468]]}, "properties": {"length": 26.33}}, {"type": "Feature", "geometry": {"type": "LineString", "coordinates": [[13.28144286420013, 52.658375181882924], [13.281505471244182, 52.65860796307013]]}, "properties": {"length": 26.26}}, {"type": "Feature", "geometry": {"type": "LineString", "coordinates": [[13.281367301176196, 52.65949398402995], [13.281409283187243, 52.659482982820016]]}, "properties": {"length": 3.1}}, {"type": "Feature", "geometry": {"type": "LineString", "coordinates": [[13.281272608368155, 52.65339274105963], [13.281258595462557, 52.65312614885744]]}, "properties": {"length": 29.7}}, {"type": "Feature", "geometry": {"type": "LineString", "coordinates": [[13.280349082425808, 52.657590060911176], [13.280222611518639, 52.657364676648484]]}, "properties": {"length": 26.52}}, {"type": "Feature", "geometry": {"type": "LineString", "coordinates": [[13.280227059604687, 52.65739565439612], [13.280231491924196, 52.65740271599039]]}, "properties": {"length": 0.84}}, {"type": "Feature", "geometry": {"type": "LineString", "coordinates": [[13.28027498471583, 52.657341285751066], [13.280324368550245, 52.6573192299186]]}, "properties": {"length": 4.15}}, {"type": "Feature", "geometry": {"type": "LineString", "coordinates": [[13.283408987174125, 52.66099478469918], [13.283453040869597, 52.66105462130511]]}, "properties": {"length": 7.3}}, {"type": "Feature", "geometry": {"type": "LineString", "coordinates": [[13.283474615945758, 52.66108392591376], [13.28358211612752, 52.66122993866561]]}, "properties": {"length": 17.81}}, {"type": "Feature", "geometry": {"type": "LineString", "coordinates": [[13.283610029702084, 52.66126785225859], [13.283624857054791, 52.661287991469216]]}, "properties": {"length": 2.46}}, {"type": "Feature", "geometry": {"type": "LineString", "coordinates": [[13.283655662920319, 52.66132749114557], [13.284051359369883, 52.66119159408908]]}, "properties": {"length": 30.77}}, {"type": "Feature", "geometry": {"type": "LineString", "coordinates": [[13.284267042701655, 52.66115014692142], [13.284494678249107, 52.661106402428224]]}, "properties": {"length": 16.16}}, {"type": "Feature", "geometry": {"type": "LineString", "coordinates": [[13.284531910507306, 52.661099247493254], [13.284943629572973, 52.66121379052595]]}, "properties": {"length": 30.65}}, {"type": "Feature", "geometry": {"type": "LineString", "coordinates": [[13.284967168217493, 52.661255792088305], [13.28521252369612, 52.66169230674247]]}, "properties": {"length": 51.37}}, {"type": "Feature", "geometry": {"type": "LineString", "coordinates": [[13.285228680936315, 52.66172104011389], [13.285298405157324, 52.6618450343168]]}, "properties": {"length": 14.59}}, {"type": "Feature", "geometry": {"type": "LineString", "coordinates": [[13.282256183377887, 52.66198219954291], [13.282047619508015, 52.66122967987944]]}, "properties": {"length": 84.97}}, {"type": "Feature", "geometry": {"type": "LineString", "coordinates": [[13.282093278526645, 52.661320953078175], [13.282086278777438, 52.66160050592592]]}, "properties": {"length": 31.13}}, {"type": "Feature", "geometry": {"type": "LineString", "coordinates": [[13.282074911931607, 52.66169528984041], [13.28206365273428, 52.661789059701896]]}, "properties": {"length": 10.47}}, {"type": "Feature", "geometry": {"type": "LineString", "coordinates": [[13.282051156113539, 52.66187175374992], [13.282042870796573, 52.661926580142755]]}, "properties": {"length": 6.13}}, {"type": "Feature", "geometry": {"type": "LineString", "coordinates": [[13.281194562471493, 52.66205920155455], [13.28117330050997, 52.66205794538636]]}, "properties": {"length": 1.45}}, {"type": "Feature", "geometry": {"type": "LineString", "coordinates": [[13.280795037057205, 52.662024229800586], [13.28091071749007, 52.66178294948392]]}, "properties": {"length": 27.98}}, {"type": "Feature", "geometry": {"type": "LineString", "coordinates": [[13.280971992550516, 52.66166566570325], [13.280946104256104, 52.66158811562167]]}, "properties": {"length": 8.81}}, {"type": "Feature", "geometry": {"type": "LineString", "coordinates": [[13.28106616006239, 52.66107482669464], [13.281826411108675, 52.66027663313729]]}, "properties": {"length": 102.71}}, {"type": "Feature", "geometry": {"type": "LineString", "coordinates": [[13.281805465495848, 52.66002111538315], [13.281804681562562, 52.660013933357455]]}, "properties": {"length": 0.8}}, {"type": "Feature", "geometry": {"type": "LineString", "coordinates": [[13.282396088732048, 52.658837412289074], [13.282391111009076, 52.658783759901894]]}, "properties": {"length": 5.98}}, {"type": "Feature", "geometry": {"type": "LineString", "coordinates": [[13.282605025509062, 52.66071896139744], [13.282560642465585, 52.66036172748564]]}, "properties": {"length": 39.89}}, {"type": "Feature", "geometry": {"type": "LineString", "coordinates": [[13.281934948062846, 52.660347202306724], [13.281950630290059, 52.660440620275565]]}, "properties": {"length": 10.46}}, {"type": "Feature", "geometry": {"type": "LineString", "coordinates": [[13.285762130269603, 52.66141500650588], [13.285773737571969, 52.66137988471878]]}, "properties": {"length": 3.99}}, {"type": "Feature", "geometry": {"type": "LineString", "coordinates": [[13.285631572111425, 52.66156777259989], [13.285653268822792, 52.66156073486252]]}, "properties": {"length": 1.66}}, {"type": "Feature", "geometry": {"type": "LineString", "coordinates": [[13.285608971857597, 52.66147870345184], [13.285565329534114, 52.66148130835703]]}, "properties": {"length": 2.97}}, {"type": "Feature", "geometry": {"type": "LineString", "coordinates": [[13.282911193407429, 52.661791401479704], [13.282864878063293, 52.66179073027454]]}, "properties": {"length": 3.14}}, {"type": "Feature", "geometry": {"type": "LineString", "coordinates": [[13.27632465838225, 52.65827803122828], [13.276346217309023, 52.65823961183947]]}, "properties": {"length": 4.52}}, {"type": "Feature", "geometry": {"type": "LineString", "coordinates": [[13.27616589407882, 52.65823408100814], [13.276140155489115, 52.65820375783355]]}, "properties": {"length": 3.8}}, {"type": "Feature", "geometry": {"type": "LineString", "coordinates": [[13.27610890404508, 52.65839686908824], [13.27615123180764, 52.658352658047654]]}, "properties": {"length": 5.7}}, {"type": "Feature", "geometry": {"type": "LineString", "coordinates": [[13.280395260835299, 52.65880029017016], [13.280470524652598, 52.658776813294516]]}, "properties": {"length": 5.73}}, {"type": "Feature", "geometry": {"type": "LineString", "coordinates": [[13.279548505861126, 52.65900608791985], [13.279558459045571, 52.65899153646633]]}, "properties": {"length": 1.75}}, {"type": "Feature", "geometry": {"type": "LineString", "coordinates": [[13.277718574942629, 52.659567131728956], [13.27771457174918, 52.65956665251739]]}, "properties": {"length": 0.28}}, {"type": "Feature", "geometry": {"type": "LineString", "coordinates": [[13.277488243068436, 52.6598086943801], [13.277600571390302, 52.6597984093141]]}, "properties": {"length": 7.69}}, {"type": "Feature", "geometry": {"type": "LineString", "coordinates": [[13.281128757419227, 52.65963659094238], [13.281163406118987, 52.65968480765256]]}, "properties": {"length": 5.86}}, {"type": "Feature", "geometry": {"type": "LineString", "coordinates": [[13.28125852955478, 52.659589578664566], [13.281173128884104, 52.659611556199685]]}, "properties": {"length": 6.28}}, {"type": "Feature", "geometry": {"type": "LineString", "coordinates": [[13.279301027072469, 52.657787011725254], [13.279283341017928, 52.65778810790452]]}, "properties": {"length": 1.2}}, {"type": "Feature", "geometry": {"type": "LineString", "coordinates": [[13.27803062135958, 52.65798785310058], [13.27796003195354, 52.65799409202379]]}, "properties": {"length": 4.83}}, {"type": "Feature", "geometry": {"type": "LineString", "coordinates": [[13.277589187927209, 52.65835548753999], [13.277640875605256, 52.65828363451436]]}, "properties": {"length": 8.73}}, {"type": "Feature", "geometry": {"type": "LineString", "coordinates": [[13.277065900521116, 52.65826656177565], [13.277039425723679, 52.65827028604354]]}, "properties": {"length": 1.84}}, {"type": "Feature", "geometry": {"type": "LineString", "coordinates": [[13.277113758062487, 52.65845592815511], [13.277231418551795, 52.65848645609762]]}, "properties": {"length": 8.66}}, {"type": "Feature", "geometry": {"type": "LineString", "coordinates": [[13.276666477719303, 52.658767681367145], [13.276580929504169, 52.65877947285194]]}, "properties": {"length": 5.94}}, {"type": "Feature", "geometry": {"type": "LineString", "coordinates": [[13.278056128729007, 52.658996778342654], [13.27807298220467, 52.65899143603488]]}, "properties": {"length": 1.29}}, {"type": "Feature", "geometry": {"type": "LineString", "coordinates": [[13.279157261510315, 52.658601476754434], [13.279153937271694, 52.65859324769073]]}, "properties": {"length": 0.94}}, {"type": "Feature", "geometry": {"type": "LineString", "coordinates": [[13.28101871616446, 52.6581598323298], [13.280878665413889, 52.65817153084157]]}, "properties": {"length": 9.57}}, {"type": "Feature", "geometry": {"type": "LineString", "coordinates": [[13.2802263275752, 52.65823421086973], [13.280187146615297, 52.65823575753843]]}, "properties": {"length": 2.66}}, {"type": "Feature", "geometry": {"type": "LineString", "coordinates": [[13.275904095710343, 52.66101486036653], [13.275918203524322, 52.66100503606338]]}, "properties": {"length": 1.45}}, {"type": "Feature", "geometry": {"type": "LineString", "coordinates": [[13.27591063546621, 52.66099648432504], [13.275885826991832, 52.66096845126956]]}, "properties": {"length": 3.54}}, {"type": "Feature", "geometry": {"type": "LineString", "coordinates": [[13.276400589195621, 52.6619335754008], [13.276439733264183, 52.66190595155891]]}, "properties": {"length": 4.06}}, {"type": "Feature", "geometry": {"type": "LineString", "coordinates": [[13.273377622877787, 52.66133700515604], [13.273476497075663, 52.66134863117626]]}, "properties": {"length": 6.82}}, {"type": "Feature", "geometry": {"type": "LineString", "coordinates": [[13.273204845586955, 52.66142887065175], [13.27331056247549, 52.66141756387312]]}, "properties": {"length": 7.27}}, {"type": "Feature", "geometry": {"type": "LineString", "coordinates": [[13.247783298657614, 52.660615827788085], [13.24766273461437, 52.66047818054614]]}, "properties": {"length": 17.36}}, {"type": "Feature", "geometry": {"type": "LineString", "coordinates": [[13.247616674954331, 52.66042559423847], [13.247418189665247, 52.660198981894865]]}, "properties": {"length": 28.59}}, {"type": "Feature", "geometry": {"type": "LineString", "coordinates": [[13.247388443723715, 52.66016502046032], [13.24729342180673, 52.66005653194346]]}, "properties": {"length": 13.69}}, {"type": "Feature", "geometry": {"type": "LineString", "coordinates": [[13.246458334006412, 52.659103067220585], [13.245447188263759, 52.657948521671614]]}, "properties": {"length": 145.65}}, {"type": "Feature", "geometry": {"type": "LineString", "coordinates": [[13.24482210375149, 52.65623239193133], [13.244644913920792, 52.655336758960445]]}, "properties": {"length": 100.45}}, {"type": "Feature", "geometry": {"type": "LineString", "coordinates": [[13.244601309754755, 52.65511634857371], [13.244590338110752, 52.65506088869169]]}, "properties": {"length": 6.22}}, {"type": "Feature", "geometry": {"type": "LineString", "coordinates": [[13.2850028249366, 52.65363954844502], [13.284955215646498, 52.65324379607834]]}, "properties": {"length": 44.18}}, {"type": "Feature", "geometry": {"type": "LineString", "coordinates": [[13.284938787546407, 52.65310723538142], [13.284938503717742, 52.65310487600979]]}, "properties": {"length": 0.26}}, {"type": "Feature", "geometry": {"type": "LineString", "coordinates": [[13.28440262511399, 52.65714342425358], [13.28438334025926, 52.65713858741995]]}, "properties": {"length": 1.41}}, {"type": "Feature", "geometry": {"type": "LineString", "coordinates": [[13.284231984947176, 52.657144240157514], [13.284236466416564, 52.65717974543538]]}, "properties": {"length": 3.97}}, {"type": "Feature", "geometry": {"type": "LineString", "coordinates": [[13.282392912435096, 52.65666946096771], [13.282375454877043, 52.656526388111246]]}, "properties": {"length": 15.97}}, {"type": "Feature", "geometry": {"type": "LineString", "coordinates": [[13.282372840746069, 52.65650496398491], [13.282363558990394, 52.6564288950895]]}, "properties": {"length": 8.49}}, {"type": "Feature", "geometry": {"type": "LineString", "coordinates": [[13.282360681531422, 52.65640531272518], [13.28232519400312, 52.65611447025371]]}, "properties": {"length": 32.47}}, {"type": "Feature", "geometry": {"type": "LineString", "coordinates": [[13.282320908201251, 52.6560793451046], [13.282309180465983, 52.655983227739625]]}, "properties": {"length": 10.73}}, {"type": "Feature", "geometry": {"type": "LineString", "coordinates": [[13.282961573685537, 52.65993294720631], [13.282943292229765, 52.65974670473187]]}, "properties": {"length": 20.77}}, {"type": "Feature", "geometry": {"type": "LineString", "coordinates": [[13.282937443269393, 52.65968711796836], [13.282930500340337, 52.65961638603617]]}, "properties": {"length": 7.89}}, {"type": "Feature", "geometry": {"type": "LineString", "coordinates": [[13.264017490148326, 52.65240675202739], [13.263982621544207, 52.65241448909264]]}, "properties": {"length": 2.51}}, {"type": "Feature", "geometry": {"type": "LineString", "coordinates": [[13.257081102440088, 52.658283582032645], [13.256263671880758, 52.657683295319295]]}, "properties": {"length": 86.78}}, {"type": "Feature", "geometry": {"type": "LineString", "coordinates": [[13.265647579668613, 52.66784928996395], [13.26559164186978, 52.667861378034445]]}, "properties": {"length": 4.02}}, {"type": "Feature", "geometry": {"type": "LineString", "coordinates": [[13.264831499992157, 52.66794150562783], [13.264461936278519, 52.66793265355561]]}, "properties": {"length": 25.04}}, {"type": "Feature", "geometry": {"type": "LineString", "coordinates": [[13.263614809652328, 52.66797845659279], [13.263413809888625, 52.6679992246048]]}, "properties": {"length": 13.8}}, {"type": "Feature", "geometry": {"type": "LineString", "coordinates": [[13.262582277445757, 52.66806185681767], [13.262354564958821, 52.66806458689041]]}, "properties": {"length": 15.42}}, {"type": "Feature", "geometry": {"type": "LineString", "coordinates": [[13.262274924372644, 52.66806554160761], [13.262195349821397, 52.66768828172193]]}, "properties": {"length": 42.35}}, {"type": "Feature", "geometry": {"type": "LineString", "coordinates": [[13.271408465909152, 52.65424714778432], [13.271685117084477, 52.654228968686475]]}, "properties": {"length": 18.84}}, {"type": "Feature", "geometry": {"type": "LineString", "coordinates": [[13.27686293917448, 52.67336193060142], [13.27687608645565, 52.673364604164476]]}, "properties": {"length": 0.94}}, {"type": "Feature", "geometry": {"type": "LineString", "coordinates": [[13.277165198730255, 52.67342339608349], [13.277227409888416, 52.67343604681004]]}, "properties": {"length": 4.44}}, {"type": "Feature", "geometry": {"type": "LineString", "coordinates": [[13.277502741075661, 52.673492035308335], [13.277542609141838, 52.67350014239958]]}, "properties": {"length": 2.85}}, {"type": "Feature", "geometry": {"type": "LineString", "coordinates": [[13.279388319409925, 52.6738536629485], [13.279416366255033, 52.673858583141836]]}, "properties": {"length": 1.98}}, {"type": "Feature", "geometry": {"type": "LineString", "coordinates": [[13.277901697689886, 52.657402861540845], [13.277818974210808, 52.65742224599975]]}, "properties": {"length": 6.0}}, {"type": "Feature", "geometry": {"type": "LineString", "coordinates": [[13.27772687914853, 52.65744382639929], [13.277700540948283, 52.657449998145225]]}, "properties": {"length": 1.91}}, {"type": "Feature", "geometry": {"type": "LineString", "coordinates": [[13.282434888941422, 52.66388481128712], [13.282655331976077, 52.66381260307938]]}, "properties": {"length": 16.95}}, {"type": "Feature", "geometry": {"type": "LineString", "coordinates": [[13.282280970709529, 52.66394786342738], [13.282419913293111, 52.66389094602958]]}, "properties": {"length": 11.34}}, {"type": "Feature", "geometry": {"type": "LineString", "coordinates": [[13.28106186156738, 52.66399201608601], [13.281121805876646, 52.66397183129239]]}, "properties": {"length": 4.64}}, {"type": "Feature", "geometry": {"type": "LineString", "coordinates": [[13.28134109625878, 52.66389683748743], [13.28116377115386, 52.66394743622187]]}, "properties": {"length": 13.26}}, {"type": "Feature", "geometry": {"type": "LineString", "coordinates": [[13.28132973012891, 52.664034019139386], [13.281390307399151, 52.66401360359916]]}, "properties": {"length": 4.69}}, {"type": "Feature", "geometry": {"type": "LineString", "coordinates": [[13.298621258545213, 52.65158615078159], [13.298795067670097, 52.65140160369178]]}, "properties": {"length": 23.68}}, {"type": "Feature", "geometry": {"type": "LineString", "coordinates": [[13.30221723294281, 52.651335472726565], [13.302343592900101, 52.651163653703925]]}, "properties": {"length": 20.96}}, {"type": "Feature", "geometry": {"type": "LineString", "coordinates": [[13.281643621238176, 52.663545503997724], [13.280385922267982, 52.66214885236991]]}, "properties": {"length": 177.3}}, {"type": "Feature", "geometry": {"type": "LineString", "coordinates": [[13.287177866781962, 52.669442955714096], [13.287476261500105, 52.66937091642554]]}, "properties": {"length": 21.73}}, {"type": "Feature", "geometry": {"type": "LineString", "coordinates": [[13.263908474105248, 52.67841162384506], [13.264682851742727, 52.678431871514924]]}, "properties": {"length": 52.46}}, {"type": "Feature", "geometry": {"type": "LineString", "coordinates": [[13.287741265152844, 52.679123127168324], [13.287743884431858, 52.67910420888774]]}, "properties": {"length": 2.11}}, {"type": "Feature", "geometry": {"type": "LineString", "coordinates": [[13.287794956498413, 52.67589991808722], [13.28778429282991, 52.67579775183764]]}, "properties": {"length": 11.4}}, {"type": "Feature", "geometry": {"type": "LineString", "coordinates": [[13.285745568013542, 52.65524445364451], [13.285752713028959, 52.655312940888315]]}, "properties": {"length": 7.64}}, {"type": "Feature", "geometry": {"type": "LineString", "coordinates": [[13.256376770465694, 52.65737157754233], [13.256728610503988, 52.657379158223335]]}, "properties": {"length": 23.84}}, {"type": "Feature", "geometry": {"type": "LineString", "coordinates": [[13.277639207555586, 52.67130502191175], [13.277638028526876, 52.6713172643542]]}, "properties": {"length": 1.37}}, {"type": "Feature", "geometry": {"type": "LineString", "coordinates": [[13.277639138110416, 52.67131851533287], [13.277655295658963, 52.67136711858687]]}, "properties": {"length": 5.52}}, {"type": "Feature", "geometry": {"type": "LineString", "coordinates": [[13.27756984431735, 52.67127838949387], [13.277578891098258, 52.6712754200372]]}, "properties": {"length": 0.7}}, {"type": "Feature", "geometry": {"type": "LineString", "coordinates": [[13.287121418979558, 52.66940550203382], [13.287121328167704, 52.66940466068396]]}, "properties": {"length": 0.09}}, {"type": "Feature", "geometry": {"type": "LineString", "coordinates": [[13.287049433517664, 52.66873856124225], [13.286949308939858, 52.66781087035264]]}, "properties": {"length": 103.52}}, {"type": "Feature", "geometry": {"type": "LineString", "coordinates": [[13.28694496126849, 52.66777058645263], [13.286930072145688, 52.66763262868452]]}, "properties": {"length": 15.39}}, {"type": "Feature", "geometry": {"type": "LineString", "coordinates": [[13.302234347955798, 52.65147182680811], [13.302185380548485, 52.651448718158036]]}, "properties": {"length": 4.2}}, {"type": "Feature", "geometry": {"type": "LineString", "coordinates": [[13.27989685490947, 52.6602527252488], [13.279812477542269, 52.660133712373096]]}, "properties": {"length": 14.43}}, {"type": "Feature", "geometry": {"type": "LineString", "coordinates": [[13.27804349587843, 52.66115836741734], [13.277994704674565, 52.6610889102137]]}, "properties": {"length": 8.41}}, {"type": "Feature", "geometry": {"type": "LineString", "coordinates": [[13.277913217307821, 52.66097290750039], [13.277927212599455, 52.66094897920328]]}, "properties": {"length": 2.83}}, {"type": "Feature", "geometry": {"type": "LineString", "coordinates": [[13.25808806117734, 52.670096931860705], [13.258093456853684, 52.67006892325394]]}, "properties": {"length": 3.14}}, {"type": "Feature", "geometry": {"type": "LineString", "coordinates": [[13.278421868922816, 52.67199193818773], [13.278512319462223, 52.672028098109244]]}, "properties": {"length": 7.33}}, {"type": "Feature", "geometry": {"type": "LineString", "coordinates": [[13.278738221337228, 52.67211840760009], [13.278792711782001, 52.67214019129095]]}, "properties": {"length": 4.41}}, {"type": "Feature", "geometry": {"type": "LineString", "coordinates": [[13.279432728619822, 52.673826154280455], [13.279429170415199, 52.673825514969764]]}, "properties": {"length": 0.25}}, {"type": "Feature", "geometry": {"type": "LineString", "coordinates": [[13.27886320282399, 52.65522031702484], [13.278929112476012, 52.65521231566826]]}, "properties": {"length": 4.55}}, {"type": "Feature", "geometry": {"type": "LineString", "coordinates": [[13.27908782322534, 52.65519304820261], [13.282206903645058, 52.65498948272009]]}, "properties": {"length": 212.42}}, {"type": "Feature", "geometry": {"type": "LineString", "coordinates": [[13.28203660291712, 52.657752942541165], [13.282009436466886, 52.65758952465273]]}, "properties": {"length": 18.29}}, {"type": "Feature", "geometry": {"type": "LineString", "coordinates": [[13.282006573967584, 52.657572305403676], [13.281956314654433, 52.65726996992579]]}, "properties": {"length": 33.84}}, {"type": "Feature", "geometry": {"type": "LineString", "coordinates": [[13.282438037482914, 52.66038194583762], [13.28243688365504, 52.6603742644852]]}, "properties": {"length": 0.86}}, {"type": "Feature", "geometry": {"type": "LineString", "coordinates": [[13.282428279022609, 52.660316980956786], [13.282422493935314, 52.660278467855335]]}, "properties": {"length": 4.31}}, {"type": "Feature", "geometry": {"type": "LineString", "coordinates": [[13.30298928591015, 52.650962408706654], [13.303324184798647, 52.65052601686176]]}, "properties": {"length": 53.62}}, {"type": "Feature", "geometry": {"type": "LineString", "coordinates": [[13.305271013398164, 52.658570412020424], [13.305271398290968, 52.65857036296543]]}, "properties": {"length": 0.03}}, {"type": "Feature", "geometry": {"type": "LineString", "coordinates": [[13.30543618576051, 52.65847086203815], [13.305813713771647, 52.65824290294533]]}, "properties": {"length": 36.02}}, {"type": "Feature", "geometry": {"type": "LineString", "coordinates": [[13.305957420456211, 52.65815612900566], [13.306127234971772, 52.65805358980357]]}, "properties": {"length": 16.2}}, {"type": "Feature", "geometry": {"type": "LineString", "coordinates": [[13.306271004927712, 52.657966776551625], [13.306415183982296, 52.65787971575565]]}, "properties": {"length": 13.76}}, {"type": "Feature", "geometry": {"type": "LineString", "coordinates": [[13.306648613581954, 52.65782068296151], [13.306673100062065, 52.65781813814085]]}, "properties": {"length": 1.68}}, {"type": "Feature", "geometry": {"type": "LineString", "coordinates": [[13.307673488644083, 52.65718783216994], [13.305502333853095, 52.65711225669551]]}, "properties": {"length": 147.25}}, {"type": "Feature", "geometry": {"type": "LineString", "coordinates": [[13.305830396808673, 52.657359552876926], [13.305828229595134, 52.657383899452554]]}, "properties": {"length": 2.71}}, {"type": "Feature", "geometry": {"type": "LineString", "coordinates": [[13.305778572062037, 52.65746087366239], [13.305539576478786, 52.65799165729115]]}, "properties": {"length": 61.28}}, {"type": "Feature", "geometry": {"type": "LineString", "coordinates": [[13.30561667442355, 52.65805338650861], [13.305206587749339, 52.65835252567452]]}, "properties": {"length": 43.36}}, {"type": "Feature", "geometry": {"type": "LineString", "coordinates": [[13.30520757560265, 52.65837158626297], [13.305203398099993, 52.658429425539076]]}, "properties": {"length": 6.45}}, {"type": "Feature", "geometry": {"type": "LineString", "coordinates": [[13.302796874145557, 52.65804383516234], [13.304913375454486, 52.658377839986194]]}, "properties": {"length": 148.05}}, {"type": "Feature", "geometry": {"type": "LineString", "coordinates": [[13.259498048517818, 52.679375859365265], [13.259304335348794, 52.679334511443436]]}, "properties": {"length": 13.89}}, {"type": "Feature", "geometry": {"type": "LineString", "coordinates": [[13.258698365098843, 52.67934642036507], [13.258626994565605, 52.67935365305412]]}, "properties": {"length": 4.9}}, {"type": "Feature", "geometry": {"type": "LineString", "coordinates": [[13.243259515923036, 52.65840915889946], [13.243339073193793, 52.657861386972264]]}, "properties": {"length": 61.23}}, {"type": "Feature", "geometry": {"type": "LineString", "coordinates": [[13.243353079563171, 52.65776494842475], [13.243424243324366, 52.65727495674762]]}, "properties": {"length": 54.77}}, {"type": "Feature", "geometry": {"type": "LineString", "coordinates": [[13.243443717204057, 52.65714086954824], [13.24348600867161, 52.6568496697839]]}, "properties": {"length": 32.55}}, {"type": "Feature", "geometry": {"type": "LineString", "coordinates": [[13.258782594853198, 52.67949548181814], [13.258792566725225, 52.679500737480694]]}, "properties": {"length": 0.89}}, {"type": "Feature", "geometry": {"type": "LineString", "coordinates": [[13.257826943929919, 52.67884540940659], [13.257874112400616, 52.67888656709757]]}, "properties": {"length": 5.59}}, {"type": "Feature", "geometry": {"type": "LineString", "coordinates": [[13.25792494768457, 52.67893092422066], [13.258388947342631, 52.679287964982066]]}, "properties": {"length": 50.66}}, {"type": "Feature", "geometry": {"type": "LineString", "coordinates": [[13.25841686366676, 52.6793026870165], [13.258440527768913, 52.679315166573495]]}, "properties": {"length": 2.12}}, {"type": "Feature", "geometry": {"type": "LineString", "coordinates": [[13.257638856985743, 52.67882758725654], [13.25763474007744, 52.67882903324035]]}, "properties": {"length": 0.32}}, {"type": "Feature", "geometry": {"type": "LineString", "coordinates": [[13.257574027337903, 52.678850357379474], [13.257510047901977, 52.678872828825185]]}, "properties": {"length": 5.0}}, {"type": "Feature", "geometry": {"type": "LineString", "coordinates": [[13.28125260648919, 52.664096548093], [13.281511200851929, 52.66401314500476]]}, "properties": {"length": 19.82}}, {"type": "Feature", "geometry": {"type": "LineString", "coordinates": [[13.281594453082398, 52.66398636105866], [13.281654303415923, 52.66396698650058]]}, "properties": {"length": 4.59}}, {"type": "Feature", "geometry": {"type": "LineString", "coordinates": [[13.258630225031398, 52.67105697476201], [13.257839452695288, 52.670708856060024]]}, "properties": {"length": 66.09}}, {"type": "Feature", "geometry": {"type": "LineString", "coordinates": [[13.257834950398045, 52.67074057832182], [13.257938208899736, 52.67092163053707]]}, "properties": {"length": 21.34}}, {"type": "Feature", "geometry": {"type": "LineString", "coordinates": [[13.259171380505949, 52.67304956961202], [13.259109014609729, 52.67304233808055]]}, "properties": {"length": 4.3}}, {"type": "Feature", "geometry": {"type": "LineString", "coordinates": [[13.256204458711315, 52.65781117550077], [13.256243757373374, 52.657843856006984]]}, "properties": {"length": 4.51}}, {"type": "Feature", "geometry": {"type": "LineString", "coordinates": [[13.256248640558727, 52.657847916827], [13.256291870136566, 52.65788386617426]]}, "properties": {"length": 4.96}}, {"type": "Feature", "geometry": {"type": "LineString", "coordinates": [[13.256962043606238, 52.658447516313075], [13.25697781154783, 52.6584646833272]]}, "properties": {"length": 2.19}}, {"type": "Feature", "geometry": {"type": "LineString", "coordinates": [[13.248039269321396, 52.6765329308326], [13.248368044744579, 52.67705510594743]]}, "properties": {"length": 62.26}}, {"type": "Feature", "geometry": {"type": "LineString", "coordinates": [[13.24953232224596, 52.677289905575925], [13.249583637507087, 52.67727365026983]]}, "properties": {"length": 3.92}}, {"type": "Feature", "geometry": {"type": "LineString", "coordinates": [[13.250120271554021, 52.675443706300825], [13.250095141794146, 52.6752048064713]]}, "properties": {"length": 26.66}}, {"type": "Feature", "geometry": {"type": "LineString", "coordinates": [[13.27138699287767, 52.665724868318236], [13.271353999709026, 52.66568729352211]]}, "properties": {"length": 4.74}}, {"type": "Feature", "geometry": {"type": "LineString", "coordinates": [[13.27135351333831, 52.665686739610486], [13.27097414524588, 52.66513300516049]]}, "properties": {"length": 66.79}}, {"type": "Feature", "geometry": {"type": "LineString", "coordinates": [[13.276322604834341, 52.67126741986708], [13.278310604951661, 52.6713915789388]]}, "properties": {"length": 135.27}}, {"type": "Feature", "geometry": {"type": "LineString", "coordinates": [[13.278244188037993, 52.671331567021845], [13.278178205622043, 52.67125919387021]]}, "properties": {"length": 9.21}}, {"type": "Feature", "geometry": {"type": "LineString", "coordinates": [[13.28035742349151, 52.6643258967333], [13.280510466514329, 52.66388452591843]]}, "properties": {"length": 50.23}}, {"type": "Feature", "geometry": {"type": "LineString", "coordinates": [[13.280515175460781, 52.663882852458336], [13.280871120350765, 52.66387362133863]]}, "properties": {"length": 24.12}}, {"type": "Feature", "geometry": {"type": "LineString", "coordinates": [[13.281396531375467, 52.66435710015048], [13.281742486505602, 52.66432085402904]]}, "properties": {"length": 23.77}}, {"type": "Feature", "geometry": {"type": "LineString", "coordinates": [[13.274058350071737, 52.6707744317392], [13.273818676383392, 52.6708605088373]]}, "properties": {"length": 18.84}}, {"type": "Feature", "geometry": {"type": "LineString", "coordinates": [[13.273798812258573, 52.67086765081645], [13.274516430734167, 52.67117592643354]]}, "properties": {"length": 59.48}}, {"type": "Feature", "geometry": {"type": "LineString", "coordinates": [[13.274573968040237, 52.67120648062245], [13.274118336701655, 52.67178314539622]]}, "properties": {"length": 71.23}}, {"type": "Feature", "geometry": {"type": "LineString", "coordinates": [[13.274068814680497, 52.6717144318447], [13.273873438688828, 52.67158908629659]]}, "properties": {"length": 19.23}}, {"type": "Feature", "geometry": {"type": "LineString", "coordinates": [[13.273811955865567, 52.671553119219226], [13.273647573395984, 52.671456956016705]]}, "properties": {"length": 15.44}}, {"type": "Feature", "geometry": {"type": "LineString", "coordinates": [[13.273570052030859, 52.671411606042255], [13.272879997798185, 52.671199341563]]}, "properties": {"length": 52.35}}, {"type": "Feature", "geometry": {"type": "LineString", "coordinates": [[13.272742048415342, 52.67124919301608], [13.271925937879164, 52.67154410939822]]}, "properties": {"length": 64.26}}, {"type": "Feature", "geometry": {"type": "LineString", "coordinates": [[13.271843084663606, 52.671619205219095], [13.2722447629122, 52.67191453977697]]}, "properties": {"length": 42.67}}, {"type": "Feature", "geometry": {"type": "LineString", "coordinates": [[13.272866721180954, 52.672361026589094], [13.273419876056744, 52.67261981560671]]}, "properties": {"length": 47.25}}, {"type": "Feature", "geometry": {"type": "LineString", "coordinates": [[13.273771658437118, 52.6727201200982], [13.274493473991106, 52.672195153634135]]}, "properties": {"length": 76.18}}, {"type": "Feature", "geometry": {"type": "LineString", "coordinates": [[13.274543800932834, 52.67216157902188], [13.275221067391131, 52.671828168321596]]}, "properties": {"length": 58.99}}, {"type": "Feature", "geometry": {"type": "LineString", "coordinates": [[13.268251283657998, 52.66874476420526], [13.268366153002674, 52.66872829343756]]}, "properties": {"length": 7.99}}, {"type": "Feature", "geometry": {"type": "LineString", "coordinates": [[13.268367275196534, 52.66872813252897], [13.268735503559274, 52.66870957001405]]}, "properties": {"length": 25.01}}, {"type": "Feature", "geometry": {"type": "LineString", "coordinates": [[13.268786845580053, 52.668765967009286], [13.269035082557489, 52.6690355318022]]}, "properties": {"length": 34.4}}, {"type": "Feature", "geometry": {"type": "LineString", "coordinates": [[13.259467770426834, 52.67477596055624], [13.259169543118235, 52.674643272340816]]}, "properties": {"length": 25.01}}, {"type": "Feature", "geometry": {"type": "LineString", "coordinates": [[13.258546717573726, 52.67013811533435], [13.2571896246665, 52.66978857661819]]}, "properties": {"length": 99.77}}, {"type": "Feature", "geometry": {"type": "LineString", "coordinates": [[13.257036313899965, 52.66975329065522], [13.256237268746622, 52.66974590188663]]}, "properties": {"length": 54.09}}, {"type": "Feature", "geometry": {"type": "LineString", "coordinates": [[13.259575450555507, 52.670415771723995], [13.258733260584751, 52.67048722925844]]}, "properties": {"length": 57.56}}, {"type": "Feature", "geometry": {"type": "LineString", "coordinates": [[13.26064649570648, 52.67097555628841], [13.260662814758907, 52.67113389828127]]}, "properties": {"length": 17.67}}, {"type": "Feature", "geometry": {"type": "LineString", "coordinates": [[13.260663464025887, 52.67114019801787], [13.260694646950181, 52.671442758350146]]}, "properties": {"length": 33.76}}, {"type": "Feature", "geometry": {"type": "LineString", "coordinates": [[13.25988102269727, 52.67071681314668], [13.260087742225036, 52.67070119082527]]}, "properties": {"length": 14.1}}, {"type": "Feature", "geometry": {"type": "LineString", "coordinates": [[13.260263168040309, 52.670687083619384], [13.260400768205201, 52.670676665482596]]}, "properties": {"length": 9.39}}, {"type": "Feature", "geometry": {"type": "LineString", "coordinates": [[13.260596906011394, 52.67100655289599], [13.26060717057472, 52.671101004466834]]}, "properties": {"length": 10.54}}, {"type": "Feature", "geometry": {"type": "LineString", "coordinates": [[13.260614739944444, 52.671170655307314], [13.260624673489874, 52.6712631018492]]}, "properties": {"length": 10.32}}, {"type": "Feature", "geometry": {"type": "LineString", "coordinates": [[13.2604627333084, 52.67155882151729], [13.259908105821474, 52.67158202564089]]}, "properties": {"length": 37.63}}, {"type": "Feature", "geometry": {"type": "LineString", "coordinates": [[13.252367911624896, 52.67131553072556], [13.252380405548653, 52.67132470500293]]}, "properties": {"length": 1.33}}, {"type": "Feature", "geometry": {"type": "LineString", "coordinates": [[13.253553124269656, 52.67201844791182], [13.253919257663766, 52.67197189364071]]}, "properties": {"length": 25.32}}, {"type": "Feature", "geometry": {"type": "LineString", "coordinates": [[13.253947541613332, 52.671956866951334], [13.254982523756402, 52.67085374346174]]}, "properties": {"length": 141.4}}, {"type": "Feature", "geometry": {"type": "LineString", "coordinates": [[13.257324504214884, 52.67204734587011], [13.256885576697746, 52.672189868351204]]}, "properties": {"length": 33.68}}, {"type": "Feature", "geometry": {"type": "LineString", "coordinates": [[13.256860167041781, 52.672198118946525], [13.25675647473043, 52.672231788078896]]}, "properties": {"length": 7.96}}, {"type": "Feature", "geometry": {"type": "LineString", "coordinates": [[13.256550976555499, 52.67229932419547], [13.256489219963608, 52.672319653382054]]}, "properties": {"length": 4.75}}, {"type": "Feature", "geometry": {"type": "LineString", "coordinates": [[13.255529673452676, 52.67280478680949], [13.25570300701813, 52.67293459382499]]}, "properties": {"length": 18.62}}, {"type": "Feature", "geometry": {"type": "LineString", "coordinates": [[13.255742617077484, 52.67295543936789], [13.255785853824422, 52.672975651105595]]}, "properties": {"length": 3.69}}, {"type": "Feature", "geometry": {"type": "LineString", "coordinates": [[13.255858850845698, 52.67300803854482], [13.25586969356663, 52.6730128492531]]}, "properties": {"length": 0.91}}, {"type": "Feature", "geometry": {"type": "LineString", "coordinates": [[13.255916987969433, 52.67303383285222], [13.255953533473841, 52.67305004734861]]}, "properties": {"length": 3.06}}, {"type": "Feature", "geometry": {"type": "LineString", "coordinates": [[13.255975125149098, 52.67305962712424], [13.256033262408558, 52.673085421371454]]}, "properties": {"length": 4.87}}, {"type": "Feature", "geometry": {"type": "LineString", "coordinates": [[13.256037373522183, 52.673087245381566], [13.256091399723955, 52.6731112155833]]}, "properties": {"length": 4.53}}, {"type": "Feature", "geometry": {"type": "LineString", "coordinates": [[13.256281037619518, 52.673195353209785], [13.256902017002202, 52.6732812650204]]}, "properties": {"length": 43.11}}, {"type": "Feature", "geometry": {"type": "LineString", "coordinates": [[13.256914274451637, 52.67327725254751], [13.257087744415069, 52.6732204669878]]}, "properties": {"length": 13.34}}, {"type": "Feature", "geometry": {"type": "LineString", "coordinates": [[13.257105245800622, 52.673214737870374], [13.257330075127273, 52.67314113913219]]}, "properties": {"length": 17.28}}, {"type": "Feature", "geometry": {"type": "LineString", "coordinates": [[13.257334871838873, 52.673139568903096], [13.257751364055002, 52.67300322680152]]}, "properties": {"length": 32.02}}, {"type": "Feature", "geometry": {"type": "LineString", "coordinates": [[13.25788762832849, 52.67295861909156], [13.25901334858633, 52.67267549624115]]}, "properties": {"length": 82.46}}, {"type": "Feature", "geometry": {"type": "LineString", "coordinates": [[13.259040931770889, 52.67266949154975], [13.259191189557738, 52.67263012146307]]}, "properties": {"length": 11.07}}, {"type": "Feature", "geometry": {"type": "LineString", "coordinates": [[13.259021947257173, 52.67215705662153], [13.259015091700151, 52.672137893779336]]}, "properties": {"length": 2.18}}, {"type": "Feature", "geometry": {"type": "LineString", "coordinates": [[13.256996947500367, 52.67246319182309], [13.257016459362125, 52.67246453700804]]}, "properties": {"length": 1.33}}, {"type": "Feature", "geometry": {"type": "LineString", "coordinates": [[13.265007671176924, 52.651416789008266], [13.26497578052258, 52.651449536858145]]}, "properties": {"length": 4.24}}, {"type": "Feature", "geometry": {"type": "LineString", "coordinates": [[13.264374161273636, 52.651996217607184], [13.2637823057906, 52.65227911186662]]}, "properties": {"length": 50.98}}, {"type": "Feature", "geometry": {"type": "LineString", "coordinates": [[13.286159767813505, 52.65551813854541], [13.286261938298074, 52.6564918774809]]}, "properties": {"length": 108.65}}, {"type": "Feature", "geometry": {"type": "LineString", "coordinates": [[13.255589399995499, 52.67953532005205], [13.255540058419315, 52.67955306503382]]}, "properties": {"length": 3.88}}, {"type": "Feature", "geometry": {"type": "LineString", "coordinates": [[13.257158342183097, 52.67896913145717], [13.257104793477788, 52.67898825961921]]}, "properties": {"length": 4.2}}, {"type": "Feature", "geometry": {"type": "LineString", "coordinates": [[13.257331424492415, 52.67890716276197], [13.257283375837792, 52.67892438328733]]}, "properties": {"length": 3.77}}, {"type": "Feature", "geometry": {"type": "LineString", "coordinates": [[13.257250220835997, 52.67893626594337], [13.257215896885524, 52.67894856753086]]}, "properties": {"length": 2.7}}, {"type": "Feature", "geometry": {"type": "LineString", "coordinates": [[13.250232755005037, 52.67542821689971], [13.250204192967606, 52.675430186695394]]}, "properties": {"length": 1.95}}, {"type": "Feature", "geometry": {"type": "LineString", "coordinates": [[13.25017463261915, 52.67535428802058], [13.250174796724165, 52.675359798998294]]}, "properties": {"length": 0.61}}, {"type": "Feature", "geometry": {"type": "LineString", "coordinates": [[13.251869263603707, 52.67944523942006], [13.251993792146209, 52.67945159354105]]}, "properties": {"length": 8.46}}, {"type": "Feature", "geometry": {"type": "LineString", "coordinates": [[13.252144072855025, 52.67941251315715], [13.252077371245337, 52.679414092150964]]}, "properties": {"length": 4.52}}, {"type": "Feature", "geometry": {"type": "LineString", "coordinates": [[13.252404626201585, 52.679312442092446], [13.252471556481773, 52.67928793564432]]}, "properties": {"length": 5.29}}, {"type": "Feature", "geometry": {"type": "LineString", "coordinates": [[13.261490119733734, 52.66475406689276], [13.261516489132577, 52.66478450379269]]}, "properties": {"length": 3.83}}]}